#separator \x09
#set_separator	,
#empty_field	(empty)
#unset_field	-
#path	dhcp
#open	2026-04-16-04-14-08
#fields	ts	uids	client_addr	server_addr	mac	host_name	client_fqdn	domain	requested_addr	assigned_addr	lease_time	client_message	server_message	msg_types	duration	client_software	server_software
#types	time	set[string]	addr	addr	string	string	string	string	addr	addr	interval	string	string	vector[string]	interval	string	string
1776309238.512273	CYorgf1QjuxEieekbb	-	-	8e:10:1f:69:80:65	whmcs42417443	-	-	-	-	-	-	-	DISCOVER	0.000000	-	-
1776309241.107919	CYorgf1QjuxEieekbb	-	-	8e:10:1f:69:80:f1	whmcs24136958	-	-	-	-	-	-	-	DISCOVER	0.000000	-	-
1776309245.505200	CYorgf1QjuxEieekbb	-	-	8e:10:1f:69:80:b7	whmcs22994531	-	-	-	-	-	-	-	DISCOVER	0.000000	-	-
1776309240.332844	CYorgf1QjuxEieekbb	-	-	8e:10:1f:69:80:0c	nocqtsc-vps	-	-	-	-	-	-	-	DISCOVER	0.000000	-	-
1776309244.944733	CYorgf1QjuxEieekbb	-	-	8e:10:1f:69:80:4e	appginivn	-	-	-	-	-	-	-	DISCOVER	0.000000	-	-
1776309240.548938	CYorgf1QjuxEieekbb	-	-	8e:10:1f:69:80:6f	-	\x03git\x0ateknixcorp\x03com\x00	-	-	-	-	-	-	DISCOVER	0.000000	-	-
1776309244.102468	CYorgf1QjuxEieekbb	-	-	8e:10:1f:69:80:36	whmcs167244	-	-	-	-	-	-	-	DISCOVER	0.000000	-	-
1776309245.343562	CYorgf1QjuxEieekbb	-	-	8e:10:1f:69:80:df	ubuntu	-	-	-	-	-	-	-	DISCOVER	0.000000	-	-
1776309241.733618	CYorgf1QjuxEieekbb	-	-	8e:10:1f:69:80:d1	THTAX-SD	-	-	-	-	-	-	-	DISCOVER	0.000000	-	-
1776309248.364857	CYorgf1QjuxEieekbb	-	-	8e:10:1f:69:80:af	-	\x04wiki\x0ateknixcorp\x03com\x00	-	-	-	-	-	-	DISCOVER	0.000000	-	-
1776309241.078699	CYorgf1QjuxEieekbb	-	-	8e:10:1f:69:80:26	whmcs44107513	-	-	-	-	-	-	-	DISCOVER	0.000000	-	-
1776309251.834824	CYorgf1QjuxEieekbb	-	-	8e:10:1f:69:80:06	whmcs39566799	-	-	-	-	-	-	-	DISCOVER	0.000000	-	-
1776309249.979728	CYorgf1QjuxEieekbb	-	-	8e:10:1f:69:80:e7	whmcs28096886	-	-	-	-	-	-	-	DISCOVER	0.000000	-	-
1776309254.276914	CYorgf1QjuxEieekbb	-	-	8e:10:1f:69:80:d7	whmcs33587167	-	-	-	-	-	-	-	DISCOVER	0.000000	-	-
1776309253.877871	CYorgf1QjuxEieekbb	-	-	8e:10:1f:69:80:aa	whmcs40257565	-	-	-	-	-	-	-	DISCOVER	0.000000	-	-
1776309258.513575	CYorgf1QjuxEieekbb	-	-	8e:10:1f:69:80:c2	whmcs167551	-	-	-	-	-	-	-	DISCOVER	0.000000	-	-
1776309250.524578	CYorgf1QjuxEieekbb	-	-	8e:10:1f:69:80:8d	whmcs43867470	-	-	-	-	-	-	-	DISCOVER	0.000000	-	-
1776309256.436173	CYorgf1QjuxEieekbb	-	-	8e:10:1f:69:80:4b	whmcs39797117	-	-	-	-	-	-	-	DISCOVER	0.000000	-	-
1776309257.074044	CYorgf1QjuxEieekbb	-	-	8e:10:1f:69:80:5b	whmcs40256875	-	-	-	-	-	-	-	DISCOVER	0.000000	-	-
1776309258.564359	CYorgf1QjuxEieekbb	-	-	8e:10:1f:69:80:66	whmcs40676947	-	-	-	-	-	-	-	DISCOVER	0.000000	-	-
1776309239.193934	CYorgf1QjuxEieekbb	-	-	8e:10:1f:69:70:da	ns6.vnso.vn	-	-	-	-	-	-	-	DISCOVER,DISCOVER	15.499280	-	-
1776309249.187326	CYorgf1QjuxEieekbb	-	-	8e:10:1f:69:80:44	whmcs44637589	-	-	-	-	-	-	-	DISCOVER	0.000000	-	-
1776309254.990732	CYorgf1QjuxEieekbb	-	-	8e:10:1f:69:80:01	whmcs40257536	-	-	-	-	-	-	-	DISCOVER	0.000000	-	-
1776309255.658446	CYorgf1QjuxEieekbb	-	-	8e:10:1f:69:80:f0	whmcs38467355	-	-	-	-	-	-	-	DISCOVER	0.000000	-	-
1776309250.495558	CYorgf1QjuxEieekbb	-	-	8e:10:1f:69:80:c6	whmcs40537445	-	-	-	-	-	-	-	DISCOVER	0.000000	-	-
1776309256.800037	CYorgf1QjuxEieekbb	-	-	8e:10:1f:69:80:a8	whmcs38346797	-	-	-	-	-	-	-	DISCOVER	0.000000	-	-
1776309260.627883	CYorgf1QjuxEieekbb	-	-	8e:10:1f:69:80:3a	whmcs44007497	-	-	-	-	-	-	-	DISCOVER	0.000000	-	-
1776309265.491731	CYorgf1QjuxEieekbb	-	-	8e:10:1f:69:80:d0	whmcs35047158	-	-	-	-	-	-	-	DISCOVER	0.000000	-	-
1776309261.464450	CYorgf1QjuxEieekbb	-	-	8e:10:1f:69:80:34	whmcs44107515	-	-	-	-	-	-	-	DISCOVER	0.000000	-	-
1776309259.034761	CYorgf1QjuxEieekbb	-	-	8e:10:1f:69:80:4c	whmcs42037223	-	-	-	-	-	-	-	DISCOVER	0.000000	-	-
1776309267.978339	CYorgf1QjuxEieekbb	-	-	8e:10:1f:69:80:bc	whmcs33376906	-	-	-	-	-	-	-	DISCOVER	0.000000	-	-
1776309259.023922	CYorgf1QjuxEieekbb	-	-	8e:10:1f:69:80:9e	-	\x06miso88\x03com\x00	-	-	-	-	-	-	DISCOVER	0.000000	-	-
1776309264.778065	CYorgf1QjuxEieekbb	-	-	8e:10:1f:69:80:ee	whmcs22995971	-	-	-	-	-	-	-	DISCOVER	0.000000	-	-
1776309262.311839	CYorgf1QjuxEieekbb	-	-	8e:10:1f:69:80:0e	-	\x04mail\x0ayourdomain\x03com\x00	-	-	-	-	-	-	DISCOVER	0.000000	-	-
1776309266.919691	CYorgf1QjuxEieekbb	-	-	8e:10:1f:69:80:b9	whmcs35432	-	-	-	-	-	-	-	DISCOVER	0.000000	-	-
1776309263.553169	CYorgf1QjuxEieekbb	-	-	8e:10:1f:69:80:6b	whmcs17857421	-	-	-	-	-	-	-	DISCOVER	0.000000	-	-
1776309260.061974	CYorgf1QjuxEieekbb	-	-	8e:10:1f:69:80:88	whmcs42467409	-	-	-	-	-	-	-	DISCOVER	0.000000	-	-
1776309272.460653	CYorgf1QjuxEieekbb	-	-	8e:10:1f:69:80:54	whmcs42467323	-	-	-	-	-	-	-	DISCOVER	0.000000	-	-
1776309278.232371	CYorgf1QjuxEieekbb	-	-	8e:10:1f:69:80:52	whmcs30985006	-	-	-	-	-	-	-	DISCOVER	0.000000	-	-
1776309269.712688	CYorgf1QjuxEieekbb	-	-	8e:10:1f:69:80:8e	whmcs39656794	-	-	-	-	-	-	-	DISCOVER	0.000000	-	-
1776309272.534823	CYorgf1QjuxEieekbb	-	-	8e:10:1f:69:80:18	-	\x04mail\x06miso88\x02in\x00	-	-	-	-	-	-	DISCOVER	0.000000	-	-
1776309276.459367	CYorgf1QjuxEieekbb	-	-	8e:10:1f:69:80:31	whmcs38467357	-	-	-	-	-	-	-	DISCOVER	0.000000	-	-
1776309274.908050	CYorgf1QjuxEieekbb	-	-	8e:10:1f:69:80:70	whmcs35849	-	-	-	-	-	-	-	DISCOVER	0.000000	-	-
1776309277.250811	CYorgf1QjuxEieekbb	-	-	8e:10:1f:69:80:81	ubuntu	-	-	-	-	-	-	-	DISCOVER	0.000000	-	-
1776309269.270874	CYorgf1QjuxEieekbb	-	-	8e:10:1f:69:70:da	ns6.vnso.vn	-	-	-	-	-	-	-	DISCOVER,DISCOVER	9.229612	-	-
1776309277.565326	CYorgf1QjuxEieekbb	-	-	8e:10:1f:69:80:a4	whmcs39856890	-	-	-	-	-	-	-	DISCOVER	0.000000	-	-
1776309274.947636	CYorgf1QjuxEieekbb	-	-	8e:10:1f:69:80:69	whmcs36097603	-	-	-	-	-	-	-	DISCOVER	0.000000	-	-
1776309273.539095	CYorgf1QjuxEieekbb	-	-	8e:10:1f:69:80:dd	whmcs30547169	-	-	-	-	-	-	-	DISCOVER	0.000000	-	-
1776309272.845245	CYorgf1QjuxEieekbb	-	-	8e:10:1f:69:80:80	whmcs38347220	-	-	-	-	-	-	-	DISCOVER	0.000000	-	-
1776309274.033092	CYorgf1QjuxEieekbb	-	-	8e:10:1f:69:80:f4	whmcs33586910	-	-	-	-	-	-	-	DISCOVER	0.000000	-	-
1776309276.355632	CYorgf1QjuxEieekbb	-	-	8e:10:1f:69:80:12	whmcs45037605	-	-	-	-	-	-	-	DISCOVER	0.000000	-	-
1776309275.500267	CYorgf1QjuxEieekbb	-	-	8e:10:1f:69:80:76	whmcs28096887	-	-	-	-	-	-	-	DISCOVER	0.000000	-	-
1776309278.875158	CYorgf1QjuxEieekbb	-	-	8e:10:1f:69:80:4f	whmcs42467292	-	-	-	-	-	-	-	DISCOVER	0.000000	-	-
1776309281.186157	CYorgf1QjuxEieekbb	-	-	8e:10:1f:69:80:1c	whmcs43867538	-	-	-	-	-	-	-	DISCOVER	0.000000	-	-
1776309284.242558	CYorgf1QjuxEieekbb	-	-	8e:10:1f:69:80:a0	-	\x07project\x0ateknixcorp\x03com\x00	-	-	-	-	-	-	DISCOVER	0.000000	-	-
1776309283.992723	CYorgf1QjuxEieekbb	-	-	8e:10:1f:69:80:63	whmcs39996845	-	-	-	-	-	-	-	DISCOVER	0.000000	-	-
1776309279.057853	CYorgf1QjuxEieekbb	-	-	8e:10:1f:69:80:b4	whmcs38346614	-	-	-	-	-	-	-	DISCOVER	0.000000	-	-
1776309281.698552	CYorgf1QjuxEieekbb	-	-	8e:10:1f:69:80:e5	whmcs33466917	-	-	-	-	-	-	-	DISCOVER	0.000000	-	-
1776309279.295456	CYorgf1QjuxEieekbb	-	-	8e:10:1f:69:80:5f	whmcs43727450	-	-	-	-	-	-	-	DISCOVER	0.000000	-	-
1776309286.857791	CYorgf1QjuxEieekbb	-	-	8e:10:1f:69:80:83	whmcs45047608	-	-	-	-	-	-	-	DISCOVER	0.000000	-	-
1776309279.750794	CYorgf1QjuxEieekbb	-	-	8e:10:1f:69:80:09	whmcs15397050	-	-	-	-	-	-	-	DISCOVER	0.000000	-	-
1776309280.171702	CYorgf1QjuxEieekbb	-	-	8e:10:1f:69:80:68	whmcs17857335	-	-	-	-	-	-	-	DISCOVER	0.000000	-	-
1776309279.618163	CYorgf1QjuxEieekbb	-	-	8e:10:1f:69:80:a5	whmcs44107514	-	-	-	-	-	-	-	DISCOVER	0.000000	-	-
1776309285.165038	CYorgf1QjuxEieekbb	-	-	8e:10:1f:69:80:e4	-	\x08hostname\x06domain\x03tld\x00	-	-	-	-	-	-	DISCOVER	0.000000	-	-
1776309283.774099	CYorgf1QjuxEieekbb	-	-	8e:10:1f:69:80:38	whmcs33376861	-	-	-	-	-	-	-	DISCOVER	0.000000	-	-
1776309288.831519	CGNtwk2bI9bf3enFDi	103.98.152.58	-	8e:10:1f:69:80:37	desktop5843	-	-	-	-	-	-	-	INFORM	0.000000	MSFT 5.0	-
1776309283.293720	CYorgf1QjuxEieekbb	-	-	8e:10:1f:69:80:14	whmcs38467356	-	-	-	-	-	-	-	DISCOVER	0.000000	-	-
1776309291.105991	CYorgf1QjuxEieekbb	-	-	8e:10:1f:69:80:8f	whmcs17857422	-	-	-	-	-	-	-	DISCOVER	0.000000	-	-
1776309291.781619	CYorgf1QjuxEieekbb	-	-	8e:10:1f:69:80:0b	whmcs44727578	-	-	-	-	-	-	-	DISCOVER	0.000000	-	-
1776309291.881627	CYorgf1QjuxEieekbb	-	-	8e:10:1f:69:70:da	ns6.vnso.vn	-	-	-	-	-	-	-	DISCOVER,DISCOVER	10.487258	-	-
1776309298.765716	CYorgf1QjuxEieekbb	-	-	8e:10:1f:69:80:7a	whmcs35046180	-	-	-	-	-	-	-	DISCOVER	0.000000	-	-
1776309290.831546	CYorgf1QjuxEieekbb	-	-	8e:10:1f:69:80:c5	whmcs38466921	-	-	-	-	-	-	-	DISCOVER	0.000000	-	-
1776309296.401210	CYorgf1QjuxEieekbb	-	-	8e:10:1f:69:80:93	citymind	-	-	-	-	-	-	-	DISCOVER	0.000000	-	-
1776309291.937228	CYorgf1QjuxEieekbb	-	-	8e:10:1f:69:80:5c	whmcs44557592	-	-	-	-	-	-	-	DISCOVER	0.000000	-	-
1776309290.965812	CYorgf1QjuxEieekbb	-	-	8e:10:1f:69:80:ef	whmcs7436262	-	-	-	-	-	-	-	DISCOVER	0.000000	-	-
1776309298.028487	CYorgf1QjuxEieekbb	-	-	8e:10:1f:69:80:a9	BTG-HAPROXY	-	-	-	-	-	-	-	DISCOVER	0.000000	-	-
1776309297.698441	CYorgf1QjuxEieekbb	-	-	8e:10:1f:69:80:d2	whmcs33587038	-	-	-	-	-	-	-	DISCOVER	0.000000	-	-
1776309298.921361	CYorgf1QjuxEieekbb	-	-	8e:10:1f:69:80:82	Sagrifood	-	-	-	-	-	-	-	DISCOVER	0.000000	-	-
1776309294.629919	CYorgf1QjuxEieekbb	-	-	8e:10:1f:69:80:95	whmcs17857365	-	-	-	-	-	-	-	DISCOVER	0.000000	-	-
1776309289.548130	CYorgf1QjuxEieekbb	-	-	8e:10:1f:69:80:51	whmcs38346804	-	-	-	-	-	-	-	DISCOVER	0.000000	-	-
1776309289.554561	CYorgf1QjuxEieekbb	-	-	8e:10:1f:69:80:32	whmcs43867554	-	-	-	-	-	-	-	DISCOVER	0.000000	-	-
1776309292.059822	CYorgf1QjuxEieekbb	-	-	8e:10:1f:69:80:94	watersense	-	-	-	-	-	-	-	DISCOVER	0.000000	-	-
1776309305.476378	CYorgf1QjuxEieekbb	-	-	8e:10:1f:69:80:f1	whmcs24136958	-	-	-	-	-	-	-	DISCOVER	0.000000	-	-
1776309308.831044	CYorgf1QjuxEieekbb	-	-	8e:10:1f:69:80:4e	appginivn	-	-	-	-	-	-	-	DISCOVER	0.000000	-	-
1776309302.511686	CYorgf1QjuxEieekbb	-	-	8e:10:1f:69:80:65	whmcs42417443	-	-	-	-	-	-	-	DISCOVER	0.000000	-	-
1776309300.844133	CYorgf1QjuxEieekbb	-	-	8e:10:1f:69:80:53	whmcs35046397	-	-	-	-	-	-	-	DISCOVER	0.000000	-	-
1776309308.769741	CYorgf1QjuxEieekbb	-	-	8e:10:1f:69:80:df	ubuntu	-	-	-	-	-	-	-	DISCOVER	0.000000	-	-
1776309304.767111	CYorgf1QjuxEieekbb	-	-	8e:10:1f:69:80:26	whmcs44107513	-	-	-	-	-	-	-	DISCOVER	0.000000	-	-
1776309303.851853	CYorgf1QjuxEieekbb	-	-	8e:10:1f:69:80:0c	nocqtsc-vps	-	-	-	-	-	-	-	DISCOVER	0.000000	-	-
1776309305.270538	CYorgf1QjuxEieekbb	-	-	8e:10:1f:69:80:6f	-	\x03git\x0ateknixcorp\x03com\x00	-	-	-	-	-	-	DISCOVER	0.000000	-	-
1776309304.977098	CYorgf1QjuxEieekbb	-	-	8e:10:1f:69:80:d1	THTAX-SD	-	-	-	-	-	-	-	DISCOVER	0.000000	-	-
1776309309.450795	CYorgf1QjuxEieekbb	-	-	8e:10:1f:69:80:b7	whmcs22994531	-	-	-	-	-	-	-	DISCOVER	0.000000	-	-
1776309316.928542	CYorgf1QjuxEieekbb	-	-	8e:10:1f:69:80:aa	whmcs40257565	-	-	-	-	-	-	-	DISCOVER	0.000000	-	-
1776309313.920428	CYorgf1QjuxEieekbb	-	-	8e:10:1f:69:80:8d	whmcs43867470	-	-	-	-	-	-	-	DISCOVER	0.000000	-	-
1776309313.547098	CYorgf1QjuxEieekbb	-	-	8e:10:1f:69:80:44	whmcs44637589	-	-	-	-	-	-	-	DISCOVER	0.000000	-	-
1776309309.046112	CYorgf1QjuxEieekbb	-	-	8e:10:1f:69:80:36	whmcs167244	-	-	-	-	-	-	-	DISCOVER	0.000000	-	-
1776309313.000897	CYorgf1QjuxEieekbb	-	-	8e:10:1f:69:80:af	-	\x04wiki\x0ateknixcorp\x03com\x00	-	-	-	-	-	-	DISCOVER	0.000000	-	-
1776309313.793710	CYorgf1QjuxEieekbb	-	-	8e:10:1f:69:80:e7	whmcs28096886	-	-	-	-	-	-	-	DISCOVER	0.000000	-	-
1776309315.938357	CYorgf1QjuxEieekbb	-	-	8e:10:1f:69:80:06	whmcs39566799	-	-	-	-	-	-	-	DISCOVER	0.000000	-	-
1776309317.831571	CYorgf1QjuxEieekbb	-	-	8e:10:1f:69:80:d7	whmcs33587167	-	-	-	-	-	-	-	DISCOVER	0.000000	-	-
1776309314.283655	CYorgf1QjuxEieekbb	-	-	8e:10:1f:69:80:c6	whmcs40537445	-	-	-	-	-	-	-	DISCOVER	0.000000	-	-
1776309324.999095	CYorgf1QjuxEieekbb	-	-	8e:10:1f:69:80:34	whmcs44107515	-	-	-	-	-	-	-	DISCOVER	0.000000	-	-
1776309322.622432	CYorgf1QjuxEieekbb	-	-	8e:10:1f:69:80:c2	whmcs167551	-	-	-	-	-	-	-	DISCOVER	0.000000	-	-
1776309320.357569	CYorgf1QjuxEieekbb	-	-	8e:10:1f:69:80:4b	whmcs39797117	-	-	-	-	-	-	-	DISCOVER	0.000000	-	-
1776309321.848511	CYorgf1QjuxEieekbb	-	-	8e:10:1f:69:80:5b	whmcs40256875	-	-	-	-	-	-	-	DISCOVER	0.000000	-	-
1776309322.446306	CYorgf1QjuxEieekbb	-	-	8e:10:1f:69:80:4c	whmcs42037223	-	-	-	-	-	-	-	DISCOVER	0.000000	-	-
1776309323.327127	CYorgf1QjuxEieekbb	-	-	8e:10:1f:69:80:66	whmcs40676947	-	-	-	-	-	-	-	DISCOVER	0.000000	-	-
1776309310.856185	CYorgf1QjuxEieekbb	-	-	8e:10:1f:69:70:da	ns6.vnso.vn	-	-	-	-	-	-	-	DISCOVER,DISCOVER	12.551171	-	-
1776309326.334931	CYorgf1QjuxEieekbb	-	-	8e:10:1f:69:80:0e	-	\x04mail\x0ayourdomain\x03com\x00	-	-	-	-	-	-	DISCOVER	0.000000	-	-
1776309328.095186	CYorgf1QjuxEieekbb	-	-	8e:10:1f:69:80:6b	whmcs17857421	-	-	-	-	-	-	-	DISCOVER	0.000000	-	-
1776309321.713028	CYorgf1QjuxEieekbb	-	-	8e:10:1f:69:80:a8	whmcs38346797	-	-	-	-	-	-	-	DISCOVER	0.000000	-	-
1776309325.467115	CYorgf1QjuxEieekbb	-	-	8e:10:1f:69:80:3a	whmcs44007497	-	-	-	-	-	-	-	DISCOVER	0.000000	-	-
1776309323.415771	CYorgf1QjuxEieekbb	-	-	8e:10:1f:69:80:9e	-	\x06miso88\x03com\x00	-	-	-	-	-	-	DISCOVER	0.000000	-	-
1776309319.044800	CYorgf1QjuxEieekbb	-	-	8e:10:1f:69:80:01	whmcs40257536	-	-	-	-	-	-	-	DISCOVER	0.000000	-	-
1776309328.816901	CYorgf1QjuxEieekbb	-	-	8e:10:1f:69:80:ee	whmcs22995971	-	-	-	-	-	-	-	DISCOVER	0.000000	-	-
1776309319.356265	CYorgf1QjuxEieekbb	-	-	8e:10:1f:69:80:f0	whmcs38467355	-	-	-	-	-	-	-	DISCOVER	0.000000	-	-
1776309323.364768	CYorgf1QjuxEieekbb	-	-	8e:10:1f:69:80:88	whmcs42467409	-	-	-	-	-	-	-	DISCOVER	0.000000	-	-
1776309336.767679	CYorgf1QjuxEieekbb	-	-	8e:10:1f:69:80:54	whmcs42467323	-	-	-	-	-	-	-	DISCOVER	0.000000	-	-
1776309329.782951	CYorgf1QjuxEieekbb	-	-	8e:10:1f:69:80:d0	whmcs35047158	-	-	-	-	-	-	-	DISCOVER	0.000000	-	-
1776309332.759533	CYorgf1QjuxEieekbb	-	-	8e:10:1f:69:80:8e	whmcs39656794	-	-	-	-	-	-	-	DISCOVER	0.000000	-	-
1776309337.879676	CYorgf1QjuxEieekbb,CpA4zsTG8AcFsLLlb,CaV8h33uDATjGdpvJa	103.98.152.197	103.98.152.254	8e:10:1f:69:80:c2	whmcs167551	-	-	103.98.152.197	103.98.152.197	1771200.000000	-	-	REQUEST,ACK,ACK	0.094826	-	-
1776309337.283266	CYorgf1QjuxEieekbb	-	-	8e:10:1f:69:80:18	-	\x04mail\x06miso88\x02in\x00	-	-	-	-	-	-	DISCOVER	0.000000	-	-
1776309335.928285	CYorgf1QjuxEieekbb	-	-	8e:10:1f:69:80:80	whmcs38347220	-	-	-	-	-	-	-	DISCOVER	0.000000	-	-
1776309336.777213	CYorgf1QjuxEieekbb	-	-	8e:10:1f:69:80:dd	whmcs30547169	-	-	-	-	-	-	-	DISCOVER	0.000000	-	-
1776309332.326569	CYorgf1QjuxEieekbb	-	-	8e:10:1f:69:80:bc	whmcs33376906	-	-	-	-	-	-	-	DISCOVER	0.000000	-	-
1776309337.500304	CYorgf1QjuxEieekbb	-	-	8e:10:1f:69:80:f4	whmcs33586910	-	-	-	-	-	-	-	DISCOVER	0.000000	-	-
1776309331.284334	CYorgf1QjuxEieekbb	-	-	8e:10:1f:69:80:b9	whmcs35432	-	-	-	-	-	-	-	DISCOVER	0.000000	-	-
1776309342.298745	CYorgf1QjuxEieekbb	-	-	8e:10:1f:69:80:52	whmcs30985006	-	-	-	-	-	-	-	DISCOVER	0.000000	-	-
1776309345.247474	CYorgf1QjuxEieekbb	-	-	8e:10:1f:69:80:1c	whmcs43867538	-	-	-	-	-	-	-	DISCOVER	0.000000	-	-
1776309340.749763	CYorgf1QjuxEieekbb	-	-	8e:10:1f:69:80:31	whmcs38467357	-	-	-	-	-	-	-	DISCOVER	0.000000	-	-
1776309339.153159	CYorgf1QjuxEieekbb	-	-	8e:10:1f:69:80:70	whmcs35849	-	-	-	-	-	-	-	DISCOVER	0.000000	-	-
1776309341.299965	CYorgf1QjuxEieekbb	-	-	8e:10:1f:69:80:81	ubuntu	-	-	-	-	-	-	-	DISCOVER	0.000000	-	-
1776309347.999172	CYorgf1QjuxEieekbb	-	-	8e:10:1f:69:80:a0	-	\x07project\x0ateknixcorp\x03com\x00	-	-	-	-	-	-	DISCOVER	0.000000	-	-
1776309343.042842	CYorgf1QjuxEieekbb	-	-	8e:10:1f:69:70:da	ns6.vnso.vn	-	-	-	-	-	-	-	DISCOVER	0.000000	-	-
1776309348.656499	CYorgf1QjuxEieekbb	-	-	8e:10:1f:69:80:63	whmcs39996845	-	-	-	-	-	-	-	DISCOVER	0.000000	-	-
1776309342.208536	CYorgf1QjuxEieekbb	-	-	8e:10:1f:69:80:a4	whmcs39856890	-	-	-	-	-	-	-	DISCOVER	0.000000	-	-
1776309343.388992	CYorgf1QjuxEieekbb	-	-	8e:10:1f:69:80:b4	whmcs38346614	-	-	-	-	-	-	-	DISCOVER	0.000000	-	-
1776309345.219986	CYorgf1QjuxEieekbb	-	-	8e:10:1f:69:80:e5	whmcs33466917	-	-	-	-	-	-	-	DISCOVER	0.000000	-	-
1776309344.253681	CYorgf1QjuxEieekbb	-	-	8e:10:1f:69:80:5f	whmcs43727450	-	-	-	-	-	-	-	DISCOVER	0.000000	-	-
1776309344.056520	CYorgf1QjuxEieekbb	-	-	8e:10:1f:69:80:09	whmcs15397050	-	-	-	-	-	-	-	DISCOVER	0.000000	-	-
1776309344.660422	CYorgf1QjuxEieekbb	-	-	8e:10:1f:69:80:68	whmcs17857335	-	-	-	-	-	-	-	DISCOVER	0.000000	-	-
1776309344.212339	CYorgf1QjuxEieekbb	-	-	8e:10:1f:69:80:a5	whmcs44107514	-	-	-	-	-	-	-	DISCOVER	0.000000	-	-
1776309339.495569	CYorgf1QjuxEieekbb	-	-	8e:10:1f:69:80:69	whmcs36097603	-	-	-	-	-	-	-	DISCOVER	0.000000	-	-
1776309346.793401	CYorgf1QjuxEieekbb	-	-	8e:10:1f:69:80:38	whmcs33376861	-	-	-	-	-	-	-	DISCOVER	0.000000	-	-
1776309340.323054	CYorgf1QjuxEieekbb	-	-	8e:10:1f:69:80:12	whmcs45037605	-	-	-	-	-	-	-	DISCOVER	0.000000	-	-
1776309340.208523	CYorgf1QjuxEieekbb	-	-	8e:10:1f:69:80:76	whmcs28096887	-	-	-	-	-	-	-	DISCOVER	0.000000	-	-
1776309342.437721	CYorgf1QjuxEieekbb	-	-	8e:10:1f:69:80:4f	whmcs42467292	-	-	-	-	-	-	-	DISCOVER	0.000000	-	-
1776309347.621482	CYorgf1QjuxEieekbb	-	-	8e:10:1f:69:80:14	whmcs38467356	-	-	-	-	-	-	-	DISCOVER	0.000000	-	-
1776309354.141027	CYorgf1QjuxEieekbb	-	-	8e:10:1f:69:80:8f	whmcs17857422	-	-	-	-	-	-	-	DISCOVER	0.000000	-	-
1776309356.395468	CYorgf1QjuxEieekbb	-	-	8e:10:1f:69:80:0b	whmcs44727578	-	-	-	-	-	-	-	DISCOVER	0.000000	-	-
1776309354.305030	CYorgf1QjuxEieekbb	-	-	8e:10:1f:69:80:c5	whmcs38466921	-	-	-	-	-	-	-	DISCOVER	0.000000	-	-
1776309355.343431	CYorgf1QjuxEieekbb	-	-	8e:10:1f:69:80:5c	whmcs44557592	-	-	-	-	-	-	-	DISCOVER	0.000000	-	-
1776309337.655835	CYorgf1QjuxEieekbb	-	-	8e:10:1f:69:80:c2	whmcs167551	-	-	-	-	-	-	-	DISCOVER,DISCOVER,DISCOVER,DISCOVER	15.541019	-	-
1776309354.685141	CYorgf1QjuxEieekbb	-	-	8e:10:1f:69:80:ef	whmcs7436262	-	-	-	-	-	-	-	DISCOVER	0.000000	-	-
1776309349.919174	CYorgf1QjuxEieekbb	-	-	8e:10:1f:69:80:83	whmcs45047608	-	-	-	-	-	-	-	DISCOVER	0.000000	-	-
1776309349.565977	CYorgf1QjuxEieekbb	-	-	8e:10:1f:69:80:e4	-	\x08hostname\x06domain\x03tld\x00	-	-	-	-	-	-	DISCOVER	0.000000	-	-
1776309358.334663	CYorgf1QjuxEieekbb	-	-	8e:10:1f:69:80:95	whmcs17857365	-	-	-	-	-	-	-	DISCOVER	0.000000	-	-
1776309354.221117	CYorgf1QjuxEieekbb	-	-	8e:10:1f:69:80:51	whmcs38346804	-	-	-	-	-	-	-	DISCOVER	0.000000	-	-
1776309354.241692	CYorgf1QjuxEieekbb	-	-	8e:10:1f:69:80:32	whmcs43867554	-	-	-	-	-	-	-	DISCOVER	0.000000	-	-
1776309356.995695	CYorgf1QjuxEieekbb	-	-	8e:10:1f:69:80:94	watersense	-	-	-	-	-	-	-	DISCOVER	0.000000	-	-
1776309362.052957	CYorgf1QjuxEieekbb	-	-	8e:10:1f:69:80:7a	whmcs35046180	-	-	-	-	-	-	-	DISCOVER	0.000000	-	-
1776309364.146965	CYorgf1QjuxEieekbb	-	-	8e:10:1f:69:70:da	ns6.vnso.vn	-	-	-	-	-	-	-	DISCOVER	0.000000	-	-
1776309366.423419	CYorgf1QjuxEieekbb	-	-	8e:10:1f:69:80:65	whmcs42417443	-	-	-	-	-	-	-	DISCOVER	0.000000	-	-
1776309359.929229	CYorgf1QjuxEieekbb	-	-	8e:10:1f:69:80:93	citymind	-	-	-	-	-	-	-	DISCOVER	0.000000	-	-
1776309368.723058	CYorgf1QjuxEieekbb	-	-	8e:10:1f:69:80:c2	whmcs167551	-	-	-	-	-	-	-	DISCOVER	0.000000	-	-
1776309361.082866	CYorgf1QjuxEieekbb	-	-	8e:10:1f:69:80:a9	BTG-HAPROXY	-	-	-	-	-	-	-	DISCOVER	0.000000	-	-
1776309364.140662	CYorgf1QjuxEieekbb	-	-	8e:10:1f:69:80:53	whmcs35046397	-	-	-	-	-	-	-	DISCOVER	0.000000	-	-
1776309362.361340	CYorgf1QjuxEieekbb	-	-	8e:10:1f:69:80:d2	whmcs33587038	-	-	-	-	-	-	-	DISCOVER	0.000000	-	-
1776309367.637868	CYorgf1QjuxEieekbb	-	-	8e:10:1f:69:80:0c	nocqtsc-vps	-	-	-	-	-	-	-	DISCOVER	0.000000	-	-
1776309362.569983	CYorgf1QjuxEieekbb	-	-	8e:10:1f:69:80:82	Sagrifood	-	-	-	-	-	-	-	DISCOVER	0.000000	-	-
1776309369.617448	CYorgf1QjuxEieekbb	-	-	8e:10:1f:69:80:f1	whmcs24136958	-	-	-	-	-	-	-	DISCOVER	0.000000	-	-
1776309372.592601	CYorgf1QjuxEieekbb	-	-	8e:10:1f:69:80:b7	whmcs22994531	-	-	-	-	-	-	-	DISCOVER	0.000000	-	-
1776309377.337745	CYorgf1QjuxEieekbb	-	-	8e:10:1f:69:80:8d	whmcs43867470	-	-	-	-	-	-	-	DISCOVER	0.000000	-	-
1776309372.333610	CYorgf1QjuxEieekbb	-	-	8e:10:1f:69:80:4e	appginivn	-	-	-	-	-	-	-	DISCOVER	0.000000	-	-
1776309378.159996	CYorgf1QjuxEieekbb	-	-	8e:10:1f:69:80:44	whmcs44637589	-	-	-	-	-	-	-	DISCOVER	0.000000	-	-
1776309374.042005	CYorgf1QjuxEieekbb	-	-	8e:10:1f:69:80:36	whmcs167244	-	-	-	-	-	-	-	DISCOVER	0.000000	-	-
1776309372.111928	CYorgf1QjuxEieekbb	-	-	8e:10:1f:69:80:df	ubuntu	-	-	-	-	-	-	-	DISCOVER	0.000000	-	-
1776309369.370543	CYorgf1QjuxEieekbb	-	-	8e:10:1f:69:80:26	whmcs44107513	-	-	-	-	-	-	-	DISCOVER	0.000000	-	-
1776309376.409439	CYorgf1QjuxEieekbb	-	-	8e:10:1f:69:80:af	-	\x04wiki\x0ateknixcorp\x03com\x00	-	-	-	-	-	-	DISCOVER	0.000000	-	-
1776309378.495525	CYorgf1QjuxEieekbb	-	-	8e:10:1f:69:80:e7	whmcs28096886	-	-	-	-	-	-	-	DISCOVER	0.000000	-	-
1776309370.080248	CYorgf1QjuxEieekbb	-	-	8e:10:1f:69:80:6f	-	\x03git\x0ateknixcorp\x03com\x00	-	-	-	-	-	-	DISCOVER	0.000000	-	-
1776309369.593456	CYorgf1QjuxEieekbb	-	-	8e:10:1f:69:80:d1	THTAX-SD	-	-	-	-	-	-	-	DISCOVER	0.000000	-	-
1776309378.879642	CYorgf1QjuxEieekbb	-	-	8e:10:1f:69:80:c6	whmcs40537445	-	-	-	-	-	-	-	DISCOVER	0.000000	-	-
1776309388.722805	CYorgf1QjuxEieekbb	-	-	8e:10:1f:69:80:34	whmcs44107515	-	-	-	-	-	-	-	DISCOVER	0.000000	-	-
1776309380.129044	CYorgf1QjuxEieekbb	-	-	8e:10:1f:69:80:aa	whmcs40257565	-	-	-	-	-	-	-	DISCOVER	0.000000	-	-
1776309384.118780	CYorgf1QjuxEieekbb	-	-	8e:10:1f:69:80:4b	whmcs39797117	-	-	-	-	-	-	-	DISCOVER	0.000000	-	-
1776309386.281301	CYorgf1QjuxEieekbb	-	-	8e:10:1f:69:80:5b	whmcs40256875	-	-	-	-	-	-	-	DISCOVER	0.000000	-	-
1776309387.172660	CYorgf1QjuxEieekbb	-	-	8e:10:1f:69:80:4c	whmcs42037223	-	-	-	-	-	-	-	DISCOVER	0.000000	-	-
1776309386.734360	CYorgf1QjuxEieekbb	-	-	8e:10:1f:69:80:66	whmcs40676947	-	-	-	-	-	-	-	DISCOVER	0.000000	-	-
1776309383.111541	CYorgf1QjuxEieekbb	-	-	8e:10:1f:69:70:da	ns6.vnso.vn	-	-	-	-	-	-	-	DISCOVER,DISCOVER	7.171007	-	-
1776309385.693757	CYorgf1QjuxEieekbb	-	-	8e:10:1f:69:80:a8	whmcs38346797	-	-	-	-	-	-	-	DISCOVER	0.000000	-	-
1776309380.405337	CYorgf1QjuxEieekbb	-	-	8e:10:1f:69:80:06	whmcs39566799	-	-	-	-	-	-	-	DISCOVER	0.000000	-	-
1776309382.350704	CYorgf1QjuxEieekbb	-	-	8e:10:1f:69:80:d7	whmcs33587167	-	-	-	-	-	-	-	DISCOVER	0.000000	-	-
1776309388.164422	CYorgf1QjuxEieekbb	-	-	8e:10:1f:69:80:9e	-	\x06miso88\x03com\x00	-	-	-	-	-	-	DISCOVER	0.000000	-	-
1776309382.300955	CYorgf1QjuxEieekbb	-	-	8e:10:1f:69:80:01	whmcs40257536	-	-	-	-	-	-	-	DISCOVER	0.000000	-	-
1776309382.901570	CYorgf1QjuxEieekbb	-	-	8e:10:1f:69:80:f0	whmcs38467355	-	-	-	-	-	-	-	DISCOVER	0.000000	-	-
1776309388.272005	CYorgf1QjuxEieekbb	-	-	8e:10:1f:69:80:88	whmcs42467409	-	-	-	-	-	-	-	DISCOVER	0.000000	-	-
1776309394.452771	CYorgf1QjuxEieekbb	-	-	8e:10:1f:69:80:d0	whmcs35047158	-	-	-	-	-	-	-	DISCOVER	0.000000	-	-
1776309395.851190	CYorgf1QjuxEieekbb	-	-	8e:10:1f:69:80:8e	whmcs39656794	-	-	-	-	-	-	-	DISCOVER	0.000000	-	-
1776309390.407556	CYorgf1QjuxEieekbb	-	-	8e:10:1f:69:80:0e	-	\x04mail\x0ayourdomain\x03com\x00	-	-	-	-	-	-	DISCOVER	0.000000	-	-
1776309392.830944	CYorgf1QjuxEieekbb	-	-	8e:10:1f:69:80:6b	whmcs17857421	-	-	-	-	-	-	-	DISCOVER	0.000000	-	-
1776309389.892913	CYorgf1QjuxEieekbb	-	-	8e:10:1f:69:80:3a	whmcs44007497	-	-	-	-	-	-	-	DISCOVER	0.000000	-	-
1776309395.559731	CYorgf1QjuxEieekbb	-	-	8e:10:1f:69:80:bc	whmcs33376906	-	-	-	-	-	-	-	DISCOVER	0.000000	-	-
1776309392.588251	CYorgf1QjuxEieekbb	-	-	8e:10:1f:69:80:ee	whmcs22995971	-	-	-	-	-	-	-	DISCOVER	0.000000	-	-
1776309395.455592	CYorgf1QjuxEieekbb	-	-	8e:10:1f:69:80:b9	whmcs35432	-	-	-	-	-	-	-	DISCOVER	0.000000	-	-
1776309387.517914	CYorgf1QjuxEieekbb	-	-	8e:10:1f:69:80:98	Voice-Gateway-01	-	-	-	-	-	-	-	DISCOVER,DISCOVER	5.712946	-	-
1776309400.128183	CYorgf1QjuxEieekbb	-	-	8e:10:1f:69:80:54	whmcs42467323	-	-	-	-	-	-	-	DISCOVER	0.000000	-	-
1776309405.337823	CYorgf1QjuxEieekbb	-	-	8e:10:1f:69:80:52	whmcs30985006	-	-	-	-	-	-	-	DISCOVER	0.000000	-	-
1776309401.274973	CYorgf1QjuxEieekbb	-	-	8e:10:1f:69:80:18	-	\x04mail\x06miso88\x02in\x00	-	-	-	-	-	-	DISCOVER	0.000000	-	-
1776309408.812535	CYorgf1QjuxEieekbb	-	-	8e:10:1f:69:80:1c	whmcs43867538	-	-	-	-	-	-	-	DISCOVER	0.000000	-	-
1776309404.307362	CYorgf1QjuxEieekbb	-	-	8e:10:1f:69:80:31	whmcs38467357	-	-	-	-	-	-	-	DISCOVER	0.000000	-	-
1776309403.396835	CYorgf1QjuxEieekbb	-	-	8e:10:1f:69:80:70	whmcs35849	-	-	-	-	-	-	-	DISCOVER	0.000000	-	-
1776309406.139195	CYorgf1QjuxEieekbb	-	-	8e:10:1f:69:80:81	ubuntu	-	-	-	-	-	-	-	DISCOVER	0.000000	-	-
1776309398.467395	CYorgf1QjuxEieekbb	-	-	8e:10:1f:69:70:da	ns6.vnso.vn	-	-	-	-	-	-	-	DISCOVER,DISCOVER	7.772570	-	-
1776309405.967612	CYorgf1QjuxEieekbb	-	-	8e:10:1f:69:80:a4	whmcs39856890	-	-	-	-	-	-	-	DISCOVER	0.000000	-	-
1776309400.434855	CYorgf1QjuxEieekbb	-	-	8e:10:1f:69:80:c2	whmcs167551	-	-	-	-	-	-	-	DISCOVER	0.000000	-	-
1776309407.818964	CYorgf1QjuxEieekbb	-	-	8e:10:1f:69:80:b4	whmcs38346614	-	-	-	-	-	-	-	DISCOVER	0.000000	-	-
1776309408.926725	CYorgf1QjuxEieekbb	-	-	8e:10:1f:69:80:e5	whmcs33466917	-	-	-	-	-	-	-	DISCOVER	0.000000	-	-
1776309408.217898	CYorgf1QjuxEieekbb	-	-	8e:10:1f:69:80:5f	whmcs43727450	-	-	-	-	-	-	-	DISCOVER	0.000000	-	-
1776309407.931183	CYorgf1QjuxEieekbb	-	-	8e:10:1f:69:80:09	whmcs15397050	-	-	-	-	-	-	-	DISCOVER	0.000000	-	-
1776309408.352217	CYorgf1QjuxEieekbb	-	-	8e:10:1f:69:80:68	whmcs17857335	-	-	-	-	-	-	-	DISCOVER	0.000000	-	-
1776309408.007679	CYorgf1QjuxEieekbb	-	-	8e:10:1f:69:80:a5	whmcs44107514	-	-	-	-	-	-	-	DISCOVER	0.000000	-	-
1776309402.689530	CYorgf1QjuxEieekbb	-	-	8e:10:1f:69:80:69	whmcs36097603	-	-	-	-	-	-	-	DISCOVER	0.000000	-	-
1776309399.522870	CYorgf1QjuxEieekbb	-	-	8e:10:1f:69:80:80	whmcs38347220	-	-	-	-	-	-	-	DISCOVER	0.000000	-	-
1776309400.274525	CYorgf1QjuxEieekbb	-	-	8e:10:1f:69:80:dd	whmcs30547169	-	-	-	-	-	-	-	DISCOVER	0.000000	-	-
1776309402.424020	CYorgf1QjuxEieekbb	-	-	8e:10:1f:69:80:f4	whmcs33586910	-	-	-	-	-	-	-	DISCOVER	0.000000	-	-
1776309405.257740	CYorgf1QjuxEieekbb	-	-	8e:10:1f:69:80:12	whmcs45037605	-	-	-	-	-	-	-	DISCOVER	0.000000	-	-
1776309404.659898	CYorgf1QjuxEieekbb	-	-	8e:10:1f:69:80:76	whmcs28096887	-	-	-	-	-	-	-	DISCOVER	0.000000	-	-
1776309406.713579	CYorgf1QjuxEieekbb	-	-	8e:10:1f:69:80:4f	whmcs42467292	-	-	-	-	-	-	-	DISCOVER	0.000000	-	-
1776309417.790782	CYorgf1QjuxEieekbb	-	-	8e:10:1f:69:80:8f	whmcs17857422	-	-	-	-	-	-	-	DISCOVER	0.000000	-	-
1776309411.653610	CYorgf1QjuxEieekbb	-	-	8e:10:1f:69:80:a0	-	\x07project\x0ateknixcorp\x03com\x00	-	-	-	-	-	-	DISCOVER	0.000000	-	-
1776309413.098860	CYorgf1QjuxEieekbb	-	-	8e:10:1f:69:80:63	whmcs39996845	-	-	-	-	-	-	-	DISCOVER	0.000000	-	-
1776309417.942337	CYorgf1QjuxEieekbb	-	-	8e:10:1f:69:80:c5	whmcs38466921	-	-	-	-	-	-	-	DISCOVER	0.000000	-	-
1776309418.642272	CYorgf1QjuxEieekbb	-	-	8e:10:1f:69:80:5c	whmcs44557592	-	-	-	-	-	-	-	DISCOVER	0.000000	-	-
1776309418.802880	CYorgf1QjuxEieekbb	-	-	8e:10:1f:69:80:ef	whmcs7436262	-	-	-	-	-	-	-	DISCOVER	0.000000	-	-
1776309414.925067	CYorgf1QjuxEieekbb	-	-	8e:10:1f:69:80:83	whmcs45047608	-	-	-	-	-	-	-	DISCOVER	0.000000	-	-
1776309413.698823	CYorgf1QjuxEieekbb	-	-	8e:10:1f:69:80:e4	-	\x08hostname\x06domain\x03tld\x00	-	-	-	-	-	-	DISCOVER	0.000000	-	-
1776309411.024814	CYorgf1QjuxEieekbb	-	-	8e:10:1f:69:80:38	whmcs33376861	-	-	-	-	-	-	-	DISCOVER	0.000000	-	-
1776309417.691189	CYorgf1QjuxEieekbb	-	-	8e:10:1f:69:80:51	whmcs38346804	-	-	-	-	-	-	-	DISCOVER	0.000000	-	-
1776309418.876877	CYorgf1QjuxEieekbb	-	-	8e:10:1f:69:80:32	whmcs43867554	-	-	-	-	-	-	-	DISCOVER	0.000000	-	-
1776309414.382642	CYorgf1QjuxEieekbb	-	-	8e:10:1f:69:80:98	Voice-Gateway-01	-	-	-	-	-	-	-	DISCOVER	0.000000	-	-
1776309412.030636	CYorgf1QjuxEieekbb	-	-	8e:10:1f:69:80:14	whmcs38467356	-	-	-	-	-	-	-	DISCOVER	0.000000	-	-
1776309420.917418	CYorgf1QjuxEieekbb	-	-	8e:10:1f:69:80:0b	whmcs44727578	-	-	-	-	-	-	-	DISCOVER	0.000000	-	-
1776309425.492500	CYorgf1QjuxEieekbb	-	-	8e:10:1f:69:80:7a	whmcs35046180	-	-	-	-	-	-	-	DISCOVER	0.000000	-	-
1776309423.107220	CYorgf1QjuxEieekbb	-	-	8e:10:1f:69:80:93	citymind	-	-	-	-	-	-	-	DISCOVER	0.000000	-	-
1776309424.412534	CYorgf1QjuxEieekbb	-	-	8e:10:1f:69:80:a9	BTG-HAPROXY	-	-	-	-	-	-	-	DISCOVER	0.000000	-	-
1776309428.984956	CYorgf1QjuxEieekbb	-	-	8e:10:1f:69:80:53	whmcs35046397	-	-	-	-	-	-	-	DISCOVER	0.000000	-	-
1776309426.645802	CYorgf1QjuxEieekbb	-	-	8e:10:1f:69:80:d2	whmcs33587038	-	-	-	-	-	-	-	DISCOVER	0.000000	-	-
1776309426.223372	CYorgf1QjuxEieekbb	-	-	8e:10:1f:69:80:82	Sagrifood	-	-	-	-	-	-	-	DISCOVER	0.000000	-	-
1776309420.095545	CYorgf1QjuxEieekbb	-	-	8e:10:1f:69:80:de	voice-103-98-152-225	-	-	-	-	-	-	-	DISCOVER,DISCOVER	8.898921	-	-
1776309421.448779	CYorgf1QjuxEieekbb	-	-	8e:10:1f:69:80:95	whmcs17857365	-	-	-	-	-	-	-	DISCOVER	0.000000	-	-
1776309421.845219	CYorgf1QjuxEieekbb	-	-	8e:10:1f:69:80:94	watersense	-	-	-	-	-	-	-	DISCOVER	0.000000	-	-
1776309433.409829	CYorgf1QjuxEieekbb	-	-	8e:10:1f:69:80:f1	whmcs24136958	-	-	-	-	-	-	-	DISCOVER	0.000000	-	-
1776309436.734339	CYorgf1QjuxEieekbb	-	-	8e:10:1f:69:80:b7	whmcs22994531	-	-	-	-	-	-	-	DISCOVER	0.000000	-	-
1776309436.761923	CYorgf1QjuxEieekbb	-	-	8e:10:1f:69:80:4e	appginivn	-	-	-	-	-	-	-	DISCOVER	0.000000	-	-
1776309430.781503	CYorgf1QjuxEieekbb	-	-	8e:10:1f:69:80:65	whmcs42417443	-	-	-	-	-	-	-	DISCOVER	0.000000	-	-
1776309437.264251	CYorgf1QjuxEieekbb	-	-	8e:10:1f:69:80:36	whmcs167244	-	-	-	-	-	-	-	DISCOVER	0.000000	-	-
1776309436.048804	CYorgf1QjuxEieekbb	-	-	8e:10:1f:69:80:df	ubuntu	-	-	-	-	-	-	-	DISCOVER	0.000000	-	-
1776309432.675963	CYorgf1QjuxEieekbb	-	-	8e:10:1f:69:80:26	whmcs44107513	-	-	-	-	-	-	-	DISCOVER	0.000000	-	-
1776309431.541554	CYorgf1QjuxEieekbb	-	-	8e:10:1f:69:80:0c	nocqtsc-vps	-	-	-	-	-	-	-	DISCOVER	0.000000	-	-
1776309433.375098	CYorgf1QjuxEieekbb	-	-	8e:10:1f:69:80:6f	-	\x03git\x0ateknixcorp\x03com\x00	-	-	-	-	-	-	DISCOVER	0.000000	-	-
1776309432.782563	CYorgf1QjuxEieekbb	-	-	8e:10:1f:69:80:d1	THTAX-SD	-	-	-	-	-	-	-	DISCOVER	0.000000	-	-
1776309432.526070	CYorgf1QjuxEieekbb	-	-	8e:10:1f:69:80:98	Voice-Gateway-01	-	-	-	-	-	-	-	DISCOVER,DISCOVER	10.042725	-	-
1776309444.986375	CYorgf1QjuxEieekbb	-	-	8e:10:1f:69:80:aa	whmcs40257565	-	-	-	-	-	-	-	DISCOVER	0.000000	-	-
1776309441.132925	CYorgf1QjuxEieekbb	-	-	8e:10:1f:69:80:8d	whmcs43867470	-	-	-	-	-	-	-	DISCOVER	0.000000	-	-
1776309447.229077	CYorgf1QjuxEieekbb	-	-	8e:10:1f:69:80:4b	whmcs39797117	-	-	-	-	-	-	-	DISCOVER	0.000000	-	-
1776309419.376775	CYorgf1QjuxEieekbb	-	-	8e:10:1f:69:70:da	ns6.vnso.vn	-	-	-	-	-	-	-	DISCOVER,DISCOVER,DISCOVER	27.745020	-	-
1776309441.177469	CYorgf1QjuxEieekbb	-	-	8e:10:1f:69:80:44	whmcs44637589	-	-	-	-	-	-	-	DISCOVER	0.000000	-	-
1776309440.072084	CYorgf1QjuxEieekbb	-	-	8e:10:1f:69:80:af	-	\x04wiki\x0ateknixcorp\x03com\x00	-	-	-	-	-	-	DISCOVER	0.000000	-	-
1776309442.435428	CYorgf1QjuxEieekbb	-	-	8e:10:1f:69:80:e7	whmcs28096886	-	-	-	-	-	-	-	DISCOVER	0.000000	-	-
1776309444.627600	CYorgf1QjuxEieekbb	-	-	8e:10:1f:69:80:06	whmcs39566799	-	-	-	-	-	-	-	DISCOVER	0.000000	-	-
1776309445.379510	CYorgf1QjuxEieekbb	-	-	8e:10:1f:69:80:d7	whmcs33587167	-	-	-	-	-	-	-	DISCOVER	0.000000	-	-
1776309446.081944	CYorgf1QjuxEieekbb	-	-	8e:10:1f:69:80:01	whmcs40257536	-	-	-	-	-	-	-	DISCOVER	0.000000	-	-
1776309446.602704	CYorgf1QjuxEieekbb	-	-	8e:10:1f:69:80:f0	whmcs38467355	-	-	-	-	-	-	-	DISCOVER	0.000000	-	-
1776309442.204899	CYorgf1QjuxEieekbb	-	-	8e:10:1f:69:80:c6	whmcs40537445	-	-	-	-	-	-	-	DISCOVER	0.000000	-	-
1776309452.792453	CYorgf1QjuxEieekbb	-	-	8e:10:1f:69:80:34	whmcs44107515	-	-	-	-	-	-	-	DISCOVER	0.000000	-	-
1776309449.804777	CYorgf1QjuxEieekbb	-	-	8e:10:1f:69:80:5b	whmcs40256875	-	-	-	-	-	-	-	DISCOVER	0.000000	-	-
1776309450.996470	CYorgf1QjuxEieekbb	-	-	8e:10:1f:69:80:4c	whmcs42037223	-	-	-	-	-	-	-	DISCOVER	0.000000	-	-
1776309450.113814	CYorgf1QjuxEieekbb	-	-	8e:10:1f:69:80:66	whmcs40676947	-	-	-	-	-	-	-	DISCOVER	0.000000	-	-
1776309453.548127	CYorgf1QjuxEieekbb	-	-	8e:10:1f:69:80:0e	-	\x04mail\x0ayourdomain\x03com\x00	-	-	-	-	-	-	DISCOVER	0.000000	-	-
1776309456.544829	CYorgf1QjuxEieekbb	-	-	8e:10:1f:69:80:6b	whmcs17857421	-	-	-	-	-	-	-	DISCOVER	0.000000	-	-
1776309449.305300	CYorgf1QjuxEieekbb	-	-	8e:10:1f:69:80:a8	whmcs38346797	-	-	-	-	-	-	-	DISCOVER	0.000000	-	-
1776309452.996565	CYorgf1QjuxEieekbb	-	-	8e:10:1f:69:80:3a	whmcs44007497	-	-	-	-	-	-	-	DISCOVER	0.000000	-	-
1776309442.456762	CYorgf1QjuxEieekbb	-	-	8e:10:1f:69:80:de	voice-103-98-152-225	-	-	-	-	-	-	-	DISCOVER,DISCOVER	12.193966	-	-
1776309451.652325	CYorgf1QjuxEieekbb	-	-	8e:10:1f:69:80:9e	-	\x06miso88\x03com\x00	-	-	-	-	-	-	DISCOVER	0.000000	-	-
1776309456.976023	CYorgf1QjuxEieekbb	-	-	8e:10:1f:69:80:ee	whmcs22995971	-	-	-	-	-	-	-	DISCOVER	0.000000	-	-
1776309458.896125	CYorgf1QjuxEieekbb	-	-	8e:10:1f:69:80:b9	whmcs35432	-	-	-	-	-	-	-	DISCOVER	0.000000	-	-
1776309452.823801	CYorgf1QjuxEieekbb	-	-	8e:10:1f:69:80:88	whmcs42467409	-	-	-	-	-	-	-	DISCOVER	0.000000	-	-
1776309463.617220	CYorgf1QjuxEieekbb	-	-	8e:10:1f:69:80:54	whmcs42467323	-	-	-	-	-	-	-	DISCOVER	0.000000	-	-
1776309459.285380	CYorgf1QjuxEieekbb	-	-	8e:10:1f:69:80:d0	whmcs35047158	-	-	-	-	-	-	-	DISCOVER	0.000000	-	-
1776309460.621182	CYorgf1QjuxEieekbb	-	-	8e:10:1f:69:80:8e	whmcs39656794	-	-	-	-	-	-	-	DISCOVER	0.000000	-	-
1776309464.454857	CYorgf1QjuxEieekbb	-	-	8e:10:1f:69:80:18	-	\x04mail\x06miso88\x02in\x00	-	-	-	-	-	-	DISCOVER	0.000000	-	-
1776309467.772688	CYorgf1QjuxEieekbb	-	-	8e:10:1f:69:80:70	whmcs35849	-	-	-	-	-	-	-	DISCOVER	0.000000	-	-
1776309468.974205	CYorgf1QjuxEieekbb	-	-	8e:10:1f:69:70:da	ns6.vnso.vn	-	-	-	-	-	-	-	DISCOVER	0.000000	-	-
1776309464.268531	CYorgf1QjuxEieekbb	-	-	8e:10:1f:69:80:c2	whmcs167551	-	-	-	-	-	-	-	DISCOVER	0.000000	-	-
1776309466.155620	CYorgf1QjuxEieekbb	-	-	8e:10:1f:69:80:69	whmcs36097603	-	-	-	-	-	-	-	DISCOVER	0.000000	-	-
1776309462.679389	CYorgf1QjuxEieekbb	-	-	8e:10:1f:69:80:80	whmcs38347220	-	-	-	-	-	-	-	DISCOVER	0.000000	-	-
1776309465.234515	CYorgf1QjuxEieekbb	-	-	8e:10:1f:69:80:dd	whmcs30547169	-	-	-	-	-	-	-	DISCOVER	0.000000	-	-
1776309459.986411	CYorgf1QjuxEieekbb	-	-	8e:10:1f:69:80:bc	whmcs33376906	-	-	-	-	-	-	-	DISCOVER	0.000000	-	-
1776309465.800101	CYorgf1QjuxEieekbb	-	-	8e:10:1f:69:80:f4	whmcs33586910	-	-	-	-	-	-	-	DISCOVER	0.000000	-	-
1776309468.676326	CYorgf1QjuxEieekbb	-	-	8e:10:1f:69:80:76	whmcs28096887	-	-	-	-	-	-	-	DISCOVER	0.000000	-	-
1776309469.709764	CYorgf1QjuxEieekbb	-	-	8e:10:1f:69:80:52	whmcs30985006	-	-	-	-	-	-	-	DISCOVER	0.000000	-	-
1776309473.067801	CYorgf1QjuxEieekbb	-	-	8e:10:1f:69:80:1c	whmcs43867538	-	-	-	-	-	-	-	DISCOVER	0.000000	-	-
1776309469.050231	CYorgf1QjuxEieekbb	-	-	8e:10:1f:69:80:31	whmcs38467357	-	-	-	-	-	-	-	DISCOVER	0.000000	-	-
1776309470.009733	CYorgf1QjuxEieekbb	-	-	8e:10:1f:69:80:81	ubuntu	-	-	-	-	-	-	-	DISCOVER	0.000000	-	-
1776309474.911704	CYorgf1QjuxEieekbb	-	-	8e:10:1f:69:80:a0	-	\x07project\x0ateknixcorp\x03com\x00	-	-	-	-	-	-	DISCOVER	0.000000	-	-
1776309477.705383	CYorgf1QjuxEieekbb	-	-	8e:10:1f:69:80:63	whmcs39996845	-	-	-	-	-	-	-	DISCOVER	0.000000	-	-
1776309469.840886	CYorgf1QjuxEieekbb	-	-	8e:10:1f:69:80:a4	whmcs39856890	-	-	-	-	-	-	-	DISCOVER	0.000000	-	-
1776309471.787229	CYorgf1QjuxEieekbb	-	-	8e:10:1f:69:80:b4	whmcs38346614	-	-	-	-	-	-	-	DISCOVER	0.000000	-	-
1776309473.690033	CYorgf1QjuxEieekbb	-	-	8e:10:1f:69:80:e5	whmcs33466917	-	-	-	-	-	-	-	DISCOVER	0.000000	-	-
1776309473.168804	CYorgf1QjuxEieekbb	-	-	8e:10:1f:69:80:5f	whmcs43727450	-	-	-	-	-	-	-	DISCOVER	0.000000	-	-
1776309471.247529	CYorgf1QjuxEieekbb	-	-	8e:10:1f:69:80:09	whmcs15397050	-	-	-	-	-	-	-	DISCOVER	0.000000	-	-
1776309473.307821	CYorgf1QjuxEieekbb	-	-	8e:10:1f:69:80:68	whmcs17857335	-	-	-	-	-	-	-	DISCOVER	0.000000	-	-
1776309472.132080	CYorgf1QjuxEieekbb	-	-	8e:10:1f:69:80:a5	whmcs44107514	-	-	-	-	-	-	-	DISCOVER	0.000000	-	-
1776309477.075023	CYorgf1QjuxEieekbb	-	-	8e:10:1f:69:80:e4	-	\x08hostname\x06domain\x03tld\x00	-	-	-	-	-	-	DISCOVER	0.000000	-	-
1776309473.454044	CYorgf1QjuxEieekbb	-	-	8e:10:1f:69:80:de	voice-103-98-152-225	-	-	-	-	-	-	-	DISCOVER	0.000000	-	-
1776309474.972093	CYorgf1QjuxEieekbb	-	-	8e:10:1f:69:80:38	whmcs33376861	-	-	-	-	-	-	-	DISCOVER	0.000000	-	-
1776309469.292545	CYorgf1QjuxEieekbb	-	-	8e:10:1f:69:80:12	whmcs45037605	-	-	-	-	-	-	-	DISCOVER	0.000000	-	-
1776309470.858262	CYorgf1QjuxEieekbb	-	-	8e:10:1f:69:80:4f	whmcs42467292	-	-	-	-	-	-	-	DISCOVER	0.000000	-	-
1776309475.971285	CYorgf1QjuxEieekbb	-	-	8e:10:1f:69:80:14	whmcs38467356	-	-	-	-	-	-	-	DISCOVER	0.000000	-	-
1776309480.863111	CYorgf1QjuxEieekbb	-	-	8e:10:1f:69:80:8f	whmcs17857422	-	-	-	-	-	-	-	DISCOVER	0.000000	-	-
1776309485.505895	CYorgf1QjuxEieekbb	-	-	8e:10:1f:69:80:0b	whmcs44727578	-	-	-	-	-	-	-	DISCOVER	0.000000	-	-
1776309488.554881	CYorgf1QjuxEieekbb	-	-	8e:10:1f:69:70:da	ns6.vnso.vn	-	-	-	-	-	-	-	DISCOVER	0.000000	-	-
1776309482.491766	CYorgf1QjuxEieekbb	-	-	8e:10:1f:69:80:c5	whmcs38466921	-	-	-	-	-	-	-	DISCOVER	0.000000	-	-
1776309487.951712	CYorgf1QjuxEieekbb	-	-	8e:10:1f:69:80:93	citymind	-	-	-	-	-	-	-	DISCOVER	0.000000	-	-
1776309483.552085	CYorgf1QjuxEieekbb	-	-	8e:10:1f:69:80:5c	whmcs44557592	-	-	-	-	-	-	-	DISCOVER	0.000000	-	-
1776309483.466835	CYorgf1QjuxEieekbb	-	-	8e:10:1f:69:80:ef	whmcs7436262	-	-	-	-	-	-	-	DISCOVER	0.000000	-	-
1776309488.774026	CYorgf1QjuxEieekbb	-	-	8e:10:1f:69:80:a9	BTG-HAPROXY	-	-	-	-	-	-	-	DISCOVER	0.000000	-	-
1776309479.289401	CYorgf1QjuxEieekbb	-	-	8e:10:1f:69:80:83	whmcs45047608	-	-	-	-	-	-	-	DISCOVER	0.000000	-	-
1776309485.329544	CYorgf1QjuxEieekbb	-	-	8e:10:1f:69:80:95	whmcs17857365	-	-	-	-	-	-	-	DISCOVER	0.000000	-	-
1776309481.263684	CYorgf1QjuxEieekbb	-	-	8e:10:1f:69:80:51	whmcs38346804	-	-	-	-	-	-	-	DISCOVER	0.000000	-	-
1776309482.207752	CYorgf1QjuxEieekbb	-	-	8e:10:1f:69:80:32	whmcs43867554	-	-	-	-	-	-	-	DISCOVER	0.000000	-	-
1776309485.395179	CYorgf1QjuxEieekbb	-	-	8e:10:1f:69:80:94	watersense	-	-	-	-	-	-	-	DISCOVER	0.000000	-	-
1776309497.605331	CYorgf1QjuxEieekbb	-	-	8e:10:1f:69:80:f1	whmcs24136958	-	-	-	-	-	-	-	DISCOVER	0.000000	-	-
1776309489.370822	CYorgf1QjuxEieekbb	-	-	8e:10:1f:69:80:7a	whmcs35046180	-	-	-	-	-	-	-	DISCOVER	0.000000	-	-
1776309495.525531	CYorgf1QjuxEieekbb	-	-	8e:10:1f:69:80:65	whmcs42417443	-	-	-	-	-	-	-	DISCOVER	0.000000	-	-
1776309492.676798	CYorgf1QjuxEieekbb	-	-	8e:10:1f:69:80:53	whmcs35046397	-	-	-	-	-	-	-	DISCOVER	0.000000	-	-
1776309495.732824	CYorgf1QjuxEieekbb	-	-	8e:10:1f:69:80:26	whmcs44107513	-	-	-	-	-	-	-	DISCOVER	0.000000	-	-
1776309490.955873	CYorgf1QjuxEieekbb	-	-	8e:10:1f:69:80:d2	whmcs33587038	-	-	-	-	-	-	-	DISCOVER	0.000000	-	-
1776309496.323533	CYorgf1QjuxEieekbb	-	-	8e:10:1f:69:80:0c	nocqtsc-vps	-	-	-	-	-	-	-	DISCOVER	0.000000	-	-
1776309490.894967	CYorgf1QjuxEieekbb	-	-	8e:10:1f:69:80:82	Sagrifood	-	-	-	-	-	-	-	DISCOVER	0.000000	-	-
1776309496.865076	CYorgf1QjuxEieekbb	-	-	8e:10:1f:69:80:6f	-	\x03git\x0ateknixcorp\x03com\x00	-	-	-	-	-	-	DISCOVER	0.000000	-	-
1776309497.626691	CYorgf1QjuxEieekbb	-	-	8e:10:1f:69:80:d1	THTAX-SD	-	-	-	-	-	-	-	DISCOVER	0.000000	-	-
1776309500.044633	CYorgf1QjuxEieekbb	-	-	8e:10:1f:69:80:b7	whmcs22994531	-	-	-	-	-	-	-	DISCOVER	0.000000	-	-
1776309505.484724	CYorgf1QjuxEieekbb	-	-	8e:10:1f:69:80:8d	whmcs43867470	-	-	-	-	-	-	-	DISCOVER	0.000000	-	-
1776309500.897020	CYorgf1QjuxEieekbb	-	-	8e:10:1f:69:80:4e	appginivn	-	-	-	-	-	-	-	DISCOVER	0.000000	-	-
1776309505.704358	CYorgf1QjuxEieekbb	-	-	8e:10:1f:69:80:44	whmcs44637589	-	-	-	-	-	-	-	DISCOVER	0.000000	-	-
1776309500.354631	CYorgf1QjuxEieekbb	-	-	8e:10:1f:69:80:36	whmcs167244	-	-	-	-	-	-	-	DISCOVER	0.000000	-	-
1776309500.996856	CYorgf1QjuxEieekbb	-	-	8e:10:1f:69:80:df	ubuntu	-	-	-	-	-	-	-	DISCOVER	0.000000	-	-
1776309503.241283	CYorgf1QjuxEieekbb	-	-	8e:10:1f:69:80:af	-	\x04wiki\x0ateknixcorp\x03com\x00	-	-	-	-	-	-	DISCOVER	0.000000	-	-
1776309507.018611	CYorgf1QjuxEieekbb	-	-	8e:10:1f:69:80:e7	whmcs28096886	-	-	-	-	-	-	-	DISCOVER	0.000000	-	-
1776309508.483333	CYorgf1QjuxEieekbb	-	-	8e:10:1f:69:80:06	whmcs39566799	-	-	-	-	-	-	-	DISCOVER	0.000000	-	-
1776309505.288025	CYorgf1QjuxEieekbb	-	-	8e:10:1f:69:80:c6	whmcs40537445	-	-	-	-	-	-	-	DISCOVER	0.000000	-	-
1776309516.908743	CYorgf1QjuxEieekbb	-	-	8e:10:1f:69:80:34	whmcs44107515	-	-	-	-	-	-	-	DISCOVER	0.000000	-	-
1776309509.026558	CYorgf1QjuxEieekbb	-	-	8e:10:1f:69:80:aa	whmcs40257565	-	-	-	-	-	-	-	DISCOVER	0.000000	-	-
1776309511.301948	CYorgf1QjuxEieekbb	-	-	8e:10:1f:69:80:4b	whmcs39797117	-	-	-	-	-	-	-	DISCOVER	0.000000	-	-
1776309513.970975	CYorgf1QjuxEieekbb	-	-	8e:10:1f:69:80:5b	whmcs40256875	-	-	-	-	-	-	-	DISCOVER	0.000000	-	-
1776309514.629333	CYorgf1QjuxEieekbb	-	-	8e:10:1f:69:80:4c	whmcs42037223	-	-	-	-	-	-	-	DISCOVER	0.000000	-	-
1776309514.511062	CYorgf1QjuxEieekbb	-	-	8e:10:1f:69:80:66	whmcs40676947	-	-	-	-	-	-	-	DISCOVER	0.000000	-	-
1776309517.699064	CYorgf1QjuxEieekbb	-	-	8e:10:1f:69:80:0e	-	\x04mail\x0ayourdomain\x03com\x00	-	-	-	-	-	-	DISCOVER	0.000000	-	-
1776309514.044285	CYorgf1QjuxEieekbb	-	-	8e:10:1f:69:80:a8	whmcs38346797	-	-	-	-	-	-	-	DISCOVER	0.000000	-	-
1776309516.246113	CYorgf1QjuxEieekbb	-	-	8e:10:1f:69:80:3a	whmcs44007497	-	-	-	-	-	-	-	DISCOVER	0.000000	-	-
1776309510.260428	CYorgf1QjuxEieekbb	-	-	8e:10:1f:69:80:d7	whmcs33587167	-	-	-	-	-	-	-	DISCOVER	0.000000	-	-
1776309516.395092	CYorgf1QjuxEieekbb	-	-	8e:10:1f:69:80:9e	-	\x06miso88\x03com\x00	-	-	-	-	-	-	DISCOVER	0.000000	-	-
1776309509.097846	CYorgf1QjuxEieekbb	-	-	8e:10:1f:69:80:01	whmcs40257536	-	-	-	-	-	-	-	DISCOVER	0.000000	-	-
1776309511.332247	CYorgf1QjuxEieekbb	-	-	8e:10:1f:69:80:f0	whmcs38467355	-	-	-	-	-	-	-	DISCOVER	0.000000	-	-
1776309517.547335	CYorgf1QjuxEieekbb	-	-	8e:10:1f:69:80:88	whmcs42467409	-	-	-	-	-	-	-	DISCOVER	0.000000	-	-
1776309527.993802	CYorgf1QjuxEieekbb	-	-	8e:10:1f:69:80:54	whmcs42467323	-	-	-	-	-	-	-	DISCOVER	0.000000	-	-
1776309522.432364	CYorgf1QjuxEieekbb	-	-	8e:10:1f:69:80:d0	whmcs35047158	-	-	-	-	-	-	-	DISCOVER	0.000000	-	-
1776309523.682079	CYorgf1QjuxEieekbb	-	-	8e:10:1f:69:80:8e	whmcs39656794	-	-	-	-	-	-	-	DISCOVER	0.000000	-	-
1776309528.206236	CYorgf1QjuxEieekbb	-	-	8e:10:1f:69:80:18	-	\x04mail\x06miso88\x02in\x00	-	-	-	-	-	-	DISCOVER	0.000000	-	-
1776309528.982150	CYorgf1QjuxEieekbb	-	-	8e:10:1f:69:80:c2	whmcs167551	-	-	-	-	-	-	-	DISCOVER	0.000000	-	-
1776309519.584794	CYorgf1QjuxEieekbb	-	-	8e:10:1f:69:80:6b	whmcs17857421	-	-	-	-	-	-	-	DISCOVER	0.000000	-	-
1776309527.012691	CYorgf1QjuxEieekbb	-	-	8e:10:1f:69:80:80	whmcs38347220	-	-	-	-	-	-	-	DISCOVER	0.000000	-	-
1776309523.123502	CYorgf1QjuxEieekbb	-	-	8e:10:1f:69:80:bc	whmcs33376906	-	-	-	-	-	-	-	DISCOVER	0.000000	-	-
1776309521.473041	CYorgf1QjuxEieekbb	-	-	8e:10:1f:69:80:ee	whmcs22995971	-	-	-	-	-	-	-	DISCOVER	0.000000	-	-
1776309523.734507	CYorgf1QjuxEieekbb	-	-	8e:10:1f:69:80:b9	whmcs35432	-	-	-	-	-	-	-	DISCOVER	0.000000	-	-
1776309533.952603	CYorgf1QjuxEieekbb	-	-	8e:10:1f:69:80:52	whmcs30985006	-	-	-	-	-	-	-	DISCOVER	0.000000	-	-
1776309537.827761	CYorgf1QjuxEieekbb	-	-	8e:10:1f:69:80:1c	whmcs43867538	-	-	-	-	-	-	-	DISCOVER	0.000000	-	-
1776309533.551166	CYorgf1QjuxEieekbb	-	-	8e:10:1f:69:80:31	whmcs38467357	-	-	-	-	-	-	-	DISCOVER	0.000000	-	-
1776309532.466885	CYorgf1QjuxEieekbb	-	-	8e:10:1f:69:80:70	whmcs35849	-	-	-	-	-	-	-	DISCOVER	0.000000	-	-
1776309534.061245	CYorgf1QjuxEieekbb	-	-	8e:10:1f:69:80:81	ubuntu	-	-	-	-	-	-	-	DISCOVER	0.000000	-	-
1776309533.664889	CYorgf1QjuxEieekbb	-	-	8e:10:1f:69:80:a4	whmcs39856890	-	-	-	-	-	-	-	DISCOVER	0.000000	-	-
1776309535.905443	CYorgf1QjuxEieekbb	-	-	8e:10:1f:69:80:b4	whmcs38346614	-	-	-	-	-	-	-	DISCOVER	0.000000	-	-
1776309536.828358	CYorgf1QjuxEieekbb	-	-	8e:10:1f:69:80:e5	whmcs33466917	-	-	-	-	-	-	-	DISCOVER	0.000000	-	-
1776309536.195822	CYorgf1QjuxEieekbb	-	-	8e:10:1f:69:80:5f	whmcs43727450	-	-	-	-	-	-	-	DISCOVER	0.000000	-	-
1776309535.806262	CYorgf1QjuxEieekbb	-	-	8e:10:1f:69:80:09	whmcs15397050	-	-	-	-	-	-	-	DISCOVER	0.000000	-	-
1776309536.942680	CYorgf1QjuxEieekbb	-	-	8e:10:1f:69:80:68	whmcs17857335	-	-	-	-	-	-	-	DISCOVER	0.000000	-	-
1776309536.141247	CYorgf1QjuxEieekbb	-	-	8e:10:1f:69:80:a5	whmcs44107514	-	-	-	-	-	-	-	DISCOVER	0.000000	-	-
1776309530.888715	CYorgf1QjuxEieekbb	-	-	8e:10:1f:69:80:69	whmcs36097603	-	-	-	-	-	-	-	DISCOVER	0.000000	-	-
1776309529.434152	CYorgf1QjuxEieekbb	-	-	8e:10:1f:69:80:dd	whmcs30547169	-	-	-	-	-	-	-	DISCOVER	0.000000	-	-
1776309529.966754	CYorgf1QjuxEieekbb	-	-	8e:10:1f:69:80:f4	whmcs33586910	-	-	-	-	-	-	-	DISCOVER	0.000000	-	-
1776309538.656135	CYorgf1QjuxEieekbb	-	-	8e:10:1f:69:80:38	whmcs33376861	-	-	-	-	-	-	-	DISCOVER	0.000000	-	-
1776309534.120125	CYorgf1QjuxEieekbb	-	-	8e:10:1f:69:80:12	whmcs45037605	-	-	-	-	-	-	-	DISCOVER	0.000000	-	-
1776309532.903899	CYorgf1QjuxEieekbb	-	-	8e:10:1f:69:80:76	whmcs28096887	-	-	-	-	-	-	-	DISCOVER	0.000000	-	-
1776309535.573102	CYorgf1QjuxEieekbb	-	-	8e:10:1f:69:80:4f	whmcs42467292	-	-	-	-	-	-	-	DISCOVER	0.000000	-	-
1776309545.633322	CYorgf1QjuxEieekbb	-	-	8e:10:1f:69:80:8f	whmcs17857422	-	-	-	-	-	-	-	DISCOVER	0.000000	-	-
1776309548.676416	CYorgf1QjuxEieekbb	-	-	8e:10:1f:69:80:0b	whmcs44727578	-	-	-	-	-	-	-	DISCOVER	0.000000	-	-
1776309539.910471	CYorgf1QjuxEieekbb	-	-	8e:10:1f:69:80:a0	-	\x07project\x0ateknixcorp\x03com\x00	-	-	-	-	-	-	DISCOVER	0.000000	-	-
1776309541.181685	CYorgf1QjuxEieekbb	-	-	8e:10:1f:69:80:63	whmcs39996845	-	-	-	-	-	-	-	DISCOVER	0.000000	-	-
1776309546.185504	CYorgf1QjuxEieekbb	-	-	8e:10:1f:69:80:c5	whmcs38466921	-	-	-	-	-	-	-	DISCOVER	0.000000	-	-
1776309546.712498	CYorgf1QjuxEieekbb	-	-	8e:10:1f:69:80:5c	whmcs44557592	-	-	-	-	-	-	-	DISCOVER	0.000000	-	-
1776309547.394198	CYorgf1QjuxEieekbb	-	-	8e:10:1f:69:80:ef	whmcs7436262	-	-	-	-	-	-	-	DISCOVER	0.000000	-	-
1776309543.702603	CYorgf1QjuxEieekbb	-	-	8e:10:1f:69:80:83	whmcs45047608	-	-	-	-	-	-	-	DISCOVER	0.000000	-	-
1776309540.200502	CYorgf1QjuxEieekbb	-	-	8e:10:1f:69:80:e4	-	\x08hostname\x06domain\x03tld\x00	-	-	-	-	-	-	DISCOVER	0.000000	-	-
1776309544.670618	CYorgf1QjuxEieekbb	-	-	8e:10:1f:69:80:51	whmcs38346804	-	-	-	-	-	-	-	DISCOVER	0.000000	-	-
1776309545.715048	CYorgf1QjuxEieekbb	-	-	8e:10:1f:69:80:32	whmcs43867554	-	-	-	-	-	-	-	DISCOVER	0.000000	-	-
1776309540.950708	CYorgf1QjuxEieekbb	-	-	8e:10:1f:69:80:14	whmcs38467356	-	-	-	-	-	-	-	DISCOVER	0.000000	-	-
1776309553.333018	CYorgf1QjuxEieekbb	-	-	8e:10:1f:69:80:7a	whmcs35046180	-	-	-	-	-	-	-	DISCOVER	0.000000	-	-
1776309551.289353	CYorgf1QjuxEieekbb	-	-	8e:10:1f:69:80:93	citymind	-	-	-	-	-	-	-	DISCOVER	0.000000	-	-
1776309558.965592	CYorgf1QjuxEieekbb	-	-	8e:10:1f:69:80:65	whmcs42417443	-	-	-	-	-	-	-	DISCOVER	0.000000	-	-
1776309552.804078	CYorgf1QjuxEieekbb	-	-	8e:10:1f:69:80:a9	BTG-HAPROXY	-	-	-	-	-	-	-	DISCOVER	0.000000	-	-
1776309556.877853	CYorgf1QjuxEieekbb	-	-	8e:10:1f:69:80:53	whmcs35046397	-	-	-	-	-	-	-	DISCOVER	0.000000	-	-
1776309555.253138	CYorgf1QjuxEieekbb	-	-	8e:10:1f:69:80:d2	whmcs33587038	-	-	-	-	-	-	-	DISCOVER	0.000000	-	-
1776309554.435665	CYorgf1QjuxEieekbb	-	-	8e:10:1f:69:80:82	Sagrifood	-	-	-	-	-	-	-	DISCOVER	0.000000	-	-
1776309549.591507	CYorgf1QjuxEieekbb	-	-	8e:10:1f:69:80:95	whmcs17857365	-	-	-	-	-	-	-	DISCOVER	0.000000	-	-
1776309550.055164	CYorgf1QjuxEieekbb	-	-	8e:10:1f:69:80:94	watersense	-	-	-	-	-	-	-	DISCOVER	0.000000	-	-
1776309562.211454	CYorgf1QjuxEieekbb	-	-	8e:10:1f:69:80:f1	whmcs24136958	-	-	-	-	-	-	-	DISCOVER	0.000000	-	-
1776309563.964646	CYorgf1QjuxEieekbb	-	-	8e:10:1f:69:80:b7	whmcs22994531	-	-	-	-	-	-	-	DISCOVER	0.000000	-	-
1776309563.990428	CYorgf1QjuxEieekbb	-	-	8e:10:1f:69:80:4e	appginivn	-	-	-	-	-	-	-	DISCOVER	0.000000	-	-
1776309563.935451	CYorgf1QjuxEieekbb	-	-	8e:10:1f:69:80:36	whmcs167244	-	-	-	-	-	-	-	DISCOVER	0.000000	-	-
1776309565.465430	CYorgf1QjuxEieekbb	-	-	8e:10:1f:69:80:df	ubuntu	-	-	-	-	-	-	-	DISCOVER	0.000000	-	-
1776309559.750090	CYorgf1QjuxEieekbb	-	-	8e:10:1f:69:80:26	whmcs44107513	-	-	-	-	-	-	-	DISCOVER	0.000000	-	-
1776309567.565482	CYorgf1QjuxEieekbb	-	-	8e:10:1f:69:80:af	-	\x04wiki\x0ateknixcorp\x03com\x00	-	-	-	-	-	-	DISCOVER	0.000000	-	-
1776309560.153484	CYorgf1QjuxEieekbb	-	-	8e:10:1f:69:80:0c	nocqtsc-vps	-	-	-	-	-	-	-	DISCOVER	0.000000	-	-
1776309559.923870	CYorgf1QjuxEieekbb	-	-	8e:10:1f:69:80:6f	-	\x03git\x0ateknixcorp\x03com\x00	-	-	-	-	-	-	DISCOVER	0.000000	-	-
1776309560.842960	CYorgf1QjuxEieekbb	-	-	8e:10:1f:69:80:d1	THTAX-SD	-	-	-	-	-	-	-	DISCOVER	0.000000	-	-
1776309568.464630	CYorgf1QjuxEieekbb	-	-	8e:10:1f:69:80:c6	whmcs40537445	-	-	-	-	-	-	-	DISCOVER	0.000000	-	-
1776309572.664380	Cus0Ad10bws4IWWjh8	103.98.152.92	-	8e:10:1f:69:80:59	server7527	-	-	-	-	-	-	-	INFORM	0.000000	MSFT 5.0	-
1776309573.828139	CYorgf1QjuxEieekbb	-	-	8e:10:1f:69:80:aa	whmcs40257565	-	-	-	-	-	-	-	DISCOVER	0.000000	-	-
1776309569.587045	CYorgf1QjuxEieekbb	-	-	8e:10:1f:69:80:8d	whmcs43867470	-	-	-	-	-	-	-	DISCOVER	0.000000	-	-
1776309574.577119	CYorgf1QjuxEieekbb	-	-	8e:10:1f:69:80:4b	whmcs39797117	-	-	-	-	-	-	-	DISCOVER	0.000000	-	-
1776309577.036022	CYorgf1QjuxEieekbb	-	-	8e:10:1f:69:80:5b	whmcs40256875	-	-	-	-	-	-	-	DISCOVER	0.000000	-	-
1776309577.942045	CYorgf1QjuxEieekbb	-	-	8e:10:1f:69:80:66	whmcs40676947	-	-	-	-	-	-	-	DISCOVER	0.000000	-	-
1776309569.285031	CYorgf1QjuxEieekbb	-	-	8e:10:1f:69:80:44	whmcs44637589	-	-	-	-	-	-	-	DISCOVER	0.000000	-	-
1776309577.202730	CYorgf1QjuxEieekbb	-	-	8e:10:1f:69:80:a8	whmcs38346797	-	-	-	-	-	-	-	DISCOVER	0.000000	-	-
1776309571.532558	CYorgf1QjuxEieekbb	-	-	8e:10:1f:69:80:e7	whmcs28096886	-	-	-	-	-	-	-	DISCOVER	0.000000	-	-
1776309573.419155	CYorgf1QjuxEieekbb	-	-	8e:10:1f:69:80:06	whmcs39566799	-	-	-	-	-	-	-	DISCOVER	0.000000	-	-
1776309574.257507	CYorgf1QjuxEieekbb	-	-	8e:10:1f:69:80:d7	whmcs33587167	-	-	-	-	-	-	-	DISCOVER	0.000000	-	-
1776309573.238886	CYorgf1QjuxEieekbb	-	-	8e:10:1f:69:80:01	whmcs40257536	-	-	-	-	-	-	-	DISCOVER	0.000000	-	-
1776309575.373437	CYorgf1QjuxEieekbb	-	-	8e:10:1f:69:80:f0	whmcs38467355	-	-	-	-	-	-	-	DISCOVER	0.000000	-	-
1776309586.594038	CYorgf1QjuxEieekbb	-	-	8e:10:1f:69:80:d0	whmcs35047158	-	-	-	-	-	-	-	DISCOVER	0.000000	-	-
1776309581.749518	CYorgf1QjuxEieekbb	-	-	8e:10:1f:69:80:34	whmcs44107515	-	-	-	-	-	-	-	DISCOVER	0.000000	-	-
1776309587.036269	CYorgf1QjuxEieekbb	-	-	8e:10:1f:69:80:8e	whmcs39656794	-	-	-	-	-	-	-	DISCOVER	0.000000	-	-
1776309579.272559	CYorgf1QjuxEieekbb	-	-	8e:10:1f:69:80:4c	whmcs42037223	-	-	-	-	-	-	-	DISCOVER	0.000000	-	-
1776309581.383088	CYorgf1QjuxEieekbb	-	-	8e:10:1f:69:80:0e	-	\x04mail\x0ayourdomain\x03com\x00	-	-	-	-	-	-	DISCOVER	0.000000	-	-
1776309583.548930	CYorgf1QjuxEieekbb	-	-	8e:10:1f:69:80:6b	whmcs17857421	-	-	-	-	-	-	-	DISCOVER	0.000000	-	-
1776309580.241716	CYorgf1QjuxEieekbb	-	-	8e:10:1f:69:80:3a	whmcs44007497	-	-	-	-	-	-	-	DISCOVER	0.000000	-	-
1776309588.108669	CYorgf1QjuxEieekbb	-	-	8e:10:1f:69:80:bc	whmcs33376906	-	-	-	-	-	-	-	DISCOVER	0.000000	-	-
1776309581.294197	CYorgf1QjuxEieekbb	-	-	8e:10:1f:69:80:9e	-	\x06miso88\x03com\x00	-	-	-	-	-	-	DISCOVER	0.000000	-	-
1776309584.722706	CYorgf1QjuxEieekbb	-	-	8e:10:1f:69:80:ee	whmcs22995971	-	-	-	-	-	-	-	DISCOVER	0.000000	-	-
1776309587.561297	CYorgf1QjuxEieekbb	-	-	8e:10:1f:69:80:b9	whmcs35432	-	-	-	-	-	-	-	DISCOVER	0.000000	-	-
1776309581.544640	CYorgf1QjuxEieekbb	-	-	8e:10:1f:69:80:88	whmcs42467409	-	-	-	-	-	-	-	DISCOVER	0.000000	-	-
1776309591.129732	CYorgf1QjuxEieekbb	-	-	8e:10:1f:69:80:54	whmcs42467323	-	-	-	-	-	-	-	DISCOVER	0.000000	-	-
1776309597.087209	CYorgf1QjuxEieekbb	-	-	8e:10:1f:69:80:52	whmcs30985006	-	-	-	-	-	-	-	DISCOVER	0.000000	-	-
1776309592.815326	CYorgf1QjuxEieekbb	-	-	8e:10:1f:69:80:18	-	\x04mail\x06miso88\x02in\x00	-	-	-	-	-	-	DISCOVER	0.000000	-	-
1776309597.272454	CYorgf1QjuxEieekbb	-	-	8e:10:1f:69:80:31	whmcs38467357	-	-	-	-	-	-	-	DISCOVER	0.000000	-	-
1776309595.530366	CYorgf1QjuxEieekbb	-	-	8e:10:1f:69:80:70	whmcs35849	-	-	-	-	-	-	-	DISCOVER	0.000000	-	-
1776309598.041172	CYorgf1QjuxEieekbb	-	-	8e:10:1f:69:80:81	ubuntu	-	-	-	-	-	-	-	DISCOVER	0.000000	-	-
1776309598.157963	CYorgf1QjuxEieekbb	-	-	8e:10:1f:69:80:a4	whmcs39856890	-	-	-	-	-	-	-	DISCOVER	0.000000	-	-
1776309592.692684	CYorgf1QjuxEieekbb	-	-	8e:10:1f:69:80:c2	whmcs167551	-	-	-	-	-	-	-	DISCOVER	0.000000	-	-
1776309594.172789	CYorgf1QjuxEieekbb	-	-	8e:10:1f:69:80:69	whmcs36097603	-	-	-	-	-	-	-	DISCOVER	0.000000	-	-
1776309590.642719	CYorgf1QjuxEieekbb	-	-	8e:10:1f:69:80:80	whmcs38347220	-	-	-	-	-	-	-	DISCOVER	0.000000	-	-
1776309594.168010	CYorgf1QjuxEieekbb	-	-	8e:10:1f:69:80:dd	whmcs30547169	-	-	-	-	-	-	-	DISCOVER	0.000000	-	-
1776309594.067547	CYorgf1QjuxEieekbb	-	-	8e:10:1f:69:80:f4	whmcs33586910	-	-	-	-	-	-	-	DISCOVER	0.000000	-	-
1776309597.921669	CYorgf1QjuxEieekbb	-	-	8e:10:1f:69:80:12	whmcs45037605	-	-	-	-	-	-	-	DISCOVER	0.000000	-	-
1776309596.072533	CYorgf1QjuxEieekbb	-	-	8e:10:1f:69:80:76	whmcs28096887	-	-	-	-	-	-	-	DISCOVER	0.000000	-	-
1776309600.909910	CYorgf1QjuxEieekbb	-	-	8e:10:1f:69:80:1c	whmcs43867538	-	-	-	-	-	-	-	DISCOVER	0.000000	-	-
1776309604.743686	CYorgf1QjuxEieekbb	-	-	8e:10:1f:69:80:a0	-	\x07project\x0ateknixcorp\x03com\x00	-	-	-	-	-	-	DISCOVER	0.000000	-	-
1776309605.051632	CYorgf1QjuxEieekbb	-	-	8e:10:1f:69:80:63	whmcs39996845	-	-	-	-	-	-	-	DISCOVER	0.000000	-	-
1776309600.177453	CYorgf1QjuxEieekbb	-	-	8e:10:1f:69:80:b4	whmcs38346614	-	-	-	-	-	-	-	DISCOVER	0.000000	-	-
1776309600.975621	CYorgf1QjuxEieekbb	-	-	8e:10:1f:69:80:e5	whmcs33466917	-	-	-	-	-	-	-	DISCOVER	0.000000	-	-
1776309600.219149	CYorgf1QjuxEieekbb	-	-	8e:10:1f:69:80:5f	whmcs43727450	-	-	-	-	-	-	-	DISCOVER	0.000000	-	-
1776309607.233182	CYorgf1QjuxEieekbb	-	-	8e:10:1f:69:80:83	whmcs45047608	-	-	-	-	-	-	-	DISCOVER	0.000000	-	-
1776309600.519462	CYorgf1QjuxEieekbb	-	-	8e:10:1f:69:80:09	whmcs15397050	-	-	-	-	-	-	-	DISCOVER	0.000000	-	-
1776309600.601809	CYorgf1QjuxEieekbb	-	-	8e:10:1f:69:80:68	whmcs17857335	-	-	-	-	-	-	-	DISCOVER	0.000000	-	-
1776309600.595900	CYorgf1QjuxEieekbb	-	-	8e:10:1f:69:80:a5	whmcs44107514	-	-	-	-	-	-	-	DISCOVER	0.000000	-	-
1776309604.754977	CYorgf1QjuxEieekbb	-	-	8e:10:1f:69:80:e4	-	\x08hostname\x06domain\x03tld\x00	-	-	-	-	-	-	DISCOVER	0.000000	-	-
1776309602.417302	CYorgf1QjuxEieekbb	-	-	8e:10:1f:69:80:38	whmcs33376861	-	-	-	-	-	-	-	DISCOVER	0.000000	-	-
1776309599.986284	CYorgf1QjuxEieekbb	-	-	8e:10:1f:69:80:4f	whmcs42467292	-	-	-	-	-	-	-	DISCOVER	0.000000	-	-
1776309605.434715	CYorgf1QjuxEieekbb	-	-	8e:10:1f:69:80:14	whmcs38467356	-	-	-	-	-	-	-	DISCOVER	0.000000	-	-
1776309610.552656	CYorgf1QjuxEieekbb	-	-	8e:10:1f:69:80:8f	whmcs17857422	-	-	-	-	-	-	-	DISCOVER	0.000000	-	-
1776309613.382257	CYorgf1QjuxEieekbb	-	-	8e:10:1f:69:80:0b	whmcs44727578	-	-	-	-	-	-	-	DISCOVER	0.000000	-	-
1776309618.098014	CYorgf1QjuxEieekbb	-	-	8e:10:1f:69:80:7a	whmcs35046180	-	-	-	-	-	-	-	DISCOVER	0.000000	-	-
1776309609.804724	CYorgf1QjuxEieekbb	-	-	8e:10:1f:69:80:c5	whmcs38466921	-	-	-	-	-	-	-	DISCOVER	0.000000	-	-
1776309615.522918	CYorgf1QjuxEieekbb	-	-	8e:10:1f:69:80:93	citymind	-	-	-	-	-	-	-	DISCOVER	0.000000	-	-
1776309610.344289	CYorgf1QjuxEieekbb	-	-	8e:10:1f:69:80:5c	whmcs44557592	-	-	-	-	-	-	-	DISCOVER	0.000000	-	-
1776309610.791123	CYorgf1QjuxEieekbb	-	-	8e:10:1f:69:80:ef	whmcs7436262	-	-	-	-	-	-	-	DISCOVER	0.000000	-	-
1776309616.835403	CYorgf1QjuxEieekbb	-	-	8e:10:1f:69:80:a9	BTG-HAPROXY	-	-	-	-	-	-	-	DISCOVER	0.000000	-	-
1776309618.170052	CYorgf1QjuxEieekbb	-	-	8e:10:1f:69:80:82	Sagrifood	-	-	-	-	-	-	-	DISCOVER	0.000000	-	-
1776309614.442925	CYorgf1QjuxEieekbb	-	-	8e:10:1f:69:80:95	whmcs17857365	-	-	-	-	-	-	-	DISCOVER	0.000000	-	-
1776309609.543747	CYorgf1QjuxEieekbb	-	-	8e:10:1f:69:80:51	whmcs38346804	-	-	-	-	-	-	-	DISCOVER	0.000000	-	-
1776309609.800710	CYorgf1QjuxEieekbb	-	-	8e:10:1f:69:80:32	whmcs43867554	-	-	-	-	-	-	-	DISCOVER	0.000000	-	-
1776309613.299241	CYorgf1QjuxEieekbb	-	-	8e:10:1f:69:80:94	watersense	-	-	-	-	-	-	-	DISCOVER	0.000000	-	-
1776309627.085277	CYorgf1QjuxEieekbb	-	-	8e:10:1f:69:80:f1	whmcs24136958	-	-	-	-	-	-	-	DISCOVER	0.000000	-	-
1776309627.534268	CYorgf1QjuxEieekbb	-	-	8e:10:1f:69:80:b7	whmcs22994531	-	-	-	-	-	-	-	DISCOVER	0.000000	-	-
1776309627.677430	CYorgf1QjuxEieekbb	-	-	8e:10:1f:69:80:4e	appginivn	-	-	-	-	-	-	-	DISCOVER	0.000000	-	-
1776309622.685241	CYorgf1QjuxEieekbb	-	-	8e:10:1f:69:80:65	whmcs42417443	-	-	-	-	-	-	-	DISCOVER	0.000000	-	-
1776309628.767771	CYorgf1QjuxEieekbb	-	-	8e:10:1f:69:80:36	whmcs167244	-	-	-	-	-	-	-	DISCOVER	0.000000	-	-
1776309621.694350	CYorgf1QjuxEieekbb	-	-	8e:10:1f:69:80:53	whmcs35046397	-	-	-	-	-	-	-	DISCOVER	0.000000	-	-
1776309622.899876	CYorgf1QjuxEieekbb	-	-	8e:10:1f:69:80:26	whmcs44107513	-	-	-	-	-	-	-	DISCOVER	0.000000	-	-
1776309620.124159	CYorgf1QjuxEieekbb	-	-	8e:10:1f:69:80:d2	whmcs33587038	-	-	-	-	-	-	-	DISCOVER	0.000000	-	-
1776309624.647626	CYorgf1QjuxEieekbb	-	-	8e:10:1f:69:80:0c	nocqtsc-vps	-	-	-	-	-	-	-	DISCOVER	0.000000	-	-
1776309623.344519	CYorgf1QjuxEieekbb	-	-	8e:10:1f:69:80:6f	-	\x03git\x0ateknixcorp\x03com\x00	-	-	-	-	-	-	DISCOVER	0.000000	-	-
1776309625.417706	CYorgf1QjuxEieekbb	-	-	8e:10:1f:69:80:d1	THTAX-SD	-	-	-	-	-	-	-	DISCOVER	0.000000	-	-
1776309638.043465	CYorgf1QjuxEieekbb	-	-	8e:10:1f:69:80:aa	whmcs40257565	-	-	-	-	-	-	-	DISCOVER	0.000000	-	-
1776309633.300674	CYorgf1QjuxEieekbb	-	-	8e:10:1f:69:80:8d	whmcs43867470	-	-	-	-	-	-	-	DISCOVER	0.000000	-	-
1776309638.852004	CYorgf1QjuxEieekbb	-	-	8e:10:1f:69:80:4b	whmcs39797117	-	-	-	-	-	-	-	DISCOVER	0.000000	-	-
1776309634.187593	CYorgf1QjuxEieekbb	-	-	8e:10:1f:69:80:44	whmcs44637589	-	-	-	-	-	-	-	DISCOVER	0.000000	-	-
1776309629.506013	CYorgf1QjuxEieekbb	-	-	8e:10:1f:69:80:df	ubuntu	-	-	-	-	-	-	-	DISCOVER	0.000000	-	-
1776309631.100351	CYorgf1QjuxEieekbb	-	-	8e:10:1f:69:80:af	-	\x04wiki\x0ateknixcorp\x03com\x00	-	-	-	-	-	-	DISCOVER	0.000000	-	-
1776309635.532999	CYorgf1QjuxEieekbb	-	-	8e:10:1f:69:80:e7	whmcs28096886	-	-	-	-	-	-	-	DISCOVER	0.000000	-	-
1776309637.943925	CYorgf1QjuxEieekbb	-	-	8e:10:1f:69:80:06	whmcs39566799	-	-	-	-	-	-	-	DISCOVER	0.000000	-	-
1776309637.798911	CYorgf1QjuxEieekbb	-	-	8e:10:1f:69:80:d7	whmcs33587167	-	-	-	-	-	-	-	DISCOVER	0.000000	-	-
1776309637.334562	CYorgf1QjuxEieekbb	-	-	8e:10:1f:69:80:01	whmcs40257536	-	-	-	-	-	-	-	DISCOVER	0.000000	-	-
1776309638.879500	CYorgf1QjuxEieekbb	-	-	8e:10:1f:69:80:f0	whmcs38467355	-	-	-	-	-	-	-	DISCOVER	0.000000	-	-
1776309632.968042	CYorgf1QjuxEieekbb	-	-	8e:10:1f:69:80:c6	whmcs40537445	-	-	-	-	-	-	-	DISCOVER	0.000000	-	-
1776309645.835913	CYorgf1QjuxEieekbb	-	-	8e:10:1f:69:80:34	whmcs44107515	-	-	-	-	-	-	-	DISCOVER	0.000000	-	-
1776309640.872136	CYorgf1QjuxEieekbb	-	-	8e:10:1f:69:80:5b	whmcs40256875	-	-	-	-	-	-	-	DISCOVER	0.000000	-	-
1776309642.601867	CYorgf1QjuxEieekbb	-	-	8e:10:1f:69:80:4c	whmcs42037223	-	-	-	-	-	-	-	DISCOVER	0.000000	-	-
1776309642.798074	CYorgf1QjuxEieekbb	-	-	8e:10:1f:69:80:66	whmcs40676947	-	-	-	-	-	-	-	DISCOVER	0.000000	-	-
1776309644.903134	CYorgf1QjuxEieekbb	-	-	8e:10:1f:69:80:0e	-	\x04mail\x0ayourdomain\x03com\x00	-	-	-	-	-	-	DISCOVER	0.000000	-	-
1776309646.806052	CYorgf1QjuxEieekbb	-	-	8e:10:1f:69:80:6b	whmcs17857421	-	-	-	-	-	-	-	DISCOVER	0.000000	-	-
1776309641.186135	CYorgf1QjuxEieekbb	-	-	8e:10:1f:69:80:a8	whmcs38346797	-	-	-	-	-	-	-	DISCOVER	0.000000	-	-
1776309644.519670	CYorgf1QjuxEieekbb	-	-	8e:10:1f:69:80:3a	whmcs44007497	-	-	-	-	-	-	-	DISCOVER	0.000000	-	-
1776309644.999344	CYorgf1QjuxEieekbb	-	-	8e:10:1f:69:80:9e	-	\x06miso88\x03com\x00	-	-	-	-	-	-	DISCOVER	0.000000	-	-
1776309648.868460	CYorgf1QjuxEieekbb	-	-	8e:10:1f:69:80:ee	whmcs22995971	-	-	-	-	-	-	-	DISCOVER	0.000000	-	-
1776309645.742750	CYorgf1QjuxEieekbb	-	-	8e:10:1f:69:80:88	whmcs42467409	-	-	-	-	-	-	-	DISCOVER	0.000000	-	-
1776309655.640369	CYorgf1QjuxEieekbb	-	-	8e:10:1f:69:80:54	whmcs42467323	-	-	-	-	-	-	-	DISCOVER	0.000000	-	-
1776309651.202083	CYorgf1QjuxEieekbb	-	-	8e:10:1f:69:80:d0	whmcs35047158	-	-	-	-	-	-	-	DISCOVER	0.000000	-	-
1776309650.773302	CYorgf1QjuxEieekbb	-	-	8e:10:1f:69:80:8e	whmcs39656794	-	-	-	-	-	-	-	DISCOVER	0.000000	-	-
1776309657.800232	CYorgf1QjuxEieekbb	-	-	8e:10:1f:69:80:18	-	\x04mail\x06miso88\x02in\x00	-	-	-	-	-	-	DISCOVER	0.000000	-	-
1776309657.488708	CYorgf1QjuxEieekbb	-	-	8e:10:1f:69:80:c2	whmcs167551	-	-	-	-	-	-	-	DISCOVER	0.000000	-	-
1776309658.569133	CYorgf1QjuxEieekbb	-	-	8e:10:1f:69:80:69	whmcs36097603	-	-	-	-	-	-	-	DISCOVER	0.000000	-	-
1776309654.103971	CYorgf1QjuxEieekbb	-	-	8e:10:1f:69:80:80	whmcs38347220	-	-	-	-	-	-	-	DISCOVER	0.000000	-	-
1776309657.484640	CYorgf1QjuxEieekbb	-	-	8e:10:1f:69:80:dd	whmcs30547169	-	-	-	-	-	-	-	DISCOVER	0.000000	-	-
1776309652.230554	CYorgf1QjuxEieekbb	-	-	8e:10:1f:69:80:bc	whmcs33376906	-	-	-	-	-	-	-	DISCOVER	0.000000	-	-
1776309658.843411	CYorgf1QjuxEieekbb	-	-	8e:10:1f:69:80:f4	whmcs33586910	-	-	-	-	-	-	-	DISCOVER	0.000000	-	-
1776309650.993305	CYorgf1QjuxEieekbb	-	-	8e:10:1f:69:80:b9	whmcs35432	-	-	-	-	-	-	-	DISCOVER	0.000000	-	-
1776309660.920952	CYorgf1QjuxEieekbb	-	-	8e:10:1f:69:80:52	whmcs30985006	-	-	-	-	-	-	-	DISCOVER	0.000000	-	-
1776309663.976798	CYorgf1QjuxEieekbb	-	-	8e:10:1f:69:80:1c	whmcs43867538	-	-	-	-	-	-	-	DISCOVER	0.000000	-	-
1776309661.648265	CYorgf1QjuxEieekbb	-	-	8e:10:1f:69:80:31	whmcs38467357	-	-	-	-	-	-	-	DISCOVER	0.000000	-	-
1776309659.749768	CYorgf1QjuxEieekbb	-	-	8e:10:1f:69:80:70	whmcs35849	-	-	-	-	-	-	-	DISCOVER	0.000000	-	-
1776309662.483155	CYorgf1QjuxEieekbb	-	-	8e:10:1f:69:80:81	ubuntu	-	-	-	-	-	-	-	DISCOVER	0.000000	-	-
1776309668.333448	CYorgf1QjuxEieekbb	-	-	8e:10:1f:69:80:a0	-	\x07project\x0ateknixcorp\x03com\x00	-	-	-	-	-	-	DISCOVER	0.000000	-	-
1776309662.180422	CYorgf1QjuxEieekbb	-	-	8e:10:1f:69:80:a4	whmcs39856890	-	-	-	-	-	-	-	DISCOVER	0.000000	-	-
1776309663.463810	CYorgf1QjuxEieekbb	-	-	8e:10:1f:69:80:b4	whmcs38346614	-	-	-	-	-	-	-	DISCOVER	0.000000	-	-
1776309665.745242	CYorgf1QjuxEieekbb	-	-	8e:10:1f:69:80:e5	whmcs33466917	-	-	-	-	-	-	-	DISCOVER	0.000000	-	-
1776309664.624517	CYorgf1QjuxEieekbb	-	-	8e:10:1f:69:80:5f	whmcs43727450	-	-	-	-	-	-	-	DISCOVER	0.000000	-	-
1776309665.124451	CYorgf1QjuxEieekbb	-	-	8e:10:1f:69:80:09	whmcs15397050	-	-	-	-	-	-	-	DISCOVER	0.000000	-	-
1776309663.735355	CYorgf1QjuxEieekbb	-	-	8e:10:1f:69:80:68	whmcs17857335	-	-	-	-	-	-	-	DISCOVER	0.000000	-	-
1776309665.397278	CYorgf1QjuxEieekbb	-	-	8e:10:1f:69:80:a5	whmcs44107514	-	-	-	-	-	-	-	DISCOVER	0.000000	-	-
1776309666.275816	CYorgf1QjuxEieekbb	-	-	8e:10:1f:69:80:38	whmcs33376861	-	-	-	-	-	-	-	DISCOVER	0.000000	-	-
1776309662.269367	CYorgf1QjuxEieekbb	-	-	8e:10:1f:69:80:12	whmcs45037605	-	-	-	-	-	-	-	DISCOVER	0.000000	-	-
1776309659.632059	CYorgf1QjuxEieekbb	-	-	8e:10:1f:69:80:76	whmcs28096887	-	-	-	-	-	-	-	DISCOVER	0.000000	-	-
1776309664.952516	CYorgf1QjuxEieekbb	-	-	8e:10:1f:69:80:4f	whmcs42467292	-	-	-	-	-	-	-	DISCOVER	0.000000	-	-
1776309668.960882	CYorgf1QjuxEieekbb	-	-	8e:10:1f:69:80:14	whmcs38467356	-	-	-	-	-	-	-	DISCOVER	0.000000	-	-
1776309674.668132	CYorgf1QjuxEieekbb	-	-	8e:10:1f:69:80:8f	whmcs17857422	-	-	-	-	-	-	-	DISCOVER	0.000000	-	-
1776309678.029547	CYorgf1QjuxEieekbb	-	-	8e:10:1f:69:80:0b	whmcs44727578	-	-	-	-	-	-	-	DISCOVER	0.000000	-	-
1776309669.172046	CYorgf1QjuxEieekbb	-	-	8e:10:1f:69:80:63	whmcs39996845	-	-	-	-	-	-	-	DISCOVER	0.000000	-	-
1776309673.967901	CYorgf1QjuxEieekbb	-	-	8e:10:1f:69:80:c5	whmcs38466921	-	-	-	-	-	-	-	DISCOVER	0.000000	-	-
1776309674.327203	CYorgf1QjuxEieekbb	-	-	8e:10:1f:69:80:5c	whmcs44557592	-	-	-	-	-	-	-	DISCOVER	0.000000	-	-
1776309674.563221	CYorgf1QjuxEieekbb	-	-	8e:10:1f:69:80:ef	whmcs7436262	-	-	-	-	-	-	-	DISCOVER	0.000000	-	-
1776309670.656554	CYorgf1QjuxEieekbb	-	-	8e:10:1f:69:80:83	whmcs45047608	-	-	-	-	-	-	-	DISCOVER	0.000000	-	-
1776309669.117377	CYorgf1QjuxEieekbb	-	-	8e:10:1f:69:80:e4	-	\x08hostname\x06domain\x03tld\x00	-	-	-	-	-	-	DISCOVER	0.000000	-	-
1776309678.401846	CYorgf1QjuxEieekbb	-	-	8e:10:1f:69:80:95	whmcs17857365	-	-	-	-	-	-	-	DISCOVER	0.000000	-	-
1776309673.636533	CYorgf1QjuxEieekbb	-	-	8e:10:1f:69:80:51	whmcs38346804	-	-	-	-	-	-	-	DISCOVER	0.000000	-	-
1776309674.114878	CYorgf1QjuxEieekbb	-	-	8e:10:1f:69:80:32	whmcs43867554	-	-	-	-	-	-	-	DISCOVER	0.000000	-	-
1776309677.047710	CYorgf1QjuxEieekbb	-	-	8e:10:1f:69:80:94	watersense	-	-	-	-	-	-	-	DISCOVER	0.000000	-	-
1776309681.470860	CYorgf1QjuxEieekbb	-	-	8e:10:1f:69:80:7a	whmcs35046180	-	-	-	-	-	-	-	DISCOVER	0.000000	-	-
1776309685.824333	CYorgf1QjuxEieekbb	-	-	8e:10:1f:69:80:65	whmcs42417443	-	-	-	-	-	-	-	DISCOVER	0.000000	-	-
1776309679.244933	CYorgf1QjuxEieekbb	-	-	8e:10:1f:69:80:93	citymind	-	-	-	-	-	-	-	DISCOVER	0.000000	-	-
1776309679.962267	CYorgf1QjuxEieekbb	-	-	8e:10:1f:69:80:a9	BTG-HAPROXY	-	-	-	-	-	-	-	DISCOVER	0.000000	-	-
1776309685.778871	CYorgf1QjuxEieekbb	-	-	8e:10:1f:69:80:53	whmcs35046397	-	-	-	-	-	-	-	DISCOVER	0.000000	-	-
1776309686.498806	CYorgf1QjuxEieekbb	-	-	8e:10:1f:69:80:26	whmcs44107513	-	-	-	-	-	-	-	DISCOVER	0.000000	-	-
1776309683.480415	CYorgf1QjuxEieekbb	-	-	8e:10:1f:69:80:d2	whmcs33587038	-	-	-	-	-	-	-	DISCOVER	0.000000	-	-
1776309688.552236	CYorgf1QjuxEieekbb	-	-	8e:10:1f:69:80:0c	nocqtsc-vps	-	-	-	-	-	-	-	DISCOVER	0.000000	-	-
1776309682.064554	CYorgf1QjuxEieekbb	-	-	8e:10:1f:69:80:82	Sagrifood	-	-	-	-	-	-	-	DISCOVER	0.000000	-	-
1776309688.174314	CYorgf1QjuxEieekbb	-	-	8e:10:1f:69:80:6f	-	\x03git\x0ateknixcorp\x03com\x00	-	-	-	-	-	-	DISCOVER	0.000000	-	-
1776309690.568836	CYorgf1QjuxEieekbb	-	-	8e:10:1f:69:80:f1	whmcs24136958	-	-	-	-	-	-	-	DISCOVER	0.000000	-	-
1776309690.864165	CYorgf1QjuxEieekbb	-	-	8e:10:1f:69:80:b7	whmcs22994531	-	-	-	-	-	-	-	DISCOVER	0.000000	-	-
1776309696.804847	CYorgf1QjuxEieekbb	-	-	8e:10:1f:69:80:8d	whmcs43867470	-	-	-	-	-	-	-	DISCOVER	0.000000	-	-
1776309692.630153	CYorgf1QjuxEieekbb	-	-	8e:10:1f:69:80:4e	appginivn	-	-	-	-	-	-	-	DISCOVER	0.000000	-	-
1776309698.825251	CYorgf1QjuxEieekbb	-	-	8e:10:1f:69:80:44	whmcs44637589	-	-	-	-	-	-	-	DISCOVER	0.000000	-	-
1776309692.119833	CYorgf1QjuxEieekbb	-	-	8e:10:1f:69:80:36	whmcs167244	-	-	-	-	-	-	-	DISCOVER	0.000000	-	-
1776309693.028024	CYorgf1QjuxEieekbb	-	-	8e:10:1f:69:80:df	ubuntu	-	-	-	-	-	-	-	DISCOVER	0.000000	-	-
1776309694.110787	CYorgf1QjuxEieekbb	-	-	8e:10:1f:69:80:af	-	\x04wiki\x0ateknixcorp\x03com\x00	-	-	-	-	-	-	DISCOVER	0.000000	-	-
1776309689.034303	CYorgf1QjuxEieekbb	-	-	8e:10:1f:69:80:d1	THTAX-SD	-	-	-	-	-	-	-	DISCOVER	0.000000	-	-
1776309697.469651	CYorgf1QjuxEieekbb	-	-	8e:10:1f:69:80:c6	whmcs40537445	-	-	-	-	-	-	-	DISCOVER	0.000000	-	-
1776309702.580212	CYorgf1QjuxEieekbb	-	-	8e:10:1f:69:80:aa	whmcs40257565	-	-	-	-	-	-	-	DISCOVER	0.000000	-	-
1776309703.344668	CYorgf1QjuxEieekbb	-	-	8e:10:1f:69:80:4b	whmcs39797117	-	-	-	-	-	-	-	DISCOVER	0.000000	-	-
1776309704.245684	CYorgf1QjuxEieekbb	-	-	8e:10:1f:69:80:5b	whmcs40256875	-	-	-	-	-	-	-	DISCOVER	0.000000	-	-
1776309705.887864	CYorgf1QjuxEieekbb	-	-	8e:10:1f:69:80:4c	whmcs42037223	-	-	-	-	-	-	-	DISCOVER	0.000000	-	-
1776309707.411886	CYorgf1QjuxEieekbb	-	-	8e:10:1f:69:80:66	whmcs40676947	-	-	-	-	-	-	-	DISCOVER	0.000000	-	-
1776309708.563344	CYorgf1QjuxEieekbb	-	-	8e:10:1f:69:80:0e	-	\x04mail\x0ayourdomain\x03com\x00	-	-	-	-	-	-	DISCOVER	0.000000	-	-
1776309705.518946	CYorgf1QjuxEieekbb	-	-	8e:10:1f:69:80:a8	whmcs38346797	-	-	-	-	-	-	-	DISCOVER	0.000000	-	-
1776309699.502094	CYorgf1QjuxEieekbb	-	-	8e:10:1f:69:80:e7	whmcs28096886	-	-	-	-	-	-	-	DISCOVER	0.000000	-	-
1776309701.325105	CYorgf1QjuxEieekbb	-	-	8e:10:1f:69:80:06	whmcs39566799	-	-	-	-	-	-	-	DISCOVER	0.000000	-	-
1776309701.496362	CYorgf1QjuxEieekbb	-	-	8e:10:1f:69:80:d7	whmcs33587167	-	-	-	-	-	-	-	DISCOVER	0.000000	-	-
1776309708.192251	CYorgf1QjuxEieekbb	-	-	8e:10:1f:69:80:9e	-	\x06miso88\x03com\x00	-	-	-	-	-	-	DISCOVER	0.000000	-	-
1776309700.402064	CYorgf1QjuxEieekbb	-	-	8e:10:1f:69:80:01	whmcs40257536	-	-	-	-	-	-	-	DISCOVER	0.000000	-	-
1776309703.881095	CYorgf1QjuxEieekbb	-	-	8e:10:1f:69:80:f0	whmcs38467355	-	-	-	-	-	-	-	DISCOVER	0.000000	-	-
1776309716.044443	CYorgf1QjuxEieekbb	-	-	8e:10:1f:69:80:d0	whmcs35047158	-	-	-	-	-	-	-	DISCOVER	0.000000	-	-
1776309709.704081	CYorgf1QjuxEieekbb	-	-	8e:10:1f:69:80:34	whmcs44107515	-	-	-	-	-	-	-	DISCOVER	0.000000	-	-
1776309715.059166	CYorgf1QjuxEieekbb	-	-	8e:10:1f:69:80:8e	whmcs39656794	-	-	-	-	-	-	-	DISCOVER	0.000000	-	-
1776309711.241765	CYorgf1QjuxEieekbb	-	-	8e:10:1f:69:80:6b	whmcs17857421	-	-	-	-	-	-	-	DISCOVER	0.000000	-	-
1776309709.488826	CYorgf1QjuxEieekbb	-	-	8e:10:1f:69:80:3a	whmcs44007497	-	-	-	-	-	-	-	DISCOVER	0.000000	-	-
1776309717.316317	CYorgf1QjuxEieekbb	-	-	8e:10:1f:69:80:80	whmcs38347220	-	-	-	-	-	-	-	DISCOVER	0.000000	-	-
1776309716.996872	CYorgf1QjuxEieekbb	-	-	8e:10:1f:69:80:bc	whmcs33376906	-	-	-	-	-	-	-	DISCOVER	0.000000	-	-
1776309712.996244	CYorgf1QjuxEieekbb	-	-	8e:10:1f:69:80:ee	whmcs22995971	-	-	-	-	-	-	-	DISCOVER	0.000000	-	-
1776309715.388950	CYorgf1QjuxEieekbb	-	-	8e:10:1f:69:80:b9	whmcs35432	-	-	-	-	-	-	-	DISCOVER	0.000000	-	-
1776309709.131736	CYorgf1QjuxEieekbb	-	-	8e:10:1f:69:80:88	whmcs42467409	-	-	-	-	-	-	-	DISCOVER	0.000000	-	-
1776309720.483419	CYorgf1QjuxEieekbb	-	-	8e:10:1f:69:80:54	whmcs42467323	-	-	-	-	-	-	-	DISCOVER	0.000000	-	-
1776309723.955439	CYorgf1QjuxEieekbb	-	-	8e:10:1f:69:80:52	whmcs30985006	-	-	-	-	-	-	-	DISCOVER	0.000000	-	-
1776309722.406836	CYorgf1QjuxEieekbb	-	-	8e:10:1f:69:80:18	-	\x04mail\x06miso88\x02in\x00	-	-	-	-	-	-	DISCOVER	0.000000	-	-
1776309728.232437	CYorgf1QjuxEieekbb	-	-	8e:10:1f:69:80:1c	whmcs43867538	-	-	-	-	-	-	-	DISCOVER	0.000000	-	-
1776309724.721405	CYorgf1QjuxEieekbb	-	-	8e:10:1f:69:80:31	whmcs38467357	-	-	-	-	-	-	-	DISCOVER	0.000000	-	-
1776309724.371254	CYorgf1QjuxEieekbb	-	-	8e:10:1f:69:80:70	whmcs35849	-	-	-	-	-	-	-	DISCOVER	0.000000	-	-
1776309727.477348	CYorgf1QjuxEieekbb	-	-	8e:10:1f:69:80:81	ubuntu	-	-	-	-	-	-	-	DISCOVER	0.000000	-	-
1776309727.143876	CYorgf1QjuxEieekbb	-	-	8e:10:1f:69:80:a4	whmcs39856890	-	-	-	-	-	-	-	DISCOVER	0.000000	-	-
1776309721.462119	CYorgf1QjuxEieekbb	-	-	8e:10:1f:69:80:c2	whmcs167551	-	-	-	-	-	-	-	DISCOVER	0.000000	-	-
1776309727.047373	CYorgf1QjuxEieekbb	-	-	8e:10:1f:69:80:b4	whmcs38346614	-	-	-	-	-	-	-	DISCOVER	0.000000	-	-
1776309727.975059	CYorgf1QjuxEieekbb	-	-	8e:10:1f:69:80:5f	whmcs43727450	-	-	-	-	-	-	-	DISCOVER	0.000000	-	-
1776309728.462726	CYorgf1QjuxEieekbb	-	-	8e:10:1f:69:80:09	whmcs15397050	-	-	-	-	-	-	-	DISCOVER	0.000000	-	-
1776309728.556045	CYorgf1QjuxEieekbb	-	-	8e:10:1f:69:80:68	whmcs17857335	-	-	-	-	-	-	-	DISCOVER	0.000000	-	-
1776309728.835752	CYorgf1QjuxEieekbb	-	-	8e:10:1f:69:80:a5	whmcs44107514	-	-	-	-	-	-	-	DISCOVER	0.000000	-	-
1776309722.907157	CYorgf1QjuxEieekbb	-	-	8e:10:1f:69:80:69	whmcs36097603	-	-	-	-	-	-	-	DISCOVER	0.000000	-	-
1776309722.026169	CYorgf1QjuxEieekbb	-	-	8e:10:1f:69:80:dd	whmcs30547169	-	-	-	-	-	-	-	DISCOVER	0.000000	-	-
1776309722.658109	CYorgf1QjuxEieekbb	-	-	8e:10:1f:69:80:f4	whmcs33586910	-	-	-	-	-	-	-	DISCOVER	0.000000	-	-
1776309725.938922	CYorgf1QjuxEieekbb	-	-	8e:10:1f:69:80:12	whmcs45037605	-	-	-	-	-	-	-	DISCOVER	0.000000	-	-
1776309723.793401	CYorgf1QjuxEieekbb	-	-	8e:10:1f:69:80:76	whmcs28096887	-	-	-	-	-	-	-	DISCOVER	0.000000	-	-
1776309728.164764	CYorgf1QjuxEieekbb	-	-	8e:10:1f:69:80:4f	whmcs42467292	-	-	-	-	-	-	-	DISCOVER	0.000000	-	-
1776309738.938353	CYorgf1QjuxEieekbb	-	-	8e:10:1f:69:80:8f	whmcs17857422	-	-	-	-	-	-	-	DISCOVER	0.000000	-	-
1776309732.248761	CYorgf1QjuxEieekbb	-	-	8e:10:1f:69:80:a0	-	\x07project\x0ateknixcorp\x03com\x00	-	-	-	-	-	-	DISCOVER	0.000000	-	-
1776309733.504717	CYorgf1QjuxEieekbb	-	-	8e:10:1f:69:80:63	whmcs39996845	-	-	-	-	-	-	-	DISCOVER	0.000000	-	-
1776309736.982444	CYorgf1QjuxEieekbb	-	-	8e:10:1f:69:80:c5	whmcs38466921	-	-	-	-	-	-	-	DISCOVER	0.000000	-	-
1776309738.195971	CYorgf1QjuxEieekbb	-	-	8e:10:1f:69:80:ef	whmcs7436262	-	-	-	-	-	-	-	DISCOVER	0.000000	-	-
1776309730.353864	CYorgf1QjuxEieekbb	-	-	8e:10:1f:69:80:e5	whmcs33466917	-	-	-	-	-	-	-	DISCOVER	0.000000	-	-
1776309733.915615	CYorgf1QjuxEieekbb	-	-	8e:10:1f:69:80:83	whmcs45047608	-	-	-	-	-	-	-	DISCOVER	0.000000	-	-
1776309733.743557	CYorgf1QjuxEieekbb	-	-	8e:10:1f:69:80:e4	-	\x08hostname\x06domain\x03tld\x00	-	-	-	-	-	-	DISCOVER	0.000000	-	-
1776309730.943036	CYorgf1QjuxEieekbb	-	-	8e:10:1f:69:80:38	whmcs33376861	-	-	-	-	-	-	-	DISCOVER	0.000000	-	-
1776309738.074611	CYorgf1QjuxEieekbb	-	-	8e:10:1f:69:80:51	whmcs38346804	-	-	-	-	-	-	-	DISCOVER	0.000000	-	-
1776309738.020173	CYorgf1QjuxEieekbb	-	-	8e:10:1f:69:80:32	whmcs43867554	-	-	-	-	-	-	-	DISCOVER	0.000000	-	-
1776309732.147884	CYorgf1QjuxEieekbb	-	-	8e:10:1f:69:80:14	whmcs38467356	-	-	-	-	-	-	-	DISCOVER	0.000000	-	-
1776309741.723545	CYorgf1QjuxEieekbb	-	-	8e:10:1f:69:80:0b	whmcs44727578	-	-	-	-	-	-	-	DISCOVER	0.000000	-	-
1776309745.409481	CYorgf1QjuxEieekbb	-	-	8e:10:1f:69:80:7a	whmcs35046180	-	-	-	-	-	-	-	DISCOVER	0.000000	-	-
1776309744.068956	CYorgf1QjuxEieekbb	-	-	8e:10:1f:69:80:93	citymind	-	-	-	-	-	-	-	DISCOVER	0.000000	-	-
1776309739.144446	CYorgf1QjuxEieekbb	-	-	8e:10:1f:69:80:5c	whmcs44557592	-	-	-	-	-	-	-	DISCOVER	0.000000	-	-
1776309743.176712	CYorgf1QjuxEieekbb	-	-	8e:10:1f:69:80:a9	BTG-HAPROXY	-	-	-	-	-	-	-	DISCOVER	0.000000	-	-
1776309748.282516	CYorgf1QjuxEieekbb	-	-	8e:10:1f:69:80:d2	whmcs33587038	-	-	-	-	-	-	-	DISCOVER	0.000000	-	-
1776309745.079881	CYorgf1QjuxEieekbb	-	-	8e:10:1f:69:80:82	Sagrifood	-	-	-	-	-	-	-	DISCOVER	0.000000	-	-
1776309742.845958	CYorgf1QjuxEieekbb	-	-	8e:10:1f:69:80:95	whmcs17857365	-	-	-	-	-	-	-	DISCOVER	0.000000	-	-
1776309740.726834	CYorgf1QjuxEieekbb	-	-	8e:10:1f:69:80:94	watersense	-	-	-	-	-	-	-	DISCOVER	0.000000	-	-
1776309755.516644	CYorgf1QjuxEieekbb	-	-	8e:10:1f:69:80:f1	whmcs24136958	-	-	-	-	-	-	-	DISCOVER	0.000000	-	-
1776309754.473481	CYorgf1QjuxEieekbb	-	-	8e:10:1f:69:80:b7	whmcs22994531	-	-	-	-	-	-	-	DISCOVER	0.000000	-	-
1776309756.473784	CYorgf1QjuxEieekbb	-	-	8e:10:1f:69:80:4e	appginivn	-	-	-	-	-	-	-	DISCOVER	0.000000	-	-
1776309750.827093	CYorgf1QjuxEieekbb	-	-	8e:10:1f:69:80:65	whmcs42417443	-	-	-	-	-	-	-	DISCOVER	0.000000	-	-
1776309756.997714	CYorgf1QjuxEieekbb	-	-	8e:10:1f:69:80:36	whmcs167244	-	-	-	-	-	-	-	DISCOVER	0.000000	-	-
1776309750.356465	CYorgf1QjuxEieekbb	-	-	8e:10:1f:69:80:53	whmcs35046397	-	-	-	-	-	-	-	DISCOVER	0.000000	-	-
1776309757.982502	CYorgf1QjuxEieekbb	-	-	8e:10:1f:69:80:df	ubuntu	-	-	-	-	-	-	-	DISCOVER	0.000000	-	-
1776309749.665241	CYorgf1QjuxEieekbb	-	-	8e:10:1f:69:80:26	whmcs44107513	-	-	-	-	-	-	-	DISCOVER	0.000000	-	-
1776309751.695455	CYorgf1QjuxEieekbb	-	-	8e:10:1f:69:80:0c	nocqtsc-vps	-	-	-	-	-	-	-	DISCOVER	0.000000	-	-
1776309751.418160	CYorgf1QjuxEieekbb	-	-	8e:10:1f:69:80:6f	-	\x03git\x0ateknixcorp\x03com\x00	-	-	-	-	-	-	DISCOVER	0.000000	-	-
1776309753.519736	CYorgf1QjuxEieekbb	-	-	8e:10:1f:69:80:d1	THTAX-SD	-	-	-	-	-	-	-	DISCOVER	0.000000	-	-
1776309755.272042	CYorgf1QjuxEieekbb	-	-	8e:10:1f:69:80:de	voice-103-98-152-225	-	-	-	-	-	-	-	DISCOVER,DISCOVER,DISCOVER,DISCOVER	15.072825	-	-
1776309766.488014	CYorgf1QjuxEieekbb	-	-	8e:10:1f:69:80:aa	whmcs40257565	-	-	-	-	-	-	-	DISCOVER	0.000000	-	-
1776309760.848145	CYorgf1QjuxEieekbb	-	-	8e:10:1f:69:80:8d	whmcs43867470	-	-	-	-	-	-	-	DISCOVER	0.000000	-	-
1776309768.246391	CYorgf1QjuxEieekbb	-	-	8e:10:1f:69:80:4b	whmcs39797117	-	-	-	-	-	-	-	DISCOVER	0.000000	-	-
1776309767.465503	CYorgf1QjuxEieekbb	-	-	8e:10:1f:69:80:5b	whmcs40256875	-	-	-	-	-	-	-	DISCOVER	0.000000	-	-
1776309761.899300	CYorgf1QjuxEieekbb	-	-	8e:10:1f:69:80:44	whmcs44637589	-	-	-	-	-	-	-	DISCOVER	0.000000	-	-
1776309759.095044	CYorgf1QjuxEieekbb	-	-	8e:10:1f:69:80:af	-	\x04wiki\x0ateknixcorp\x03com\x00	-	-	-	-	-	-	DISCOVER	0.000000	-	-
1776309763.459519	CYorgf1QjuxEieekbb	-	-	8e:10:1f:69:80:e7	whmcs28096886	-	-	-	-	-	-	-	DISCOVER	0.000000	-	-
1776309764.979303	CYorgf1QjuxEieekbb	-	-	8e:10:1f:69:80:06	whmcs39566799	-	-	-	-	-	-	-	DISCOVER	0.000000	-	-
1776309766.470016	CYorgf1QjuxEieekbb	-	-	8e:10:1f:69:80:d7	whmcs33587167	-	-	-	-	-	-	-	DISCOVER	0.000000	-	-
1776309764.435596	CYorgf1QjuxEieekbb	-	-	8e:10:1f:69:80:01	whmcs40257536	-	-	-	-	-	-	-	DISCOVER	0.000000	-	-
1776309767.010075	CYorgf1QjuxEieekbb	-	-	8e:10:1f:69:80:f0	whmcs38467355	-	-	-	-	-	-	-	DISCOVER	0.000000	-	-
1776309760.783609	CYorgf1QjuxEieekbb	-	-	8e:10:1f:69:80:c6	whmcs40537445	-	-	-	-	-	-	-	DISCOVER	0.000000	-	-
1776309773.430092	CYorgf1QjuxEieekbb	-	-	8e:10:1f:69:80:34	whmcs44107515	-	-	-	-	-	-	-	DISCOVER	0.000000	-	-
1776309770.379933	CYorgf1QjuxEieekbb	-	-	8e:10:1f:69:80:4c	whmcs42037223	-	-	-	-	-	-	-	DISCOVER	0.000000	-	-
1776309771.734055	CYorgf1QjuxEieekbb	-	-	8e:10:1f:69:80:66	whmcs40676947	-	-	-	-	-	-	-	DISCOVER	0.000000	-	-
1776309755.579219	CYorgf1QjuxEieekbb	-	-	8e:10:1f:69:70:da	ns6.vnso.vn	-	-	-	-	-	-	-	DISCOVER,DISCOVER,DISCOVER,DISCOVER	19.985743	-	-
1776309772.114247	CYorgf1QjuxEieekbb	-	-	8e:10:1f:69:80:0e	-	\x04mail\x0ayourdomain\x03com\x00	-	-	-	-	-	-	DISCOVER	0.000000	-	-
1776309776.230158	CYorgf1QjuxEieekbb	-	-	8e:10:1f:69:80:6b	whmcs17857421	-	-	-	-	-	-	-	DISCOVER	0.000000	-	-
1776309769.525828	CYorgf1QjuxEieekbb	-	-	8e:10:1f:69:80:a8	whmcs38346797	-	-	-	-	-	-	-	DISCOVER	0.000000	-	-
1776309774.322359	CYorgf1QjuxEieekbb	-	-	8e:10:1f:69:80:3a	whmcs44007497	-	-	-	-	-	-	-	DISCOVER	0.000000	-	-
1776309772.003049	CYorgf1QjuxEieekbb	-	-	8e:10:1f:69:80:9e	-	\x06miso88\x03com\x00	-	-	-	-	-	-	DISCOVER	0.000000	-	-
1776309776.684771	CYorgf1QjuxEieekbb	-	-	8e:10:1f:69:80:ee	whmcs22995971	-	-	-	-	-	-	-	DISCOVER	0.000000	-	-
1776309773.206270	CYorgf1QjuxEieekbb	-	-	8e:10:1f:69:80:88	whmcs42467409	-	-	-	-	-	-	-	DISCOVER	0.000000	-	-
1776309784.010837	CYorgf1QjuxEieekbb	-	-	8e:10:1f:69:80:54	whmcs42467323	-	-	-	-	-	-	-	DISCOVER	0.000000	-	-
1776309788.939121	CYorgf1QjuxEieekbb	-	-	8e:10:1f:69:80:52	whmcs30985006	-	-	-	-	-	-	-	DISCOVER	0.000000	-	-
1776309779.945270	CYorgf1QjuxEieekbb	-	-	8e:10:1f:69:80:d0	whmcs35047158	-	-	-	-	-	-	-	DISCOVER	0.000000	-	-
1776309780.333750	CYorgf1QjuxEieekbb	-	-	8e:10:1f:69:80:de	voice-103-98-152-225	-	-	-	-	-	-	-	DISCOVER	0.000000	-	-
1776309779.102823	CYorgf1QjuxEieekbb	-	-	8e:10:1f:69:80:8e	whmcs39656794	-	-	-	-	-	-	-	DISCOVER	0.000000	-	-
1776309785.838229	CYorgf1QjuxEieekbb	-	-	8e:10:1f:69:80:18	-	\x04mail\x06miso88\x02in\x00	-	-	-	-	-	-	DISCOVER	0.000000	-	-
1776309787.459332	CYorgf1QjuxEieekbb	-	-	8e:10:1f:69:80:70	whmcs35849	-	-	-	-	-	-	-	DISCOVER	0.000000	-	-
1776309785.741398	CYorgf1QjuxEieekbb	-	-	8e:10:1f:69:80:c2	whmcs167551	-	-	-	-	-	-	-	DISCOVER	0.000000	-	-
1776309785.929445	CYorgf1QjuxEieekbb	-	-	8e:10:1f:69:80:69	whmcs36097603	-	-	-	-	-	-	-	DISCOVER	0.000000	-	-
1776309780.397586	CYorgf1QjuxEieekbb	-	-	8e:10:1f:69:80:80	whmcs38347220	-	-	-	-	-	-	-	DISCOVER	0.000000	-	-
1776309786.698249	CYorgf1QjuxEieekbb	-	-	8e:10:1f:69:80:dd	whmcs30547169	-	-	-	-	-	-	-	DISCOVER	0.000000	-	-
1776309780.720681	CYorgf1QjuxEieekbb	-	-	8e:10:1f:69:80:bc	whmcs33376906	-	-	-	-	-	-	-	DISCOVER	0.000000	-	-
1776309786.166259	CYorgf1QjuxEieekbb	-	-	8e:10:1f:69:80:f4	whmcs33586910	-	-	-	-	-	-	-	DISCOVER	0.000000	-	-
1776309786.912223	CYorgf1QjuxEieekbb	-	-	8e:10:1f:69:80:76	whmcs28096887	-	-	-	-	-	-	-	DISCOVER	0.000000	-	-
1776309779.259206	CYorgf1QjuxEieekbb	-	-	8e:10:1f:69:80:b9	whmcs35432	-	-	-	-	-	-	-	DISCOVER	0.000000	-	-
1776309798.725601	CYorgf1QjuxEieekbb	-	-	8e:10:1f:69:80:de	voice-103-98-152-225	-	-	-	-	-	-	-	DISCOVER	0.000000	-	-
1776309792.537115	CYorgf1QjuxEieekbb	-	-	8e:10:1f:69:80:1c	whmcs43867538	-	-	-	-	-	-	-	DISCOVER	0.000000	-	-
1776309789.364234	CYorgf1QjuxEieekbb	-	-	8e:10:1f:69:80:31	whmcs38467357	-	-	-	-	-	-	-	DISCOVER	0.000000	-	-
1776309791.412402	CYorgf1QjuxEieekbb	-	-	8e:10:1f:69:80:81	ubuntu	-	-	-	-	-	-	-	DISCOVER	0.000000	-	-
1776309796.032979	CYorgf1QjuxEieekbb	-	-	8e:10:1f:69:80:a0	-	\x07project\x0ateknixcorp\x03com\x00	-	-	-	-	-	-	DISCOVER	0.000000	-	-
1776309797.106747	CYorgf1QjuxEieekbb	-	-	8e:10:1f:69:80:63	whmcs39996845	-	-	-	-	-	-	-	DISCOVER	0.000000	-	-
1776309792.087087	CYorgf1QjuxEieekbb	-	-	8e:10:1f:69:80:a4	whmcs39856890	-	-	-	-	-	-	-	DISCOVER	0.000000	-	-
1776309790.872975	CYorgf1QjuxEieekbb	-	-	8e:10:1f:69:80:b4	whmcs38346614	-	-	-	-	-	-	-	DISCOVER	0.000000	-	-
1776309794.073481	CYorgf1QjuxEieekbb	-	-	8e:10:1f:69:80:e5	whmcs33466917	-	-	-	-	-	-	-	DISCOVER	0.000000	-	-
1776309792.477367	CYorgf1QjuxEieekbb	-	-	8e:10:1f:69:80:5f	whmcs43727450	-	-	-	-	-	-	-	DISCOVER	0.000000	-	-
1776309797.357922	CYorgf1QjuxEieekbb	-	-	8e:10:1f:69:80:83	whmcs45047608	-	-	-	-	-	-	-	DISCOVER	0.000000	-	-
1776309792.591560	CYorgf1QjuxEieekbb	-	-	8e:10:1f:69:80:09	whmcs15397050	-	-	-	-	-	-	-	DISCOVER	0.000000	-	-
1776309793.018504	CYorgf1QjuxEieekbb	-	-	8e:10:1f:69:80:68	whmcs17857335	-	-	-	-	-	-	-	DISCOVER	0.000000	-	-
1776309791.942166	CYorgf1QjuxEieekbb	-	-	8e:10:1f:69:80:a5	whmcs44107514	-	-	-	-	-	-	-	DISCOVER	0.000000	-	-
1776309797.662084	CYorgf1QjuxEieekbb	-	-	8e:10:1f:69:80:e4	-	\x08hostname\x06domain\x03tld\x00	-	-	-	-	-	-	DISCOVER	0.000000	-	-
1776309795.174553	CYorgf1QjuxEieekbb	-	-	8e:10:1f:69:80:38	whmcs33376861	-	-	-	-	-	-	-	DISCOVER	0.000000	-	-
1776309790.393645	CYorgf1QjuxEieekbb	-	-	8e:10:1f:69:80:12	whmcs45037605	-	-	-	-	-	-	-	DISCOVER	0.000000	-	-
1776309792.647452	CYorgf1QjuxEieekbb	-	-	8e:10:1f:69:80:4f	whmcs42467292	-	-	-	-	-	-	-	DISCOVER	0.000000	-	-
1776309795.706067	CYorgf1QjuxEieekbb	-	-	8e:10:1f:69:80:14	whmcs38467356	-	-	-	-	-	-	-	DISCOVER	0.000000	-	-
1776309802.402940	CYorgf1QjuxEieekbb	-	-	8e:10:1f:69:80:8f	whmcs17857422	-	-	-	-	-	-	-	DISCOVER	0.000000	-	-
1776309808.322497	CYorgf1QjuxEieekbb	-	-	8e:10:1f:69:80:de	voice-103-98-152-225	-	-	-	-	-	-	-	DISCOVER	0.000000	-	-
1776309806.101698	CYorgf1QjuxEieekbb	-	-	8e:10:1f:69:80:0b	whmcs44727578	-	-	-	-	-	-	-	DISCOVER	0.000000	-	-
1776309800.198667	CYorgf1QjuxEieekbb	-	-	8e:10:1f:69:80:c5	whmcs38466921	-	-	-	-	-	-	-	DISCOVER	0.000000	-	-
1776309808.679268	CYorgf1QjuxEieekbb	-	-	8e:10:1f:69:80:93	citymind	-	-	-	-	-	-	-	DISCOVER	0.000000	-	-
1776309803.225647	CYorgf1QjuxEieekbb	-	-	8e:10:1f:69:80:5c	whmcs44557592	-	-	-	-	-	-	-	DISCOVER	0.000000	-	-
1776309802.482903	CYorgf1QjuxEieekbb	-	-	8e:10:1f:69:80:ef	whmcs7436262	-	-	-	-	-	-	-	DISCOVER	0.000000	-	-
1776309807.182477	CYorgf1QjuxEieekbb	-	-	8e:10:1f:69:80:a9	BTG-HAPROXY	-	-	-	-	-	-	-	DISCOVER	0.000000	-	-
1776309806.112298	CYorgf1QjuxEieekbb	-	-	8e:10:1f:69:80:95	whmcs17857365	-	-	-	-	-	-	-	DISCOVER	0.000000	-	-
1776309801.135224	CYorgf1QjuxEieekbb	-	-	8e:10:1f:69:80:51	whmcs38346804	-	-	-	-	-	-	-	DISCOVER	0.000000	-	-
1776309802.184162	CYorgf1QjuxEieekbb	-	-	8e:10:1f:69:80:32	whmcs43867554	-	-	-	-	-	-	-	DISCOVER	0.000000	-	-
1776309803.896434	CYorgf1QjuxEieekbb	-	-	8e:10:1f:69:80:94	watersense	-	-	-	-	-	-	-	DISCOVER	0.000000	-	-
1776309818.118194	CYorgf1QjuxEieekbb	-	-	8e:10:1f:69:80:b7	whmcs22994531	-	-	-	-	-	-	-	DISCOVER	0.000000	-	-
1776309810.298882	CYorgf1QjuxEieekbb	-	-	8e:10:1f:69:80:7a	whmcs35046180	-	-	-	-	-	-	-	DISCOVER	0.000000	-	-
1776309795.399778	CYorgf1QjuxEieekbb	-	-	8e:10:1f:69:70:da	ns6.vnso.vn	-	-	-	-	-	-	-	DISCOVER,DISCOVER,DISCOVER,DISCOVER	31.170985	-	-
1776309814.562128	CYorgf1QjuxEieekbb	-	-	8e:10:1f:69:80:65	whmcs42417443	-	-	-	-	-	-	-	DISCOVER	0.000000	-	-
1776309815.271768	CYorgf1QjuxEieekbb	-	-	8e:10:1f:69:80:53	whmcs35046397	-	-	-	-	-	-	-	DISCOVER	0.000000	-	-
1776309812.866539	CYorgf1QjuxEieekbb	-	-	8e:10:1f:69:80:26	whmcs44107513	-	-	-	-	-	-	-	DISCOVER	0.000000	-	-
1776309811.956758	CYorgf1QjuxEieekbb	-	-	8e:10:1f:69:80:d2	whmcs33587038	-	-	-	-	-	-	-	DISCOVER	0.000000	-	-
1776309814.874332	CYorgf1QjuxEieekbb	-	-	8e:10:1f:69:80:0c	nocqtsc-vps	-	-	-	-	-	-	-	DISCOVER	0.000000	-	-
1776309809.676845	CYorgf1QjuxEieekbb	-	-	8e:10:1f:69:80:82	Sagrifood	-	-	-	-	-	-	-	DISCOVER	0.000000	-	-
1776309815.266766	CYorgf1QjuxEieekbb	-	-	8e:10:1f:69:80:6f	-	\x03git\x0ateknixcorp\x03com\x00	-	-	-	-	-	-	DISCOVER	0.000000	-	-
1776309817.573435	CYorgf1QjuxEieekbb	-	-	8e:10:1f:69:80:d1	THTAX-SD	-	-	-	-	-	-	-	DISCOVER	0.000000	-	-
1776309819.630237	CYorgf1QjuxEieekbb	-	-	8e:10:1f:69:80:f1	whmcs24136958	-	-	-	-	-	-	-	DISCOVER	0.000000	-	-
1776309824.669947	CYorgf1QjuxEieekbb	-	-	8e:10:1f:69:80:8d	whmcs43867470	-	-	-	-	-	-	-	DISCOVER	0.000000	-	-
1776309819.809309	CYorgf1QjuxEieekbb	-	-	8e:10:1f:69:80:4e	appginivn	-	-	-	-	-	-	-	DISCOVER	0.000000	-	-
1776309826.785128	CYorgf1QjuxEieekbb	-	-	8e:10:1f:69:80:44	whmcs44637589	-	-	-	-	-	-	-	DISCOVER	0.000000	-	-
1776309820.648912	CYorgf1QjuxEieekbb	-	-	8e:10:1f:69:80:36	whmcs167244	-	-	-	-	-	-	-	DISCOVER	0.000000	-	-
1776309822.816016	CYorgf1QjuxEieekbb	-	-	8e:10:1f:69:80:df	ubuntu	-	-	-	-	-	-	-	DISCOVER	0.000000	-	-
1776309824.008083	CYorgf1QjuxEieekbb	-	-	8e:10:1f:69:80:af	-	\x04wiki\x0ateknixcorp\x03com\x00	-	-	-	-	-	-	DISCOVER	0.000000	-	-
1776309826.880796	CYorgf1QjuxEieekbb	-	-	8e:10:1f:69:80:e7	whmcs28096886	-	-	-	-	-	-	-	DISCOVER	0.000000	-	-
1776309828.046376	CYorgf1QjuxEieekbb	-	-	8e:10:1f:69:80:01	whmcs40257536	-	-	-	-	-	-	-	DISCOVER	0.000000	-	-
1776309825.096567	CYorgf1QjuxEieekbb	-	-	8e:10:1f:69:80:c6	whmcs40537445	-	-	-	-	-	-	-	DISCOVER	0.000000	-	-
1776309838.009345	CYorgf1QjuxEieekbb	-	-	8e:10:1f:69:80:34	whmcs44107515	-	-	-	-	-	-	-	DISCOVER	0.000000	-	-
1776309830.375382	CYorgf1QjuxEieekbb	-	-	8e:10:1f:69:80:aa	whmcs40257565	-	-	-	-	-	-	-	DISCOVER	0.000000	-	-
1776309832.730832	CYorgf1QjuxEieekbb	-	-	8e:10:1f:69:80:4b	whmcs39797117	-	-	-	-	-	-	-	DISCOVER	0.000000	-	-
1776309832.412279	CYorgf1QjuxEieekbb	-	-	8e:10:1f:69:80:5b	whmcs40256875	-	-	-	-	-	-	-	DISCOVER	0.000000	-	-
1776309834.005628	CYorgf1QjuxEieekbb	-	-	8e:10:1f:69:80:4c	whmcs42037223	-	-	-	-	-	-	-	DISCOVER	0.000000	-	-
1776309835.432013	CYorgf1QjuxEieekbb	-	-	8e:10:1f:69:80:66	whmcs40676947	-	-	-	-	-	-	-	DISCOVER	0.000000	-	-
1776309835.493522	CYorgf1QjuxEieekbb	-	-	8e:10:1f:69:80:0e	-	\x04mail\x0ayourdomain\x03com\x00	-	-	-	-	-	-	DISCOVER	0.000000	-	-
1776309833.840986	CYorgf1QjuxEieekbb	-	-	8e:10:1f:69:80:a8	whmcs38346797	-	-	-	-	-	-	-	DISCOVER	0.000000	-	-
1776309829.524970	CYorgf1QjuxEieekbb	-	-	8e:10:1f:69:80:06	whmcs39566799	-	-	-	-	-	-	-	DISCOVER	0.000000	-	-
1776309830.532439	CYorgf1QjuxEieekbb	-	-	8e:10:1f:69:80:d7	whmcs33587167	-	-	-	-	-	-	-	DISCOVER	0.000000	-	-
1776309836.946637	CYorgf1QjuxEieekbb	-	-	8e:10:1f:69:80:9e	-	\x06miso88\x03com\x00	-	-	-	-	-	-	DISCOVER	0.000000	-	-
1776309831.064319	CYorgf1QjuxEieekbb	-	-	8e:10:1f:69:80:f0	whmcs38467355	-	-	-	-	-	-	-	DISCOVER	0.000000	-	-
1776309837.885148	CYorgf1QjuxEieekbb	-	-	8e:10:1f:69:80:88	whmcs42467409	-	-	-	-	-	-	-	DISCOVER	0.000000	-	-
1776309848.879991	CYorgf1QjuxEieekbb	-	-	8e:10:1f:69:80:54	whmcs42467323	-	-	-	-	-	-	-	DISCOVER	0.000000	-	-
1776309843.310051	CYorgf1QjuxEieekbb	-	-	8e:10:1f:69:80:d0	whmcs35047158	-	-	-	-	-	-	-	DISCOVER	0.000000	-	-
1776309843.454814	CYorgf1QjuxEieekbb	-	-	8e:10:1f:69:80:8e	whmcs39656794	-	-	-	-	-	-	-	DISCOVER	0.000000	-	-
1776309841.640603	CYorgf1QjuxEieekbb	-	-	8e:10:1f:69:70:da	ns6.vnso.vn	-	-	-	-	-	-	-	DISCOVER,DISCOVER	10.097707	-	-
1776309840.833257	CYorgf1QjuxEieekbb	-	-	8e:10:1f:69:80:6b	whmcs17857421	-	-	-	-	-	-	-	DISCOVER	0.000000	-	-
1776309839.093398	CYorgf1QjuxEieekbb	-	-	8e:10:1f:69:80:3a	whmcs44007497	-	-	-	-	-	-	-	DISCOVER	0.000000	-	-
1776309845.214180	CYorgf1QjuxEieekbb	-	-	8e:10:1f:69:80:80	whmcs38347220	-	-	-	-	-	-	-	DISCOVER	0.000000	-	-
1776309843.867172	CYorgf1QjuxEieekbb	-	-	8e:10:1f:69:80:bc	whmcs33376906	-	-	-	-	-	-	-	DISCOVER	0.000000	-	-
1776309840.901825	CYorgf1QjuxEieekbb	-	-	8e:10:1f:69:80:ee	whmcs22995971	-	-	-	-	-	-	-	DISCOVER	0.000000	-	-
1776309843.598762	CYorgf1QjuxEieekbb	-	-	8e:10:1f:69:80:b9	whmcs35432	-	-	-	-	-	-	-	DISCOVER	0.000000	-	-
1776309852.481771	CYorgf1QjuxEieekbb	-	-	8e:10:1f:69:80:52	whmcs30985006	-	-	-	-	-	-	-	DISCOVER	0.000000	-	-
1776309850.728154	CYorgf1QjuxEieekbb	-	-	8e:10:1f:69:80:18	-	\x04mail\x06miso88\x02in\x00	-	-	-	-	-	-	DISCOVER	0.000000	-	-
1776309856.689658	CYorgf1QjuxEieekbb	-	-	8e:10:1f:69:80:1c	whmcs43867538	-	-	-	-	-	-	-	DISCOVER	0.000000	-	-
1776309852.752096	CYorgf1QjuxEieekbb	-	-	8e:10:1f:69:80:31	whmcs38467357	-	-	-	-	-	-	-	DISCOVER	0.000000	-	-
1776309850.551408	CYorgf1QjuxEieekbb	-	-	8e:10:1f:69:80:70	whmcs35849	-	-	-	-	-	-	-	DISCOVER	0.000000	-	-
1776309855.284128	CYorgf1QjuxEieekbb	-	-	8e:10:1f:69:80:81	ubuntu	-	-	-	-	-	-	-	DISCOVER	0.000000	-	-
1776309855.498829	CYorgf1QjuxEieekbb	-	-	8e:10:1f:69:80:a4	whmcs39856890	-	-	-	-	-	-	-	DISCOVER	0.000000	-	-
1776309850.487620	CYorgf1QjuxEieekbb	-	-	8e:10:1f:69:80:c2	whmcs167551	-	-	-	-	-	-	-	DISCOVER	0.000000	-	-
1776309854.593173	CYorgf1QjuxEieekbb	-	-	8e:10:1f:69:80:b4	whmcs38346614	-	-	-	-	-	-	-	DISCOVER	0.000000	-	-
1776309858.145235	CYorgf1QjuxEieekbb	-	-	8e:10:1f:69:80:e5	whmcs33466917	-	-	-	-	-	-	-	DISCOVER	0.000000	-	-
1776309855.747850	CYorgf1QjuxEieekbb	-	-	8e:10:1f:69:80:5f	whmcs43727450	-	-	-	-	-	-	-	DISCOVER	0.000000	-	-
1776309856.240846	CYorgf1QjuxEieekbb	-	-	8e:10:1f:69:80:09	whmcs15397050	-	-	-	-	-	-	-	DISCOVER	0.000000	-	-
1776309856.639910	CYorgf1QjuxEieekbb	-	-	8e:10:1f:69:80:68	whmcs17857335	-	-	-	-	-	-	-	DISCOVER	0.000000	-	-
1776309856.593832	CYorgf1QjuxEieekbb	-	-	8e:10:1f:69:80:a5	whmcs44107514	-	-	-	-	-	-	-	DISCOVER	0.000000	-	-
1776309850.761253	CYorgf1QjuxEieekbb	-	-	8e:10:1f:69:80:69	whmcs36097603	-	-	-	-	-	-	-	DISCOVER	0.000000	-	-
1776309849.942913	CYorgf1QjuxEieekbb	-	-	8e:10:1f:69:80:dd	whmcs30547169	-	-	-	-	-	-	-	DISCOVER	0.000000	-	-
1776309849.599492	CYorgf1QjuxEieekbb	-	-	8e:10:1f:69:80:f4	whmcs33586910	-	-	-	-	-	-	-	DISCOVER	0.000000	-	-
1776309854.045598	CYorgf1QjuxEieekbb	-	-	8e:10:1f:69:80:12	whmcs45037605	-	-	-	-	-	-	-	DISCOVER	0.000000	-	-
1776309851.029699	CYorgf1QjuxEieekbb	-	-	8e:10:1f:69:80:76	whmcs28096887	-	-	-	-	-	-	-	DISCOVER	0.000000	-	-
1776309855.721501	CYorgf1QjuxEieekbb	-	-	8e:10:1f:69:80:4f	whmcs42467292	-	-	-	-	-	-	-	DISCOVER	0.000000	-	-
1776309867.233535	CYorgf1QjuxEieekbb	-	-	8e:10:1f:69:80:8f	whmcs17857422	-	-	-	-	-	-	-	DISCOVER	0.000000	-	-
1776309860.153443	CYorgf1QjuxEieekbb	-	-	8e:10:1f:69:80:a0	-	\x07project\x0ateknixcorp\x03com\x00	-	-	-	-	-	-	DISCOVER	0.000000	-	-
1776309860.366677	CYorgf1QjuxEieekbb	-	-	8e:10:1f:69:80:63	whmcs39996845	-	-	-	-	-	-	-	DISCOVER	0.000000	-	-
1776309863.851345	CYorgf1QjuxEieekbb	-	-	8e:10:1f:69:80:c5	whmcs38466921	-	-	-	-	-	-	-	DISCOVER	0.000000	-	-
1776309868.169164	CYorgf1QjuxEieekbb	-	-	8e:10:1f:69:80:5c	whmcs44557592	-	-	-	-	-	-	-	DISCOVER	0.000000	-	-
1776309865.817331	CYorgf1QjuxEieekbb	-	-	8e:10:1f:69:80:ef	whmcs7436262	-	-	-	-	-	-	-	DISCOVER	0.000000	-	-
1776309860.941107	CYorgf1QjuxEieekbb	-	-	8e:10:1f:69:80:83	whmcs45047608	-	-	-	-	-	-	-	DISCOVER	0.000000	-	-
1776309860.781538	CYorgf1QjuxEieekbb	-	-	8e:10:1f:69:80:e4	-	\x08hostname\x06domain\x03tld\x00	-	-	-	-	-	-	DISCOVER	0.000000	-	-
1776309859.019015	CYorgf1QjuxEieekbb	-	-	8e:10:1f:69:80:38	whmcs33376861	-	-	-	-	-	-	-	DISCOVER	0.000000	-	-
1776309864.965573	CYorgf1QjuxEieekbb	-	-	8e:10:1f:69:80:51	whmcs38346804	-	-	-	-	-	-	-	DISCOVER	0.000000	-	-
1776309865.746276	CYorgf1QjuxEieekbb	-	-	8e:10:1f:69:80:32	whmcs43867554	-	-	-	-	-	-	-	DISCOVER	0.000000	-	-
1776309859.333802	CYorgf1QjuxEieekbb	-	-	8e:10:1f:69:80:14	whmcs38467356	-	-	-	-	-	-	-	DISCOVER	0.000000	-	-
1776309868.834705	CYorgf1QjuxEieekbb	-	-	8e:10:1f:69:80:94	watersense	-	-	-	-	-	-	-	DISCOVER	0.000000	-	-
1776309869.128134	CYorgf1QjuxEieekbb	-	-	8e:10:1f:69:80:0b	whmcs44727578	-	-	-	-	-	-	-	DISCOVER	0.000000	-	-
1776309873.825424	CYorgf1QjuxEieekbb	-	-	8e:10:1f:69:80:7a	whmcs35046180	-	-	-	-	-	-	-	DISCOVER	0.000000	-	-
1776309860.194310	CYorgf1QjuxEieekbb	-	-	8e:10:1f:69:70:da	ns6.vnso.vn	-	-	-	-	-	-	-	DISCOVER,DISCOVER	13.623313	-	-
1776309878.104226	CYorgf1QjuxEieekbb	-	-	8e:10:1f:69:80:65	whmcs42417443	-	-	-	-	-	-	-	DISCOVER	0.000000	-	-
1776309872.636175	CYorgf1QjuxEieekbb	-	-	8e:10:1f:69:80:93	citymind	-	-	-	-	-	-	-	DISCOVER	0.000000	-	-
1776309870.720097	CYorgf1QjuxEieekbb	-	-	8e:10:1f:69:80:a9	BTG-HAPROXY	-	-	-	-	-	-	-	DISCOVER	0.000000	-	-
1776309878.531327	CYorgf1QjuxEieekbb	-	-	8e:10:1f:69:80:53	whmcs35046397	-	-	-	-	-	-	-	DISCOVER	0.000000	-	-
1776309876.958174	CYorgf1QjuxEieekbb	-	-	8e:10:1f:69:80:26	whmcs44107513	-	-	-	-	-	-	-	DISCOVER	0.000000	-	-
1776309876.727265	CYorgf1QjuxEieekbb	-	-	8e:10:1f:69:80:d2	whmcs33587038	-	-	-	-	-	-	-	DISCOVER	0.000000	-	-
1776309874.041318	CYorgf1QjuxEieekbb	-	-	8e:10:1f:69:80:82	Sagrifood	-	-	-	-	-	-	-	DISCOVER	0.000000	-	-
1776309869.953707	CYorgf1QjuxEieekbb	-	-	8e:10:1f:69:80:95	whmcs17857365	-	-	-	-	-	-	-	DISCOVER	0.000000	-	-
1776309882.855628	CYorgf1QjuxEieekbb	-	-	8e:10:1f:69:80:f1	whmcs24136958	-	-	-	-	-	-	-	DISCOVER	0.000000	-	-
1776309881.325604	CYorgf1QjuxEieekbb	-	-	8e:10:1f:69:80:b7	whmcs22994531	-	-	-	-	-	-	-	DISCOVER	0.000000	-	-
1776309882.869087	CYorgf1QjuxEieekbb	-	-	8e:10:1f:69:80:4e	appginivn	-	-	-	-	-	-	-	DISCOVER	0.000000	-	-
1776309885.047639	CYorgf1QjuxEieekbb	-	-	8e:10:1f:69:80:36	whmcs167244	-	-	-	-	-	-	-	DISCOVER	0.000000	-	-
1776309874.180387	CYorgf1QjuxEieekbb	-	-	8e:10:1f:69:80:98	Voice-Gateway-01	-	-	-	-	-	-	-	DISCOVER,DISCOVER,DISCOVER	11.675198	-	-
1776309886.484876	CYorgf1QjuxEieekbb	-	-	8e:10:1f:69:80:df	ubuntu	-	-	-	-	-	-	-	DISCOVER	0.000000	-	-
1776309887.163958	CYorgf1QjuxEieekbb	-	-	8e:10:1f:69:80:af	-	\x04wiki\x0ateknixcorp\x03com\x00	-	-	-	-	-	-	DISCOVER	0.000000	-	-
1776309879.775878	CYorgf1QjuxEieekbb	-	-	8e:10:1f:69:80:0c	nocqtsc-vps	-	-	-	-	-	-	-	DISCOVER	0.000000	-	-
1776309879.875242	CYorgf1QjuxEieekbb	-	-	8e:10:1f:69:80:6f	-	\x03git\x0ateknixcorp\x03com\x00	-	-	-	-	-	-	DISCOVER	0.000000	-	-
1776309881.025998	CYorgf1QjuxEieekbb	-	-	8e:10:1f:69:80:d1	THTAX-SD	-	-	-	-	-	-	-	DISCOVER	0.000000	-	-
1776309894.768558	CYorgf1QjuxEieekbb	-	-	8e:10:1f:69:80:aa	whmcs40257565	-	-	-	-	-	-	-	DISCOVER	0.000000	-	-
1776309889.564903	CYorgf1QjuxEieekbb	-	-	8e:10:1f:69:80:8d	whmcs43867470	-	-	-	-	-	-	-	DISCOVER	0.000000	-	-
1776309897.312417	CYorgf1QjuxEieekbb	-	-	8e:10:1f:69:80:4b	whmcs39797117	-	-	-	-	-	-	-	DISCOVER	0.000000	-	-
1776309897.103714	CYorgf1QjuxEieekbb	-	-	8e:10:1f:69:80:5b	whmcs40256875	-	-	-	-	-	-	-	DISCOVER	0.000000	-	-
1776309898.878287	CYorgf1QjuxEieekbb	-	-	8e:10:1f:69:80:4c	whmcs42037223	-	-	-	-	-	-	-	DISCOVER	0.000000	-	-
1776309889.981950	CYorgf1QjuxEieekbb	-	-	8e:10:1f:69:70:da	ns6.vnso.vn	-	-	-	-	-	-	-	DISCOVER,DISCOVER	8.774481	-	-
1776309891.373806	CYorgf1QjuxEieekbb	-	-	8e:10:1f:69:80:44	whmcs44637589	-	-	-	-	-	-	-	DISCOVER	0.000000	-	-
1776309898.794200	CYorgf1QjuxEieekbb	-	-	8e:10:1f:69:80:0e	-	\x04mail\x0ayourdomain\x03com\x00	-	-	-	-	-	-	DISCOVER	0.000000	-	-
1776309897.626905	CYorgf1QjuxEieekbb	-	-	8e:10:1f:69:80:a8	whmcs38346797	-	-	-	-	-	-	-	DISCOVER	0.000000	-	-
1776309890.740587	CYorgf1QjuxEieekbb	-	-	8e:10:1f:69:80:e7	whmcs28096886	-	-	-	-	-	-	-	DISCOVER	0.000000	-	-
1776309892.909317	CYorgf1QjuxEieekbb	-	-	8e:10:1f:69:80:06	whmcs39566799	-	-	-	-	-	-	-	DISCOVER	0.000000	-	-
1776309893.583660	CYorgf1QjuxEieekbb	-	-	8e:10:1f:69:80:d7	whmcs33587167	-	-	-	-	-	-	-	DISCOVER	0.000000	-	-
1776309891.856354	CYorgf1QjuxEieekbb	-	-	8e:10:1f:69:80:01	whmcs40257536	-	-	-	-	-	-	-	DISCOVER	0.000000	-	-
1776309895.680674	CYorgf1QjuxEieekbb	-	-	8e:10:1f:69:80:f0	whmcs38467355	-	-	-	-	-	-	-	DISCOVER	0.000000	-	-
1776309889.045303	CYorgf1QjuxEieekbb	-	-	8e:10:1f:69:80:c6	whmcs40537445	-	-	-	-	-	-	-	DISCOVER	0.000000	-	-
1776309907.886755	CYorgf1QjuxEieekbb	-	-	8e:10:1f:69:80:d0	whmcs35047158	-	-	-	-	-	-	-	DISCOVER	0.000000	-	-
1776309902.498874	CYorgf1QjuxEieekbb	-	-	8e:10:1f:69:80:34	whmcs44107515	-	-	-	-	-	-	-	DISCOVER	0.000000	-	-
1776309907.687295	CYorgf1QjuxEieekbb	-	-	8e:10:1f:69:80:8e	whmcs39656794	-	-	-	-	-	-	-	DISCOVER	0.000000	-	-
1776309899.913240	CYorgf1QjuxEieekbb	-	-	8e:10:1f:69:80:66	whmcs40676947	-	-	-	-	-	-	-	DISCOVER	0.000000	-	-
1776309899.095887	CYorgf1QjuxEieekbb	-	-	8e:10:1f:69:80:98	Voice-Gateway-01	-	-	-	-	-	-	-	DISCOVER,DISCOVER	12.831239	-	-
1776309904.688223	CYorgf1QjuxEieekbb	-	-	8e:10:1f:69:80:6b	whmcs17857421	-	-	-	-	-	-	-	DISCOVER	0.000000	-	-
1776309902.283431	CYorgf1QjuxEieekbb	-	-	8e:10:1f:69:80:3a	whmcs44007497	-	-	-	-	-	-	-	DISCOVER	0.000000	-	-
1776309907.596059	CYorgf1QjuxEieekbb	-	-	8e:10:1f:69:80:bc	whmcs33376906	-	-	-	-	-	-	-	DISCOVER	0.000000	-	-
1776309900.291050	CYorgf1QjuxEieekbb	-	-	8e:10:1f:69:80:9e	-	\x06miso88\x03com\x00	-	-	-	-	-	-	DISCOVER	0.000000	-	-
1776309904.856362	CYorgf1QjuxEieekbb	-	-	8e:10:1f:69:80:ee	whmcs22995971	-	-	-	-	-	-	-	DISCOVER	0.000000	-	-
1776309907.029515	CYorgf1QjuxEieekbb	-	-	8e:10:1f:69:80:b9	whmcs35432	-	-	-	-	-	-	-	DISCOVER	0.000000	-	-
1776309902.545032	CYorgf1QjuxEieekbb	-	-	8e:10:1f:69:80:88	whmcs42467409	-	-	-	-	-	-	-	DISCOVER	0.000000	-	-
1776309912.619756	CYorgf1QjuxEieekbb	-	-	8e:10:1f:69:80:54	whmcs42467323	-	-	-	-	-	-	-	DISCOVER	0.000000	-	-
1776309916.290981	CYorgf1QjuxEieekbb	-	-	8e:10:1f:69:80:52	whmcs30985006	-	-	-	-	-	-	-	DISCOVER	0.000000	-	-
1776309914.394845	CYorgf1QjuxEieekbb	-	-	8e:10:1f:69:80:18	-	\x04mail\x06miso88\x02in\x00	-	-	-	-	-	-	DISCOVER	0.000000	-	-
1776309916.901333	CYorgf1QjuxEieekbb	-	-	8e:10:1f:69:80:31	whmcs38467357	-	-	-	-	-	-	-	DISCOVER	0.000000	-	-
1776309914.820425	CYorgf1QjuxEieekbb	-	-	8e:10:1f:69:80:70	whmcs35849	-	-	-	-	-	-	-	DISCOVER	0.000000	-	-
1776309914.781493	CYorgf1QjuxEieekbb	-	-	8e:10:1f:69:80:c2	whmcs167551	-	-	-	-	-	-	-	DISCOVER	0.000000	-	-
1776309918.319525	CYorgf1QjuxEieekbb	-	-	8e:10:1f:69:80:b4	whmcs38346614	-	-	-	-	-	-	-	DISCOVER	0.000000	-	-
1776309918.867259	CYorgf1QjuxEieekbb	-	-	8e:10:1f:69:80:5f	whmcs43727450	-	-	-	-	-	-	-	DISCOVER	0.000000	-	-
1776309915.661426	CYorgf1QjuxEieekbb	-	-	8e:10:1f:69:80:69	whmcs36097603	-	-	-	-	-	-	-	DISCOVER	0.000000	-	-
1776309909.350396	CYorgf1QjuxEieekbb	-	-	8e:10:1f:69:80:80	whmcs38347220	-	-	-	-	-	-	-	DISCOVER	0.000000	-	-
1776309913.110942	CYorgf1QjuxEieekbb	-	-	8e:10:1f:69:80:dd	whmcs30547169	-	-	-	-	-	-	-	DISCOVER	0.000000	-	-
1776309914.547836	CYorgf1QjuxEieekbb	-	-	8e:10:1f:69:80:f4	whmcs33586910	-	-	-	-	-	-	-	DISCOVER	0.000000	-	-
1776309918.623228	CYorgf1QjuxEieekbb	-	-	8e:10:1f:69:80:12	whmcs45037605	-	-	-	-	-	-	-	DISCOVER	0.000000	-	-
1776309915.299814	CYorgf1QjuxEieekbb	-	-	8e:10:1f:69:80:76	whmcs28096887	-	-	-	-	-	-	-	DISCOVER	0.000000	-	-
1776309920.426708	CYorgf1QjuxEieekbb	-	-	8e:10:1f:69:80:1c	whmcs43867538	-	-	-	-	-	-	-	DISCOVER	0.000000	-	-
1776309919.152303	CYorgf1QjuxEieekbb	-	-	8e:10:1f:69:80:81	ubuntu	-	-	-	-	-	-	-	DISCOVER	0.000000	-	-
1776309924.521769	CYorgf1QjuxEieekbb	-	-	8e:10:1f:69:80:a0	-	\x07project\x0ateknixcorp\x03com\x00	-	-	-	-	-	-	DISCOVER	0.000000	-	-
1776309924.723616	CYorgf1QjuxEieekbb	-	-	8e:10:1f:69:80:63	whmcs39996845	-	-	-	-	-	-	-	DISCOVER	0.000000	-	-
1776309919.135358	CYorgf1QjuxEieekbb	-	-	8e:10:1f:69:80:a4	whmcs39856890	-	-	-	-	-	-	-	DISCOVER	0.000000	-	-
1776309927.456028	CYorgf1QjuxEieekbb	-	-	8e:10:1f:69:80:c5	whmcs38466921	-	-	-	-	-	-	-	DISCOVER	0.000000	-	-
1776309924.916398	CYorgf1QjuxEieekbb	-	-	8e:10:1f:69:80:98	Voice-Gateway-01	-	-	-	-	-	-	-	DISCOVER	0.000000	-	-
1776309923.072993	CYorgf1QjuxEieekbb	-	-	8e:10:1f:69:80:e5	whmcs33466917	-	-	-	-	-	-	-	DISCOVER	0.000000	-	-
1776309924.307172	CYorgf1QjuxEieekbb	-	-	8e:10:1f:69:80:83	whmcs45047608	-	-	-	-	-	-	-	DISCOVER	0.000000	-	-
1776309919.947360	CYorgf1QjuxEieekbb	-	-	8e:10:1f:69:80:09	whmcs15397050	-	-	-	-	-	-	-	DISCOVER	0.000000	-	-
1776309921.507289	CYorgf1QjuxEieekbb	-	-	8e:10:1f:69:80:68	whmcs17857335	-	-	-	-	-	-	-	DISCOVER	0.000000	-	-
1776309919.871546	CYorgf1QjuxEieekbb	-	-	8e:10:1f:69:80:a5	whmcs44107514	-	-	-	-	-	-	-	DISCOVER	0.000000	-	-
1776309924.417886	CYorgf1QjuxEieekbb	-	-	8e:10:1f:69:80:e4	-	\x08hostname\x06domain\x03tld\x00	-	-	-	-	-	-	DISCOVER	0.000000	-	-
1776309923.406548	CYorgf1QjuxEieekbb	-	-	8e:10:1f:69:80:38	whmcs33376861	-	-	-	-	-	-	-	DISCOVER	0.000000	-	-
1776309928.355099	CYorgf1QjuxEieekbb	-	-	8e:10:1f:69:80:51	whmcs38346804	-	-	-	-	-	-	-	DISCOVER	0.000000	-	-
1776309919.412279	CYorgf1QjuxEieekbb	-	-	8e:10:1f:69:80:4f	whmcs42467292	-	-	-	-	-	-	-	DISCOVER	0.000000	-	-
1776309923.742056	CYorgf1QjuxEieekbb	-	-	8e:10:1f:69:80:14	whmcs38467356	-	-	-	-	-	-	-	DISCOVER	0.000000	-	-
1776309930.967700	CYorgf1QjuxEieekbb	-	-	8e:10:1f:69:80:8f	whmcs17857422	-	-	-	-	-	-	-	DISCOVER	0.000000	-	-
1776309932.938242	CYorgf1QjuxEieekbb	-	-	8e:10:1f:69:80:0b	whmcs44727578	-	-	-	-	-	-	-	DISCOVER	0.000000	-	-
1776309937.198042	CYorgf1QjuxEieekbb	-	-	8e:10:1f:69:80:7a	whmcs35046180	-	-	-	-	-	-	-	DISCOVER	0.000000	-	-
1776309937.535241	CYorgf1QjuxEieekbb	-	-	8e:10:1f:69:80:93	citymind	-	-	-	-	-	-	-	DISCOVER	0.000000	-	-
1776309931.586358	CYorgf1QjuxEieekbb	-	-	8e:10:1f:69:80:5c	whmcs44557592	-	-	-	-	-	-	-	DISCOVER	0.000000	-	-
1776309929.793149	CYorgf1QjuxEieekbb	-	-	8e:10:1f:69:80:ef	whmcs7436262	-	-	-	-	-	-	-	DISCOVER	0.000000	-	-
1776309934.302367	CYorgf1QjuxEieekbb	-	-	8e:10:1f:69:80:a9	BTG-HAPROXY	-	-	-	-	-	-	-	DISCOVER	0.000000	-	-
1776309938.465938	CYorgf1QjuxEieekbb	-	-	8e:10:1f:69:80:82	Sagrifood	-	-	-	-	-	-	-	DISCOVER	0.000000	-	-
1776309933.390154	CYorgf1QjuxEieekbb	-	-	8e:10:1f:69:80:95	whmcs17857365	-	-	-	-	-	-	-	DISCOVER	0.000000	-	-
1776309929.099548	CYorgf1QjuxEieekbb	-	-	8e:10:1f:69:80:32	whmcs43867554	-	-	-	-	-	-	-	DISCOVER	0.000000	-	-
1776309933.728569	CYorgf1QjuxEieekbb	-	-	8e:10:1f:69:80:94	watersense	-	-	-	-	-	-	-	DISCOVER	0.000000	-	-
1776309946.623129	CYorgf1QjuxEieekbb	-	-	8e:10:1f:69:80:f1	whmcs24136958	-	-	-	-	-	-	-	DISCOVER	0.000000	-	-
1776309945.455942	CYorgf1QjuxEieekbb	-	-	8e:10:1f:69:80:b7	whmcs22994531	-	-	-	-	-	-	-	DISCOVER	0.000000	-	-
1776309946.036888	CYorgf1QjuxEieekbb	-	-	8e:10:1f:69:80:4e	appginivn	-	-	-	-	-	-	-	DISCOVER	0.000000	-	-
1776309941.955843	CYorgf1QjuxEieekbb	-	-	8e:10:1f:69:80:65	whmcs42417443	-	-	-	-	-	-	-	DISCOVER	0.000000	-	-
1776309919.140303	CYorgf1QjuxEieekbb	-	-	8e:10:1f:69:70:da	ns6.vnso.vn	-	-	-	-	-	-	-	DISCOVER,DISCOVER,DISCOVER,DISCOVER	32.885853	-	-
1776309941.776202	CYorgf1QjuxEieekbb	-	-	8e:10:1f:69:80:53	whmcs35046397	-	-	-	-	-	-	-	DISCOVER	0.000000	-	-
1776309941.650085	CYorgf1QjuxEieekbb	-	-	8e:10:1f:69:80:26	whmcs44107513	-	-	-	-	-	-	-	DISCOVER	0.000000	-	-
1776309941.214662	CYorgf1QjuxEieekbb	-	-	8e:10:1f:69:80:d2	whmcs33587038	-	-	-	-	-	-	-	DISCOVER	0.000000	-	-
1776309944.031233	CYorgf1QjuxEieekbb	-	-	8e:10:1f:69:80:0c	nocqtsc-vps	-	-	-	-	-	-	-	DISCOVER	0.000000	-	-
1776309943.670273	CYorgf1QjuxEieekbb	-	-	8e:10:1f:69:80:6f	-	\x03git\x0ateknixcorp\x03com\x00	-	-	-	-	-	-	DISCOVER	0.000000	-	-
1776309944.782464	CYorgf1QjuxEieekbb	-	-	8e:10:1f:69:80:d1	THTAX-SD	-	-	-	-	-	-	-	DISCOVER	0.000000	-	-
1776309958.286375	CYorgf1QjuxEieekbb	-	-	8e:10:1f:69:80:aa	whmcs40257565	-	-	-	-	-	-	-	DISCOVER	0.000000	-	-
1776309954.008894	CYorgf1QjuxEieekbb	-	-	8e:10:1f:69:80:8d	whmcs43867470	-	-	-	-	-	-	-	DISCOVER	0.000000	-	-
1776309955.656085	CYorgf1QjuxEieekbb	-	-	8e:10:1f:69:80:44	whmcs44637589	-	-	-	-	-	-	-	DISCOVER	0.000000	-	-
1776309949.758255	CYorgf1QjuxEieekbb	-	-	8e:10:1f:69:80:36	whmcs167244	-	-	-	-	-	-	-	DISCOVER	0.000000	-	-
1776309951.109529	CYorgf1QjuxEieekbb	-	-	8e:10:1f:69:80:df	ubuntu	-	-	-	-	-	-	-	DISCOVER	0.000000	-	-
1776309951.604267	CYorgf1QjuxEieekbb	-	-	8e:10:1f:69:80:af	-	\x04wiki\x0ateknixcorp\x03com\x00	-	-	-	-	-	-	DISCOVER	0.000000	-	-
1776309954.652679	CYorgf1QjuxEieekbb	-	-	8e:10:1f:69:80:e7	whmcs28096886	-	-	-	-	-	-	-	DISCOVER	0.000000	-	-
1776309956.842812	CYorgf1QjuxEieekbb	-	-	8e:10:1f:69:80:06	whmcs39566799	-	-	-	-	-	-	-	DISCOVER	0.000000	-	-
1776309957.034188	CYorgf1QjuxEieekbb	-	-	8e:10:1f:69:80:d7	whmcs33587167	-	-	-	-	-	-	-	DISCOVER	0.000000	-	-
1776309956.129039	CYorgf1QjuxEieekbb	-	-	8e:10:1f:69:80:01	whmcs40257536	-	-	-	-	-	-	-	DISCOVER	0.000000	-	-
1776309952.953470	CYorgf1QjuxEieekbb	-	-	8e:10:1f:69:80:c6	whmcs40537445	-	-	-	-	-	-	-	DISCOVER	0.000000	-	-
1776309965.927130	CYorgf1QjuxEieekbb	-	-	8e:10:1f:69:80:34	whmcs44107515	-	-	-	-	-	-	-	DISCOVER	0.000000	-	-
1776309960.690064	CYorgf1QjuxEieekbb	-	-	8e:10:1f:69:80:4b	whmcs39797117	-	-	-	-	-	-	-	DISCOVER	0.000000	-	-
1776309960.520707	CYorgf1QjuxEieekbb	-	-	8e:10:1f:69:80:5b	whmcs40256875	-	-	-	-	-	-	-	DISCOVER	0.000000	-	-
1776309962.994711	CYorgf1QjuxEieekbb	-	-	8e:10:1f:69:80:4c	whmcs42037223	-	-	-	-	-	-	-	DISCOVER	0.000000	-	-
1776309963.074344	CYorgf1QjuxEieekbb	-	-	8e:10:1f:69:80:66	whmcs40676947	-	-	-	-	-	-	-	DISCOVER	0.000000	-	-
1776309962.962158	CYorgf1QjuxEieekbb	-	-	8e:10:1f:69:70:da	ns6.vnso.vn	-	-	-	-	-	-	-	DISCOVER	0.000000	-	-
1776309963.562882	CYorgf1QjuxEieekbb	-	-	8e:10:1f:69:80:0e	-	\x04mail\x0ayourdomain\x03com\x00	-	-	-	-	-	-	DISCOVER	0.000000	-	-
1776309968.351650	CYorgf1QjuxEieekbb	-	-	8e:10:1f:69:80:6b	whmcs17857421	-	-	-	-	-	-	-	DISCOVER	0.000000	-	-
1776309961.973087	CYorgf1QjuxEieekbb	-	-	8e:10:1f:69:80:a8	whmcs38346797	-	-	-	-	-	-	-	DISCOVER	0.000000	-	-
1776309965.814781	CYorgf1QjuxEieekbb	-	-	8e:10:1f:69:80:3a	whmcs44007497	-	-	-	-	-	-	-	DISCOVER	0.000000	-	-
1776309963.552702	CYorgf1QjuxEieekbb	-	-	8e:10:1f:69:80:9e	-	\x06miso88\x03com\x00	-	-	-	-	-	-	DISCOVER	0.000000	-	-
1776309968.862358	CYorgf1QjuxEieekbb	-	-	8e:10:1f:69:80:ee	whmcs22995971	-	-	-	-	-	-	-	DISCOVER	0.000000	-	-
1776309959.405305	CYorgf1QjuxEieekbb	-	-	8e:10:1f:69:80:f0	whmcs38467355	-	-	-	-	-	-	-	DISCOVER	0.000000	-	-
1776309966.442158	CYorgf1QjuxEieekbb	-	-	8e:10:1f:69:80:88	whmcs42467409	-	-	-	-	-	-	-	DISCOVER	0.000000	-	-
1776309975.800397	CYorgf1QjuxEieekbb	-	-	8e:10:1f:69:80:54	whmcs42467323	-	-	-	-	-	-	-	DISCOVER	0.000000	-	-
1776309971.174555	CYorgf1QjuxEieekbb	-	-	8e:10:1f:69:80:d0	whmcs35047158	-	-	-	-	-	-	-	DISCOVER	0.000000	-	-
1776309970.841203	CYorgf1QjuxEieekbb	-	-	8e:10:1f:69:80:8e	whmcs39656794	-	-	-	-	-	-	-	DISCOVER	0.000000	-	-
1776309977.619004	CYorgf1QjuxEieekbb	-	-	8e:10:1f:69:80:18	-	\x04mail\x06miso88\x02in\x00	-	-	-	-	-	-	DISCOVER	0.000000	-	-
1776309978.719209	CYorgf1QjuxEieekbb	-	-	8e:10:1f:69:80:c2	whmcs167551	-	-	-	-	-	-	-	DISCOVER	0.000000	-	-
1776309973.748951	CYorgf1QjuxEieekbb	-	-	8e:10:1f:69:80:80	whmcs38347220	-	-	-	-	-	-	-	DISCOVER	0.000000	-	-
1776309977.020766	CYorgf1QjuxEieekbb	-	-	8e:10:1f:69:80:dd	whmcs30547169	-	-	-	-	-	-	-	DISCOVER	0.000000	-	-
1776309971.947947	CYorgf1QjuxEieekbb	-	-	8e:10:1f:69:80:bc	whmcs33376906	-	-	-	-	-	-	-	DISCOVER	0.000000	-	-
1776309978.020400	CYorgf1QjuxEieekbb	-	-	8e:10:1f:69:80:f4	whmcs33586910	-	-	-	-	-	-	-	DISCOVER	0.000000	-	-
1776309970.575590	CYorgf1QjuxEieekbb	-	-	8e:10:1f:69:80:b9	whmcs35432	-	-	-	-	-	-	-	DISCOVER	0.000000	-	-
1776309980.005147	CYorgf1QjuxEieekbb	-	-	8e:10:1f:69:80:52	whmcs30985006	-	-	-	-	-	-	-	DISCOVER	0.000000	-	-
1776309983.535030	CYorgf1QjuxEieekbb	-	-	8e:10:1f:69:80:1c	whmcs43867538	-	-	-	-	-	-	-	DISCOVER	0.000000	-	-
1776309981.015905	CYorgf1QjuxEieekbb	-	-	8e:10:1f:69:80:31	whmcs38467357	-	-	-	-	-	-	-	DISCOVER	0.000000	-	-
1776309979.078995	CYorgf1QjuxEieekbb	-	-	8e:10:1f:69:80:70	whmcs35849	-	-	-	-	-	-	-	DISCOVER	0.000000	-	-
1776309983.140982	CYorgf1QjuxEieekbb	-	-	8e:10:1f:69:80:81	ubuntu	-	-	-	-	-	-	-	DISCOVER	0.000000	-	-
1776309988.381438	CYorgf1QjuxEieekbb	-	-	8e:10:1f:69:80:a0	-	\x07project\x0ateknixcorp\x03com\x00	-	-	-	-	-	-	DISCOVER	0.000000	-	-
1776309983.840371	CYorgf1QjuxEieekbb	-	-	8e:10:1f:69:80:a4	whmcs39856890	-	-	-	-	-	-	-	DISCOVER	0.000000	-	-
1776309981.818038	CYorgf1QjuxEieekbb	-	-	8e:10:1f:69:70:da	ns6.vnso.vn	-	-	-	-	-	-	-	DISCOVER	0.000000	-	-
1776309981.394994	CYorgf1QjuxEieekbb	-	-	8e:10:1f:69:80:b4	whmcs38346614	-	-	-	-	-	-	-	DISCOVER	0.000000	-	-
1776309988.027145	CYorgf1QjuxEieekbb	-	-	8e:10:1f:69:80:e5	whmcs33466917	-	-	-	-	-	-	-	DISCOVER	0.000000	-	-
1776309983.313583	CYorgf1QjuxEieekbb	-	-	8e:10:1f:69:80:5f	whmcs43727450	-	-	-	-	-	-	-	DISCOVER	0.000000	-	-
1776309987.488709	CYorgf1QjuxEieekbb	-	-	8e:10:1f:69:80:83	whmcs45047608	-	-	-	-	-	-	-	DISCOVER	0.000000	-	-
1776309983.811000	CYorgf1QjuxEieekbb	-	-	8e:10:1f:69:80:09	whmcs15397050	-	-	-	-	-	-	-	DISCOVER	0.000000	-	-
1776309984.984143	CYorgf1QjuxEieekbb	-	-	8e:10:1f:69:80:68	whmcs17857335	-	-	-	-	-	-	-	DISCOVER	0.000000	-	-
1776309983.752267	CYorgf1QjuxEieekbb	-	-	8e:10:1f:69:80:a5	whmcs44107514	-	-	-	-	-	-	-	DISCOVER	0.000000	-	-
1776309979.407283	CYorgf1QjuxEieekbb	-	-	8e:10:1f:69:80:69	whmcs36097603	-	-	-	-	-	-	-	DISCOVER	0.000000	-	-
1776309988.477187	CYorgf1QjuxEieekbb	-	-	8e:10:1f:69:80:e4	-	\x08hostname\x06domain\x03tld\x00	-	-	-	-	-	-	DISCOVER	0.000000	-	-
1776309986.669300	CYorgf1QjuxEieekbb	-	-	8e:10:1f:69:80:38	whmcs33376861	-	-	-	-	-	-	-	DISCOVER	0.000000	-	-
1776309982.589012	CYorgf1QjuxEieekbb	-	-	8e:10:1f:69:80:12	whmcs45037605	-	-	-	-	-	-	-	DISCOVER	0.000000	-	-
1776309980.218497	CYorgf1QjuxEieekbb	-	-	8e:10:1f:69:80:76	whmcs28096887	-	-	-	-	-	-	-	DISCOVER	0.000000	-	-
1776309983.904497	CYorgf1QjuxEieekbb	-	-	8e:10:1f:69:80:4f	whmcs42467292	-	-	-	-	-	-	-	DISCOVER	0.000000	-	-
1776309987.154452	CYorgf1QjuxEieekbb	-	-	8e:10:1f:69:80:14	whmcs38467356	-	-	-	-	-	-	-	DISCOVER	0.000000	-	-
1776309994.667200	CYorgf1QjuxEieekbb	-	-	8e:10:1f:69:80:8f	whmcs17857422	-	-	-	-	-	-	-	DISCOVER	0.000000	-	-
1776309997.645119	CYorgf1QjuxEieekbb	-	-	8e:10:1f:69:80:0b	whmcs44727578	-	-	-	-	-	-	-	DISCOVER	0.000000	-	-
1776309989.646578	CYorgf1QjuxEieekbb	-	-	8e:10:1f:69:80:63	whmcs39996845	-	-	-	-	-	-	-	DISCOVER	0.000000	-	-
1776309991.002246	CYorgf1QjuxEieekbb	-	-	8e:10:1f:69:80:c5	whmcs38466921	-	-	-	-	-	-	-	DISCOVER	0.000000	-	-
1776309995.379405	CYorgf1QjuxEieekbb	-	-	8e:10:1f:69:80:5c	whmcs44557592	-	-	-	-	-	-	-	DISCOVER	0.000000	-	-
1776309993.934790	CYorgf1QjuxEieekbb	-	-	8e:10:1f:69:80:ef	whmcs7436262	-	-	-	-	-	-	-	DISCOVER	0.000000	-	-
1776309998.461271	CYorgf1QjuxEieekbb	-	-	8e:10:1f:69:80:a9	BTG-HAPROXY	-	-	-	-	-	-	-	DISCOVER	0.000000	-	-
1776309996.525895	CYorgf1QjuxEieekbb	-	-	8e:10:1f:69:80:95	whmcs17857365	-	-	-	-	-	-	-	DISCOVER	0.000000	-	-
1776309992.997458	CYorgf1QjuxEieekbb	-	-	8e:10:1f:69:80:51	whmcs38346804	-	-	-	-	-	-	-	DISCOVER	0.000000	-	-
1776309992.986147	CYorgf1QjuxEieekbb	-	-	8e:10:1f:69:80:32	whmcs43867554	-	-	-	-	-	-	-	DISCOVER	0.000000	-	-
1776309997.325469	CYorgf1QjuxEieekbb	-	-	8e:10:1f:69:80:94	watersense	-	-	-	-	-	-	-	DISCOVER	0.000000	-	-
1776310000.561462	CYorgf1QjuxEieekbb	-	-	8e:10:1f:69:80:7a	whmcs35046180	-	-	-	-	-	-	-	DISCOVER	0.000000	-	-
1776310006.277745	CYorgf1QjuxEieekbb	-	-	8e:10:1f:69:80:65	whmcs42417443	-	-	-	-	-	-	-	DISCOVER	0.000000	-	-
1776310002.423159	CYorgf1QjuxEieekbb	-	-	8e:10:1f:69:80:93	citymind	-	-	-	-	-	-	-	DISCOVER	0.000000	-	-
1776310006.652799	CYorgf1QjuxEieekbb	-	-	8e:10:1f:69:80:53	whmcs35046397	-	-	-	-	-	-	-	DISCOVER	0.000000	-	-
1776310006.141934	CYorgf1QjuxEieekbb	-	-	8e:10:1f:69:80:26	whmcs44107513	-	-	-	-	-	-	-	DISCOVER	0.000000	-	-
1776310006.171497	CYorgf1QjuxEieekbb	-	-	8e:10:1f:69:80:d2	whmcs33587038	-	-	-	-	-	-	-	DISCOVER	0.000000	-	-
1776310007.744613	CYorgf1QjuxEieekbb	-	-	8e:10:1f:69:80:0c	nocqtsc-vps	-	-	-	-	-	-	-	DISCOVER	0.000000	-	-
1776310002.042796	CYorgf1QjuxEieekbb	-	-	8e:10:1f:69:80:82	Sagrifood	-	-	-	-	-	-	-	DISCOVER	0.000000	-	-
1776310008.170126	CYorgf1QjuxEieekbb	-	-	8e:10:1f:69:80:6f	-	\x03git\x0ateknixcorp\x03com\x00	-	-	-	-	-	-	DISCOVER	0.000000	-	-
1776310011.476208	CYorgf1QjuxEieekbb	-	-	8e:10:1f:69:80:f1	whmcs24136958	-	-	-	-	-	-	-	DISCOVER	0.000000	-	-
1776310010.184126	CYorgf1QjuxEieekbb	-	-	8e:10:1f:69:80:b7	whmcs22994531	-	-	-	-	-	-	-	DISCOVER	0.000000	-	-
1776310018.798403	CYorgf1QjuxEieekbb	-	-	8e:10:1f:69:80:8d	whmcs43867470	-	-	-	-	-	-	-	DISCOVER	0.000000	-	-
1776310010.365119	CYorgf1QjuxEieekbb	-	-	8e:10:1f:69:80:4e	appginivn	-	-	-	-	-	-	-	DISCOVER	0.000000	-	-
1776310002.827036	CYorgf1QjuxEieekbb	-	-	8e:10:1f:69:70:da	ns6.vnso.vn	-	-	-	-	-	-	-	DISCOVER,DISCOVER	11.682235	-	-
1776310014.480565	CYorgf1QjuxEieekbb	-	-	8e:10:1f:69:80:36	whmcs167244	-	-	-	-	-	-	-	DISCOVER	0.000000	-	-
1776310015.451001	CYorgf1QjuxEieekbb	-	-	8e:10:1f:69:80:df	ubuntu	-	-	-	-	-	-	-	DISCOVER	0.000000	-	-
1776310015.811836	CYorgf1QjuxEieekbb	-	-	8e:10:1f:69:80:af	-	\x04wiki\x0ateknixcorp\x03com\x00	-	-	-	-	-	-	DISCOVER	0.000000	-	-
1776310017.839200	CYorgf1QjuxEieekbb	-	-	8e:10:1f:69:80:e7	whmcs28096886	-	-	-	-	-	-	-	DISCOVER	0.000000	-	-
1776310009.316135	CYorgf1QjuxEieekbb	-	-	8e:10:1f:69:80:d1	THTAX-SD	-	-	-	-	-	-	-	DISCOVER	0.000000	-	-
1776310016.544858	CYorgf1QjuxEieekbb	-	-	8e:10:1f:69:80:c6	whmcs40537445	-	-	-	-	-	-	-	DISCOVER	0.000000	-	-
1776310023.011656	CYorgf1QjuxEieekbb	-	-	8e:10:1f:69:80:aa	whmcs40257565	-	-	-	-	-	-	-	DISCOVER	0.000000	-	-
1776310025.610852	CYorgf1QjuxEieekbb	-	-	8e:10:1f:69:80:4b	whmcs39797117	-	-	-	-	-	-	-	DISCOVER	0.000000	-	-
1776310025.166964	CYorgf1QjuxEieekbb	-	-	8e:10:1f:69:80:5b	whmcs40256875	-	-	-	-	-	-	-	DISCOVER	0.000000	-	-
1776310026.940886	CYorgf1QjuxEieekbb	-	-	8e:10:1f:69:80:4c	whmcs42037223	-	-	-	-	-	-	-	DISCOVER	0.000000	-	-
1776310027.415142	CYorgf1QjuxEieekbb	-	-	8e:10:1f:69:80:66	whmcs40676947	-	-	-	-	-	-	-	DISCOVER	0.000000	-	-
1776310019.777596	CYorgf1QjuxEieekbb	-	-	8e:10:1f:69:80:44	whmcs44637589	-	-	-	-	-	-	-	DISCOVER	0.000000	-	-
1776310027.566552	CYorgf1QjuxEieekbb	-	-	8e:10:1f:69:80:0e	-	\x04mail\x0ayourdomain\x03com\x00	-	-	-	-	-	-	DISCOVER	0.000000	-	-
1776310026.474732	CYorgf1QjuxEieekbb	-	-	8e:10:1f:69:80:a8	whmcs38346797	-	-	-	-	-	-	-	DISCOVER	0.000000	-	-
1776310020.239435	CYorgf1QjuxEieekbb	-	-	8e:10:1f:69:80:06	whmcs39566799	-	-	-	-	-	-	-	DISCOVER	0.000000	-	-
1776310020.803722	CYorgf1QjuxEieekbb	-	-	8e:10:1f:69:80:d7	whmcs33587167	-	-	-	-	-	-	-	DISCOVER	0.000000	-	-
1776310028.244296	CYorgf1QjuxEieekbb	-	-	8e:10:1f:69:80:9e	-	\x06miso88\x03com\x00	-	-	-	-	-	-	DISCOVER	0.000000	-	-
1776310020.321365	CYorgf1QjuxEieekbb	-	-	8e:10:1f:69:80:01	whmcs40257536	-	-	-	-	-	-	-	DISCOVER	0.000000	-	-
1776310023.031852	CYorgf1QjuxEieekbb	-	-	8e:10:1f:69:80:f0	whmcs38467355	-	-	-	-	-	-	-	DISCOVER	0.000000	-	-
1776310035.103488	CYorgf1QjuxEieekbb	-	-	8e:10:1f:69:80:d0	whmcs35047158	-	-	-	-	-	-	-	DISCOVER	0.000000	-	-
1776310030.243563	CYorgf1QjuxEieekbb	-	-	8e:10:1f:69:80:34	whmcs44107515	-	-	-	-	-	-	-	DISCOVER	0.000000	-	-
1776310035.793252	CYorgf1QjuxEieekbb	-	-	8e:10:1f:69:80:8e	whmcs39656794	-	-	-	-	-	-	-	DISCOVER	0.000000	-	-
1776310035.845824	CYorgf1QjuxEieekbb	-	-	8e:10:1f:69:70:da	ns6.vnso.vn	-	-	-	-	-	-	-	DISCOVER	0.000000	-	-
1776310032.093288	CYorgf1QjuxEieekbb	-	-	8e:10:1f:69:80:6b	whmcs17857421	-	-	-	-	-	-	-	DISCOVER	0.000000	-	-
1776310030.490835	CYorgf1QjuxEieekbb	-	-	8e:10:1f:69:80:3a	whmcs44007497	-	-	-	-	-	-	-	DISCOVER	0.000000	-	-
1776310037.040951	CYorgf1QjuxEieekbb	-	-	8e:10:1f:69:80:80	whmcs38347220	-	-	-	-	-	-	-	DISCOVER	0.000000	-	-
1776310035.261830	CYorgf1QjuxEieekbb	-	-	8e:10:1f:69:80:bc	whmcs33376906	-	-	-	-	-	-	-	DISCOVER	0.000000	-	-
1776310033.742430	CYorgf1QjuxEieekbb	-	-	8e:10:1f:69:80:ee	whmcs22995971	-	-	-	-	-	-	-	DISCOVER	0.000000	-	-
1776310033.820837	CYorgf1QjuxEieekbb	-	-	8e:10:1f:69:80:b9	whmcs35432	-	-	-	-	-	-	-	DISCOVER	0.000000	-	-
1776310029.987159	CYorgf1QjuxEieekbb	-	-	8e:10:1f:69:80:88	whmcs42467409	-	-	-	-	-	-	-	DISCOVER	0.000000	-	-
1776310039.562941	CYorgf1QjuxEieekbb	-	-	8e:10:1f:69:80:54	whmcs42467323	-	-	-	-	-	-	-	DISCOVER	0.000000	-	-
1776310044.807032	CYorgf1QjuxEieekbb	-	-	8e:10:1f:69:80:52	whmcs30985006	-	-	-	-	-	-	-	DISCOVER	0.000000	-	-
1776310042.179948	CYorgf1QjuxEieekbb	-	-	8e:10:1f:69:80:18	-	\x04mail\x06miso88\x02in\x00	-	-	-	-	-	-	DISCOVER	0.000000	-	-
1776310047.952953	CYorgf1QjuxEieekbb	-	-	8e:10:1f:69:80:1c	whmcs43867538	-	-	-	-	-	-	-	DISCOVER	0.000000	-	-
1776310044.738964	CYorgf1QjuxEieekbb	-	-	8e:10:1f:69:80:31	whmcs38467357	-	-	-	-	-	-	-	DISCOVER	0.000000	-	-
1776310042.554211	CYorgf1QjuxEieekbb	-	-	8e:10:1f:69:80:70	whmcs35849	-	-	-	-	-	-	-	DISCOVER	0.000000	-	-
1776310047.587842	CYorgf1QjuxEieekbb	-	-	8e:10:1f:69:80:81	ubuntu	-	-	-	-	-	-	-	DISCOVER	0.000000	-	-
1776310046.998396	CYorgf1QjuxEieekbb	-	-	8e:10:1f:69:80:a4	whmcs39856890	-	-	-	-	-	-	-	DISCOVER	0.000000	-	-
1776310041.805089	CYorgf1QjuxEieekbb	-	-	8e:10:1f:69:80:c2	whmcs167551	-	-	-	-	-	-	-	DISCOVER	0.000000	-	-
1776310045.543753	CYorgf1QjuxEieekbb	-	-	8e:10:1f:69:80:b4	whmcs38346614	-	-	-	-	-	-	-	DISCOVER	0.000000	-	-
1776310046.810376	CYorgf1QjuxEieekbb	-	-	8e:10:1f:69:80:5f	whmcs43727450	-	-	-	-	-	-	-	DISCOVER	0.000000	-	-
1776310048.425902	CYorgf1QjuxEieekbb	-	-	8e:10:1f:69:80:09	whmcs15397050	-	-	-	-	-	-	-	DISCOVER	0.000000	-	-
1776310048.311987	CYorgf1QjuxEieekbb	-	-	8e:10:1f:69:80:68	whmcs17857335	-	-	-	-	-	-	-	DISCOVER	0.000000	-	-
1776310048.106499	CYorgf1QjuxEieekbb	-	-	8e:10:1f:69:80:a5	whmcs44107514	-	-	-	-	-	-	-	DISCOVER	0.000000	-	-
1776310043.995416	CYorgf1QjuxEieekbb	-	-	8e:10:1f:69:80:69	whmcs36097603	-	-	-	-	-	-	-	DISCOVER	0.000000	-	-
1776310040.346218	CYorgf1QjuxEieekbb	-	-	8e:10:1f:69:80:dd	whmcs30547169	-	-	-	-	-	-	-	DISCOVER	0.000000	-	-
1776310041.109901	CYorgf1QjuxEieekbb	-	-	8e:10:1f:69:80:f4	whmcs33586910	-	-	-	-	-	-	-	DISCOVER	0.000000	-	-
1776310046.291454	CYorgf1QjuxEieekbb	-	-	8e:10:1f:69:80:12	whmcs45037605	-	-	-	-	-	-	-	DISCOVER	0.000000	-	-
1776310044.454155	CYorgf1QjuxEieekbb	-	-	8e:10:1f:69:80:76	whmcs28096887	-	-	-	-	-	-	-	DISCOVER	0.000000	-	-
1776310048.487851	CYorgf1QjuxEieekbb	-	-	8e:10:1f:69:80:4f	whmcs42467292	-	-	-	-	-	-	-	DISCOVER	0.000000	-	-
1776310051.918362	CYorgf1QjuxEieekbb	-	-	8e:10:1f:69:80:a0	-	\x07project\x0ateknixcorp\x03com\x00	-	-	-	-	-	-	DISCOVER	0.000000	-	-
1776310054.060186	CYorgf1QjuxEieekbb	-	-	8e:10:1f:69:80:63	whmcs39996845	-	-	-	-	-	-	-	DISCOVER	0.000000	-	-
1776310050.809363	CYorgf1QjuxEieekbb	-	-	8e:10:1f:69:70:da	ns6.vnso.vn	-	-	-	-	-	-	-	DISCOVER	0.000000	-	-
1776310055.032816	CYorgf1QjuxEieekbb	-	-	8e:10:1f:69:80:c5	whmcs38466921	-	-	-	-	-	-	-	DISCOVER	0.000000	-	-
1776310057.267679	CYorgf1QjuxEieekbb	-	-	8e:10:1f:69:80:ef	whmcs7436262	-	-	-	-	-	-	-	DISCOVER	0.000000	-	-
1776310051.785351	CYorgf1QjuxEieekbb	-	-	8e:10:1f:69:80:e5	whmcs33466917	-	-	-	-	-	-	-	DISCOVER	0.000000	-	-
1776310051.768253	CYorgf1QjuxEieekbb	-	-	8e:10:1f:69:80:83	whmcs45047608	-	-	-	-	-	-	-	DISCOVER	0.000000	-	-
1776310052.828766	CYorgf1QjuxEieekbb	-	-	8e:10:1f:69:80:e4	-	\x08hostname\x06domain\x03tld\x00	-	-	-	-	-	-	DISCOVER	0.000000	-	-
1776310050.399810	CYorgf1QjuxEieekbb	-	-	8e:10:1f:69:80:38	whmcs33376861	-	-	-	-	-	-	-	DISCOVER	0.000000	-	-
1776310056.577921	CYorgf1QjuxEieekbb	-	-	8e:10:1f:69:80:51	whmcs38346804	-	-	-	-	-	-	-	DISCOVER	0.000000	-	-
1776310057.339427	CYorgf1QjuxEieekbb	-	-	8e:10:1f:69:80:32	whmcs43867554	-	-	-	-	-	-	-	DISCOVER	0.000000	-	-
1776310051.933852	CYorgf1QjuxEieekbb	-	-	8e:10:1f:69:80:14	whmcs38467356	-	-	-	-	-	-	-	DISCOVER	0.000000	-	-
1776310059.557665	CYorgf1QjuxEieekbb	-	-	8e:10:1f:69:80:8f	whmcs17857422	-	-	-	-	-	-	-	DISCOVER	0.000000	-	-
1776310062.117476	CYorgf1QjuxEieekbb	-	-	8e:10:1f:69:80:0b	whmcs44727578	-	-	-	-	-	-	-	DISCOVER	0.000000	-	-
1776310064.851955	CYorgf1QjuxEieekbb	-	-	8e:10:1f:69:80:7a	whmcs35046180	-	-	-	-	-	-	-	DISCOVER	0.000000	-	-
1776310066.083726	CYorgf1QjuxEieekbb	-	-	8e:10:1f:69:80:93	citymind	-	-	-	-	-	-	-	DISCOVER	0.000000	-	-
1776310060.249760	CYorgf1QjuxEieekbb	-	-	8e:10:1f:69:80:5c	whmcs44557592	-	-	-	-	-	-	-	DISCOVER	0.000000	-	-
1776310063.141150	CYorgf1QjuxEieekbb	-	-	8e:10:1f:69:80:a9	BTG-HAPROXY	-	-	-	-	-	-	-	DISCOVER	0.000000	-	-
1776310066.236384	CYorgf1QjuxEieekbb	-	-	8e:10:1f:69:80:82	Sagrifood	-	-	-	-	-	-	-	DISCOVER	0.000000	-	-
1776310060.880142	CYorgf1QjuxEieekbb	-	-	8e:10:1f:69:80:95	whmcs17857365	-	-	-	-	-	-	-	DISCOVER	0.000000	-	-
1776310062.140266	CYorgf1QjuxEieekbb	-	-	8e:10:1f:69:80:94	watersense	-	-	-	-	-	-	-	DISCOVER	0.000000	-	-
1776310075.656826	CYorgf1QjuxEieekbb	-	-	8e:10:1f:69:80:f1	whmcs24136958	-	-	-	-	-	-	-	DISCOVER	0.000000	-	-
1776310074.704499	CYorgf1QjuxEieekbb	-	-	8e:10:1f:69:80:b7	whmcs22994531	-	-	-	-	-	-	-	DISCOVER	0.000000	-	-
1776310073.864571	CYorgf1QjuxEieekbb	-	-	8e:10:1f:69:80:4e	appginivn	-	-	-	-	-	-	-	DISCOVER	0.000000	-	-
1776310070.000896	CYorgf1QjuxEieekbb	-	-	8e:10:1f:69:80:65	whmcs42417443	-	-	-	-	-	-	-	DISCOVER	0.000000	-	-
1776310078.259563	CYorgf1QjuxEieekbb	-	-	8e:10:1f:69:80:36	whmcs167244	-	-	-	-	-	-	-	DISCOVER	0.000000	-	-
1776310070.416409	CYorgf1QjuxEieekbb	-	-	8e:10:1f:69:80:53	whmcs35046397	-	-	-	-	-	-	-	DISCOVER	0.000000	-	-
1776310069.879710	CYorgf1QjuxEieekbb	-	-	8e:10:1f:69:80:26	whmcs44107513	-	-	-	-	-	-	-	DISCOVER	0.000000	-	-
1776310070.738180	CYorgf1QjuxEieekbb	-	-	8e:10:1f:69:80:d2	whmcs33587038	-	-	-	-	-	-	-	DISCOVER	0.000000	-	-
1776310071.629479	CYorgf1QjuxEieekbb	-	-	8e:10:1f:69:80:0c	nocqtsc-vps	-	-	-	-	-	-	-	DISCOVER	0.000000	-	-
1776310072.681642	CYorgf1QjuxEieekbb	-	-	8e:10:1f:69:80:6f	-	\x03git\x0ateknixcorp\x03com\x00	-	-	-	-	-	-	DISCOVER	0.000000	-	-
1776310073.115925	CYorgf1QjuxEieekbb	-	-	8e:10:1f:69:80:d1	THTAX-SD	-	-	-	-	-	-	-	DISCOVER	0.000000	-	-
1776310086.027749	CYorgf1QjuxEieekbb	-	-	8e:10:1f:69:80:aa	whmcs40257565	-	-	-	-	-	-	-	DISCOVER	0.000000	-	-
1776310082.891584	CYorgf1QjuxEieekbb	-	-	8e:10:1f:69:80:8d	whmcs43867470	-	-	-	-	-	-	-	DISCOVER	0.000000	-	-
1776310083.120869	CYorgf1QjuxEieekbb	-	-	8e:10:1f:69:80:44	whmcs44637589	-	-	-	-	-	-	-	DISCOVER	0.000000	-	-
1776310079.446708	CYorgf1QjuxEieekbb	-	-	8e:10:1f:69:80:df	ubuntu	-	-	-	-	-	-	-	DISCOVER	0.000000	-	-
1776310079.152735	CYorgf1QjuxEieekbb	-	-	8e:10:1f:69:80:af	-	\x04wiki\x0ateknixcorp\x03com\x00	-	-	-	-	-	-	DISCOVER	0.000000	-	-
1776310082.160498	CYorgf1QjuxEieekbb	-	-	8e:10:1f:69:80:e7	whmcs28096886	-	-	-	-	-	-	-	DISCOVER	0.000000	-	-
1776310083.343713	CYorgf1QjuxEieekbb	-	-	8e:10:1f:69:80:06	whmcs39566799	-	-	-	-	-	-	-	DISCOVER	0.000000	-	-
1776310084.186709	CYorgf1QjuxEieekbb	-	-	8e:10:1f:69:80:d7	whmcs33587167	-	-	-	-	-	-	-	DISCOVER	0.000000	-	-
1776310084.093058	CYorgf1QjuxEieekbb	-	-	8e:10:1f:69:80:01	whmcs40257536	-	-	-	-	-	-	-	DISCOVER	0.000000	-	-
1776310088.026626	CYorgf1QjuxEieekbb	-	-	8e:10:1f:69:80:f0	whmcs38467355	-	-	-	-	-	-	-	DISCOVER	0.000000	-	-
1776310080.911353	CYorgf1QjuxEieekbb	-	-	8e:10:1f:69:80:c6	whmcs40537445	-	-	-	-	-	-	-	DISCOVER	0.000000	-	-
1776310094.612829	CYorgf1QjuxEieekbb	-	-	8e:10:1f:69:80:34	whmcs44107515	-	-	-	-	-	-	-	DISCOVER	0.000000	-	-
1776310090.422246	CYorgf1QjuxEieekbb	-	-	8e:10:1f:69:80:4b	whmcs39797117	-	-	-	-	-	-	-	DISCOVER	0.000000	-	-
1776310090.099633	CYorgf1QjuxEieekbb	-	-	8e:10:1f:69:80:5b	whmcs40256875	-	-	-	-	-	-	-	DISCOVER	0.000000	-	-
1776310090.353980	CYorgf1QjuxEieekbb	-	-	8e:10:1f:69:80:4c	whmcs42037223	-	-	-	-	-	-	-	DISCOVER	0.000000	-	-
1776310091.293619	CYorgf1QjuxEieekbb	-	-	8e:10:1f:69:80:66	whmcs40676947	-	-	-	-	-	-	-	DISCOVER	0.000000	-	-
1776310090.884060	CYorgf1QjuxEieekbb	-	-	8e:10:1f:69:80:0e	-	\x04mail\x0ayourdomain\x03com\x00	-	-	-	-	-	-	DISCOVER	0.000000	-	-
1776310095.722012	CYorgf1QjuxEieekbb	-	-	8e:10:1f:69:80:6b	whmcs17857421	-	-	-	-	-	-	-	DISCOVER	0.000000	-	-
1776310090.215054	CYorgf1QjuxEieekbb	-	-	8e:10:1f:69:80:a8	whmcs38346797	-	-	-	-	-	-	-	DISCOVER	0.000000	-	-
1776310094.081959	CYorgf1QjuxEieekbb	-	-	8e:10:1f:69:80:3a	whmcs44007497	-	-	-	-	-	-	-	DISCOVER	0.000000	-	-
1776310091.360121	CYorgf1QjuxEieekbb	-	-	8e:10:1f:69:80:9e	-	\x06miso88\x03com\x00	-	-	-	-	-	-	DISCOVER	0.000000	-	-
1776310097.814766	CYorgf1QjuxEieekbb	-	-	8e:10:1f:69:80:ee	whmcs22995971	-	-	-	-	-	-	-	DISCOVER	0.000000	-	-
1776310096.971246	CYorgf1QjuxEieekbb	-	-	8e:10:1f:69:80:b9	whmcs35432	-	-	-	-	-	-	-	DISCOVER	0.000000	-	-
1776310093.821211	CYorgf1QjuxEieekbb	-	-	8e:10:1f:69:80:88	whmcs42467409	-	-	-	-	-	-	-	DISCOVER	0.000000	-	-
1776310103.007360	CYorgf1QjuxEieekbb	-	-	8e:10:1f:69:80:54	whmcs42467323	-	-	-	-	-	-	-	DISCOVER	0.000000	-	-
1776310099.960168	CYorgf1QjuxEieekbb	-	-	8e:10:1f:69:80:d0	whmcs35047158	-	-	-	-	-	-	-	DISCOVER	0.000000	-	-
1776310099.157642	CYorgf1QjuxEieekbb	-	-	8e:10:1f:69:80:8e	whmcs39656794	-	-	-	-	-	-	-	DISCOVER	0.000000	-	-
1776310106.181617	CYorgf1QjuxEieekbb	-	-	8e:10:1f:69:80:18	-	\x04mail\x06miso88\x02in\x00	-	-	-	-	-	-	DISCOVER	0.000000	-	-
1776310107.896178	CYorgf1QjuxEieekbb	-	-	8e:10:1f:69:80:31	whmcs38467357	-	-	-	-	-	-	-	DISCOVER	0.000000	-	-
1776310106.430348	CYorgf1QjuxEieekbb	-	-	8e:10:1f:69:80:70	whmcs35849	-	-	-	-	-	-	-	DISCOVER	0.000000	-	-
1776310105.927371	CYorgf1QjuxEieekbb	-	-	8e:10:1f:69:80:c2	whmcs167551	-	-	-	-	-	-	-	DISCOVER	0.000000	-	-
1776310108.947424	CYorgf1QjuxEieekbb	-	-	8e:10:1f:69:80:69	whmcs36097603	-	-	-	-	-	-	-	DISCOVER	0.000000	-	-
1776310100.224512	CYorgf1QjuxEieekbb	-	-	8e:10:1f:69:80:80	whmcs38347220	-	-	-	-	-	-	-	DISCOVER	0.000000	-	-
1776310104.864141	CYorgf1QjuxEieekbb	-	-	8e:10:1f:69:80:dd	whmcs30547169	-	-	-	-	-	-	-	DISCOVER	0.000000	-	-
1776310099.436977	CYorgf1QjuxEieekbb	-	-	8e:10:1f:69:80:bc	whmcs33376906	-	-	-	-	-	-	-	DISCOVER	0.000000	-	-
1776310104.130182	CYorgf1QjuxEieekbb	-	-	8e:10:1f:69:80:f4	whmcs33586910	-	-	-	-	-	-	-	DISCOVER	0.000000	-	-
1776310109.378837	CYorgf1QjuxEieekbb	-	-	8e:10:1f:69:80:52	whmcs30985006	-	-	-	-	-	-	-	DISCOVER	0.000000	-	-
1776310112.506936	CYorgf1QjuxEieekbb	-	-	8e:10:1f:69:80:1c	whmcs43867538	-	-	-	-	-	-	-	DISCOVER	0.000000	-	-
1776310111.819876	CYorgf1QjuxEieekbb	-	-	8e:10:1f:69:80:81	ubuntu	-	-	-	-	-	-	-	DISCOVER	0.000000	-	-
1776310116.839422	CYorgf1QjuxEieekbb	-	-	8e:10:1f:69:80:a0	-	\x07project\x0ateknixcorp\x03com\x00	-	-	-	-	-	-	DISCOVER	0.000000	-	-
1776310117.634860	CYorgf1QjuxEieekbb	-	-	8e:10:1f:69:80:63	whmcs39996845	-	-	-	-	-	-	-	DISCOVER	0.000000	-	-
1776310110.621233	CYorgf1QjuxEieekbb	-	-	8e:10:1f:69:80:a4	whmcs39856890	-	-	-	-	-	-	-	DISCOVER	0.000000	-	-
1776310109.788675	CYorgf1QjuxEieekbb	-	-	8e:10:1f:69:80:b4	whmcs38346614	-	-	-	-	-	-	-	DISCOVER	0.000000	-	-
1776310116.618361	CYorgf1QjuxEieekbb	-	-	8e:10:1f:69:80:e5	whmcs33466917	-	-	-	-	-	-	-	DISCOVER	0.000000	-	-
1776310110.155549	CYorgf1QjuxEieekbb	-	-	8e:10:1f:69:80:5f	whmcs43727450	-	-	-	-	-	-	-	DISCOVER	0.000000	-	-
1776310115.921625	CYorgf1QjuxEieekbb	-	-	8e:10:1f:69:80:83	whmcs45047608	-	-	-	-	-	-	-	DISCOVER	0.000000	-	-
1776310112.120839	CYorgf1QjuxEieekbb	-	-	8e:10:1f:69:80:09	whmcs15397050	-	-	-	-	-	-	-	DISCOVER	0.000000	-	-
1776310111.577441	CYorgf1QjuxEieekbb	-	-	8e:10:1f:69:80:68	whmcs17857335	-	-	-	-	-	-	-	DISCOVER	0.000000	-	-
1776310111.497609	CYorgf1QjuxEieekbb	-	-	8e:10:1f:69:80:a5	whmcs44107514	-	-	-	-	-	-	-	DISCOVER	0.000000	-	-
1776310117.633291	CYorgf1QjuxEieekbb	-	-	8e:10:1f:69:80:e4	-	\x08hostname\x06domain\x03tld\x00	-	-	-	-	-	-	DISCOVER	0.000000	-	-
1776310114.390794	CYorgf1QjuxEieekbb	-	-	8e:10:1f:69:80:38	whmcs33376861	-	-	-	-	-	-	-	DISCOVER	0.000000	-	-
1776310109.894013	CYorgf1QjuxEieekbb	-	-	8e:10:1f:69:80:12	whmcs45037605	-	-	-	-	-	-	-	DISCOVER	0.000000	-	-
1776310109.052593	CYorgf1QjuxEieekbb	-	-	8e:10:1f:69:80:76	whmcs28096887	-	-	-	-	-	-	-	DISCOVER	0.000000	-	-
1776310112.799421	CYorgf1QjuxEieekbb	-	-	8e:10:1f:69:80:4f	whmcs42467292	-	-	-	-	-	-	-	DISCOVER	0.000000	-	-
1776310116.649974	CYorgf1QjuxEieekbb	-	-	8e:10:1f:69:80:14	whmcs38467356	-	-	-	-	-	-	-	DISCOVER	0.000000	-	-
1776310122.952050	CYorgf1QjuxEieekbb	-	-	8e:10:1f:69:80:8f	whmcs17857422	-	-	-	-	-	-	-	DISCOVER	0.000000	-	-
1776310126.808489	CYorgf1QjuxEieekbb	-	-	8e:10:1f:69:80:0b	whmcs44727578	-	-	-	-	-	-	-	DISCOVER	0.000000	-	-
1776310128.629116	CYorgf1QjuxEieekbb	-	-	8e:10:1f:69:80:7a	whmcs35046180	-	-	-	-	-	-	-	DISCOVER	0.000000	-	-
1776310119.320987	CYorgf1QjuxEieekbb	-	-	8e:10:1f:69:80:c5	whmcs38466921	-	-	-	-	-	-	-	DISCOVER	0.000000	-	-
1776310123.567142	CYorgf1QjuxEieekbb	-	-	8e:10:1f:69:80:5c	whmcs44557592	-	-	-	-	-	-	-	DISCOVER	0.000000	-	-
1776310120.345307	CYorgf1QjuxEieekbb	-	-	8e:10:1f:69:80:ef	whmcs7436262	-	-	-	-	-	-	-	DISCOVER	0.000000	-	-
1776310128.008363	CYorgf1QjuxEieekbb	-	-	8e:10:1f:69:80:a9	BTG-HAPROXY	-	-	-	-	-	-	-	DISCOVER	0.000000	-	-
1776310124.892989	CYorgf1QjuxEieekbb	-	-	8e:10:1f:69:80:95	whmcs17857365	-	-	-	-	-	-	-	DISCOVER	0.000000	-	-
1776310120.461228	CYorgf1QjuxEieekbb	-	-	8e:10:1f:69:80:51	whmcs38346804	-	-	-	-	-	-	-	DISCOVER	0.000000	-	-
1776310121.128411	CYorgf1QjuxEieekbb	-	-	8e:10:1f:69:80:32	whmcs43867554	-	-	-	-	-	-	-	DISCOVER	0.000000	-	-
1776310126.369735	CYorgf1QjuxEieekbb	-	-	8e:10:1f:69:80:94	watersense	-	-	-	-	-	-	-	DISCOVER	0.000000	-	-
1776310138.838447	CYorgf1QjuxEieekbb	-	-	8e:10:1f:69:80:b7	whmcs22994531	-	-	-	-	-	-	-	DISCOVER	0.000000	-	-
1776310137.092691	CYorgf1QjuxEieekbb	-	-	8e:10:1f:69:80:4e	appginivn	-	-	-	-	-	-	-	DISCOVER	0.000000	-	-
1776310134.697375	CYorgf1QjuxEieekbb	-	-	8e:10:1f:69:80:65	whmcs42417443	-	-	-	-	-	-	-	DISCOVER	0.000000	-	-
1776310129.145492	CYorgf1QjuxEieekbb	-	-	8e:10:1f:69:80:93	citymind	-	-	-	-	-	-	-	DISCOVER	0.000000	-	-
1776310134.514758	CYorgf1QjuxEieekbb	-	-	8e:10:1f:69:80:53	whmcs35046397	-	-	-	-	-	-	-	DISCOVER	0.000000	-	-
1776310134.668067	CYorgf1QjuxEieekbb	-	-	8e:10:1f:69:80:26	whmcs44107513	-	-	-	-	-	-	-	DISCOVER	0.000000	-	-
1776310134.307008	CYorgf1QjuxEieekbb	-	-	8e:10:1f:69:80:d2	whmcs33587038	-	-	-	-	-	-	-	DISCOVER	0.000000	-	-
1776310135.827383	CYorgf1QjuxEieekbb	-	-	8e:10:1f:69:80:0c	nocqtsc-vps	-	-	-	-	-	-	-	DISCOVER	0.000000	-	-
1776310131.135063	CYorgf1QjuxEieekbb	-	-	8e:10:1f:69:80:82	Sagrifood	-	-	-	-	-	-	-	DISCOVER	0.000000	-	-
1776310136.912246	CYorgf1QjuxEieekbb	-	-	8e:10:1f:69:80:6f	-	\x03git\x0ateknixcorp\x03com\x00	-	-	-	-	-	-	DISCOVER	0.000000	-	-
1776310137.645028	CYorgf1QjuxEieekbb	-	-	8e:10:1f:69:80:d1	THTAX-SD	-	-	-	-	-	-	-	DISCOVER	0.000000	-	-
1776310139.466042	CYorgf1QjuxEieekbb	-	-	8e:10:1f:69:80:f1	whmcs24136958	-	-	-	-	-	-	-	DISCOVER	0.000000	-	-
1776310146.295332	CYorgf1QjuxEieekbb	-	-	8e:10:1f:69:80:8d	whmcs43867470	-	-	-	-	-	-	-	DISCOVER	0.000000	-	-
1776310147.517154	CYorgf1QjuxEieekbb	-	-	8e:10:1f:69:80:44	whmcs44637589	-	-	-	-	-	-	-	DISCOVER	0.000000	-	-
1776310142.056661	CYorgf1QjuxEieekbb	-	-	8e:10:1f:69:80:36	whmcs167244	-	-	-	-	-	-	-	DISCOVER	0.000000	-	-
1776310143.876118	CYorgf1QjuxEieekbb	-	-	8e:10:1f:69:80:df	ubuntu	-	-	-	-	-	-	-	DISCOVER	0.000000	-	-
1776310142.806306	CYorgf1QjuxEieekbb	-	-	8e:10:1f:69:80:af	-	\x04wiki\x0ateknixcorp\x03com\x00	-	-	-	-	-	-	DISCOVER	0.000000	-	-
1776310145.684423	CYorgf1QjuxEieekbb	-	-	8e:10:1f:69:80:e7	whmcs28096886	-	-	-	-	-	-	-	DISCOVER	0.000000	-	-
1776310146.703930	CYorgf1QjuxEieekbb	-	-	8e:10:1f:69:80:06	whmcs39566799	-	-	-	-	-	-	-	DISCOVER	0.000000	-	-
1776310148.936183	CYorgf1QjuxEieekbb	-	-	8e:10:1f:69:80:d7	whmcs33587167	-	-	-	-	-	-	-	DISCOVER	0.000000	-	-
1776310147.828352	CYorgf1QjuxEieekbb	-	-	8e:10:1f:69:80:01	whmcs40257536	-	-	-	-	-	-	-	DISCOVER	0.000000	-	-
1776310144.086277	CYorgf1QjuxEieekbb	-	-	8e:10:1f:69:80:c6	whmcs40537445	-	-	-	-	-	-	-	DISCOVER	0.000000	-	-
1776310149.579444	CYorgf1QjuxEieekbb	-	-	8e:10:1f:69:80:aa	whmcs40257565	-	-	-	-	-	-	-	DISCOVER	0.000000	-	-
1776310154.590173	CYorgf1QjuxEieekbb	-	-	8e:10:1f:69:80:4b	whmcs39797117	-	-	-	-	-	-	-	DISCOVER	0.000000	-	-
1776310154.116949	CYorgf1QjuxEieekbb	-	-	8e:10:1f:69:80:5b	whmcs40256875	-	-	-	-	-	-	-	DISCOVER	0.000000	-	-
1776310155.129910	CYorgf1QjuxEieekbb	-	-	8e:10:1f:69:80:4c	whmcs42037223	-	-	-	-	-	-	-	DISCOVER	0.000000	-	-
1776310155.558060	CYorgf1QjuxEieekbb	-	-	8e:10:1f:69:80:66	whmcs40676947	-	-	-	-	-	-	-	DISCOVER	0.000000	-	-
1776310155.448494	CYorgf1QjuxEieekbb	-	-	8e:10:1f:69:80:de	voice-103-98-152-225	-	-	-	-	-	-	-	DISCOVER,DISCOVER	4.640070	-	-
1776310155.848907	CYorgf1QjuxEieekbb	-	-	8e:10:1f:69:80:0e	-	\x04mail\x0ayourdomain\x03com\x00	-	-	-	-	-	-	DISCOVER	0.000000	-	-
1776310154.554388	CYorgf1QjuxEieekbb	-	-	8e:10:1f:69:80:a8	whmcs38346797	-	-	-	-	-	-	-	DISCOVER	0.000000	-	-
1776310157.358126	CYorgf1QjuxEieekbb	-	-	8e:10:1f:69:80:3a	whmcs44007497	-	-	-	-	-	-	-	DISCOVER	0.000000	-	-
1776310156.338104	CYorgf1QjuxEieekbb	-	-	8e:10:1f:69:80:9e	-	\x06miso88\x03com\x00	-	-	-	-	-	-	DISCOVER	0.000000	-	-
1776310151.291870	CYorgf1QjuxEieekbb	-	-	8e:10:1f:69:80:f0	whmcs38467355	-	-	-	-	-	-	-	DISCOVER	0.000000	-	-
1776310158.246329	CYorgf1QjuxEieekbb	-	-	8e:10:1f:69:80:88	whmcs42467409	-	-	-	-	-	-	-	DISCOVER	0.000000	-	-
1776310167.798254	CYorgf1QjuxEieekbb	-	-	8e:10:1f:69:80:54	whmcs42467323	-	-	-	-	-	-	-	DISCOVER	0.000000	-	-
1776310163.996722	CYorgf1QjuxEieekbb	-	-	8e:10:1f:69:80:d0	whmcs35047158	-	-	-	-	-	-	-	DISCOVER	0.000000	-	-
1776310159.575406	CYorgf1QjuxEieekbb	-	-	8e:10:1f:69:80:34	whmcs44107515	-	-	-	-	-	-	-	DISCOVER	0.000000	-	-
1776310163.811898	CYorgf1QjuxEieekbb	-	-	8e:10:1f:69:80:8e	whmcs39656794	-	-	-	-	-	-	-	DISCOVER	0.000000	-	-
1776310159.268726	CYorgf1QjuxEieekbb	-	-	8e:10:1f:69:80:6b	whmcs17857421	-	-	-	-	-	-	-	DISCOVER	0.000000	-	-
1776310165.140900	CYorgf1QjuxEieekbb	-	-	8e:10:1f:69:80:80	whmcs38347220	-	-	-	-	-	-	-	DISCOVER	0.000000	-	-
1776310168.694299	CYorgf1QjuxEieekbb	-	-	8e:10:1f:69:80:dd	whmcs30547169	-	-	-	-	-	-	-	DISCOVER	0.000000	-	-
1776310163.790761	CYorgf1QjuxEieekbb	-	-	8e:10:1f:69:80:bc	whmcs33376906	-	-	-	-	-	-	-	DISCOVER	0.000000	-	-
1776310167.155447	CYorgf1QjuxEieekbb	-	-	8e:10:1f:69:80:f4	whmcs33586910	-	-	-	-	-	-	-	DISCOVER	0.000000	-	-
1776310161.075454	CYorgf1QjuxEieekbb	-	-	8e:10:1f:69:80:ee	whmcs22995971	-	-	-	-	-	-	-	DISCOVER	0.000000	-	-
1776310160.174775	CYorgf1QjuxEieekbb	-	-	8e:10:1f:69:80:b9	whmcs35432	-	-	-	-	-	-	-	DISCOVER	0.000000	-	-
1776310173.697630	CYorgf1QjuxEieekbb	-	-	8e:10:1f:69:80:52	whmcs30985006	-	-	-	-	-	-	-	DISCOVER	0.000000	-	-
1776310170.292623	CYorgf1QjuxEieekbb	-	-	8e:10:1f:69:80:18	-	\x04mail\x06miso88\x02in\x00	-	-	-	-	-	-	DISCOVER	0.000000	-	-
1776310175.718294	CYorgf1QjuxEieekbb	-	-	8e:10:1f:69:80:1c	whmcs43867538	-	-	-	-	-	-	-	DISCOVER	0.000000	-	-
1776310171.019823	CYorgf1QjuxEieekbb	-	-	8e:10:1f:69:80:31	whmcs38467357	-	-	-	-	-	-	-	DISCOVER	0.000000	-	-
1776310170.258238	CYorgf1QjuxEieekbb	-	-	8e:10:1f:69:80:70	whmcs35849	-	-	-	-	-	-	-	DISCOVER	0.000000	-	-
1776310175.851471	CYorgf1QjuxEieekbb	-	-	8e:10:1f:69:80:81	ubuntu	-	-	-	-	-	-	-	DISCOVER	0.000000	-	-
1776310174.074826	CYorgf1QjuxEieekbb	-	-	8e:10:1f:69:80:a4	whmcs39856890	-	-	-	-	-	-	-	DISCOVER	0.000000	-	-
1776310170.167041	CYorgf1QjuxEieekbb	-	-	8e:10:1f:69:80:c2	whmcs167551	-	-	-	-	-	-	-	DISCOVER	0.000000	-	-
1776310174.111086	CYorgf1QjuxEieekbb	-	-	8e:10:1f:69:80:b4	whmcs38346614	-	-	-	-	-	-	-	DISCOVER	0.000000	-	-
1776310173.824866	CYorgf1QjuxEieekbb	-	-	8e:10:1f:69:80:5f	whmcs43727450	-	-	-	-	-	-	-	DISCOVER	0.000000	-	-
1776310175.850631	CYorgf1QjuxEieekbb	-	-	8e:10:1f:69:80:09	whmcs15397050	-	-	-	-	-	-	-	DISCOVER	0.000000	-	-
1776310175.313879	CYorgf1QjuxEieekbb	-	-	8e:10:1f:69:80:68	whmcs17857335	-	-	-	-	-	-	-	DISCOVER	0.000000	-	-
1776310175.702542	CYorgf1QjuxEieekbb	-	-	8e:10:1f:69:80:a5	whmcs44107514	-	-	-	-	-	-	-	DISCOVER	0.000000	-	-
1776310172.470220	CYorgf1QjuxEieekbb	-	-	8e:10:1f:69:80:69	whmcs36097603	-	-	-	-	-	-	-	DISCOVER	0.000000	-	-
1776310178.836535	CYorgf1QjuxEieekbb	-	-	8e:10:1f:69:80:38	whmcs33376861	-	-	-	-	-	-	-	DISCOVER	0.000000	-	-
1776310173.771329	CYorgf1QjuxEieekbb	-	-	8e:10:1f:69:80:12	whmcs45037605	-	-	-	-	-	-	-	DISCOVER	0.000000	-	-
1776310173.349403	CYorgf1QjuxEieekbb	-	-	8e:10:1f:69:80:76	whmcs28096887	-	-	-	-	-	-	-	DISCOVER	0.000000	-	-
1776310176.150562	CYorgf1QjuxEieekbb	-	-	8e:10:1f:69:80:4f	whmcs42467292	-	-	-	-	-	-	-	DISCOVER	0.000000	-	-
1776310187.952669	CYorgf1QjuxEieekbb	-	-	8e:10:1f:69:80:8f	whmcs17857422	-	-	-	-	-	-	-	DISCOVER	0.000000	-	-
1776310179.922303	CYorgf1QjuxEieekbb	-	-	8e:10:1f:69:80:a0	-	\x07project\x0ateknixcorp\x03com\x00	-	-	-	-	-	-	DISCOVER	0.000000	-	-
1776310182.499534	CYorgf1QjuxEieekbb	-	-	8e:10:1f:69:80:63	whmcs39996845	-	-	-	-	-	-	-	DISCOVER	0.000000	-	-
1776310182.457361	CYorgf1QjuxEieekbb	-	-	8e:10:1f:69:80:c5	whmcs38466921	-	-	-	-	-	-	-	DISCOVER	0.000000	-	-
1776310186.671824	CYorgf1QjuxEieekbb	-	-	8e:10:1f:69:80:5c	whmcs44557592	-	-	-	-	-	-	-	DISCOVER	0.000000	-	-
1776310185.167362	CYorgf1QjuxEieekbb	-	-	8e:10:1f:69:80:ef	whmcs7436262	-	-	-	-	-	-	-	DISCOVER	0.000000	-	-
1776310172.534487	CYorgf1QjuxEieekbb	-	-	8e:10:1f:69:80:de	voice-103-98-152-225	-	-	-	-	-	-	-	DISCOVER,DISCOVER,DISCOVER	20.480796	-	-
1776310180.091443	CYorgf1QjuxEieekbb	-	-	8e:10:1f:69:80:e5	whmcs33466917	-	-	-	-	-	-	-	DISCOVER	0.000000	-	-
1776310179.693340	CYorgf1QjuxEieekbb	-	-	8e:10:1f:69:80:83	whmcs45047608	-	-	-	-	-	-	-	DISCOVER	0.000000	-	-
1776310181.416276	CYorgf1QjuxEieekbb	-	-	8e:10:1f:69:80:e4	-	\x08hostname\x06domain\x03tld\x00	-	-	-	-	-	-	DISCOVER	0.000000	-	-
1776310184.720490	CYorgf1QjuxEieekbb	-	-	8e:10:1f:69:80:51	whmcs38346804	-	-	-	-	-	-	-	DISCOVER	0.000000	-	-
1776310184.672301	CYorgf1QjuxEieekbb	-	-	8e:10:1f:69:80:32	whmcs43867554	-	-	-	-	-	-	-	DISCOVER	0.000000	-	-
1776310181.550556	CYorgf1QjuxEieekbb	-	-	8e:10:1f:69:80:14	whmcs38467356	-	-	-	-	-	-	-	DISCOVER	0.000000	-	-
1776310191.184820	CYorgf1QjuxEieekbb	-	-	8e:10:1f:69:80:0b	whmcs44727578	-	-	-	-	-	-	-	DISCOVER	0.000000	-	-
1776310191.911261	CYorgf1QjuxEieekbb	-	-	8e:10:1f:69:80:7a	whmcs35046180	-	-	-	-	-	-	-	DISCOVER	0.000000	-	-
1776310192.987829	CYorgf1QjuxEieekbb	-	-	8e:10:1f:69:80:93	citymind	-	-	-	-	-	-	-	DISCOVER	0.000000	-	-
1776310191.742127	CYorgf1QjuxEieekbb	-	-	8e:10:1f:69:80:a9	BTG-HAPROXY	-	-	-	-	-	-	-	DISCOVER	0.000000	-	-
1776310198.197683	CYorgf1QjuxEieekbb	-	-	8e:10:1f:69:80:53	whmcs35046397	-	-	-	-	-	-	-	DISCOVER	0.000000	-	-
1776310198.188506	CYorgf1QjuxEieekbb	-	-	8e:10:1f:69:80:26	whmcs44107513	-	-	-	-	-	-	-	DISCOVER	0.000000	-	-
1776310198.140086	CYorgf1QjuxEieekbb	-	-	8e:10:1f:69:80:d2	whmcs33587038	-	-	-	-	-	-	-	DISCOVER	0.000000	-	-
1776310198.916551	CYorgf1QjuxEieekbb	-	-	8e:10:1f:69:80:0c	nocqtsc-vps	-	-	-	-	-	-	-	DISCOVER	0.000000	-	-
1776310195.521237	CYorgf1QjuxEieekbb	-	-	8e:10:1f:69:80:82	Sagrifood	-	-	-	-	-	-	-	DISCOVER	0.000000	-	-
1776310189.564141	CYorgf1QjuxEieekbb	-	-	8e:10:1f:69:80:95	whmcs17857365	-	-	-	-	-	-	-	DISCOVER	0.000000	-	-
1776310189.658971	CYorgf1QjuxEieekbb	-	-	8e:10:1f:69:80:94	watersense	-	-	-	-	-	-	-	DISCOVER	0.000000	-	-
1776310203.139971	CYorgf1QjuxEieekbb	-	-	8e:10:1f:69:80:f1	whmcs24136958	-	-	-	-	-	-	-	DISCOVER	0.000000	-	-
1776310201.905990	CYorgf1QjuxEieekbb	-	-	8e:10:1f:69:80:b7	whmcs22994531	-	-	-	-	-	-	-	DISCOVER	0.000000	-	-
1776310200.807410	CYorgf1QjuxEieekbb	-	-	8e:10:1f:69:80:4e	appginivn	-	-	-	-	-	-	-	DISCOVER	0.000000	-	-
1776310199.107342	CYorgf1QjuxEieekbb	-	-	8e:10:1f:69:80:65	whmcs42417443	-	-	-	-	-	-	-	DISCOVER	0.000000	-	-
1776310200.898551	CYorgf1QjuxEieekbb	-	-	8e:10:1f:69:80:de	voice-103-98-152-225	-	-	-	-	-	-	-	DISCOVER,DISCOVER	8.895670	-	-
1776310206.766124	CYorgf1QjuxEieekbb	-	-	8e:10:1f:69:80:36	whmcs167244	-	-	-	-	-	-	-	DISCOVER	0.000000	-	-
1776310208.090236	CYorgf1QjuxEieekbb	-	-	8e:10:1f:69:80:df	ubuntu	-	-	-	-	-	-	-	DISCOVER	0.000000	-	-
1776310206.830649	CYorgf1QjuxEieekbb	-	-	8e:10:1f:69:80:af	-	\x04wiki\x0ateknixcorp\x03com\x00	-	-	-	-	-	-	DISCOVER	0.000000	-	-
1776310201.248127	CYorgf1QjuxEieekbb	-	-	8e:10:1f:69:80:6f	-	\x03git\x0ateknixcorp\x03com\x00	-	-	-	-	-	-	DISCOVER	0.000000	-	-
1776310201.800700	CYorgf1QjuxEieekbb	-	-	8e:10:1f:69:80:d1	THTAX-SD	-	-	-	-	-	-	-	DISCOVER	0.000000	-	-
1776310208.672810	CYorgf1QjuxEieekbb	-	-	8e:10:1f:69:80:c6	whmcs40537445	-	-	-	-	-	-	-	DISCOVER	0.000000	-	-
1776310213.071997	CYorgf1QjuxEieekbb	-	-	8e:10:1f:69:80:aa	whmcs40257565	-	-	-	-	-	-	-	DISCOVER	0.000000	-	-
1776310209.576500	CYorgf1QjuxEieekbb	-	-	8e:10:1f:69:80:8d	whmcs43867470	-	-	-	-	-	-	-	DISCOVER	0.000000	-	-
1776310218.752540	CYorgf1QjuxEieekbb	-	-	8e:10:1f:69:80:4b	whmcs39797117	-	-	-	-	-	-	-	DISCOVER	0.000000	-	-
1776310217.256405	CYorgf1QjuxEieekbb	-	-	8e:10:1f:69:80:5b	whmcs40256875	-	-	-	-	-	-	-	DISCOVER	0.000000	-	-
1776310212.244548	CYorgf1QjuxEieekbb	-	-	8e:10:1f:69:80:44	whmcs44637589	-	-	-	-	-	-	-	DISCOVER	0.000000	-	-
1776310209.163002	CYorgf1QjuxEieekbb	-	-	8e:10:1f:69:80:e7	whmcs28096886	-	-	-	-	-	-	-	DISCOVER	0.000000	-	-
1776310211.511083	CYorgf1QjuxEieekbb	-	-	8e:10:1f:69:80:06	whmcs39566799	-	-	-	-	-	-	-	DISCOVER	0.000000	-	-
1776310212.669364	CYorgf1QjuxEieekbb	-	-	8e:10:1f:69:80:d7	whmcs33587167	-	-	-	-	-	-	-	DISCOVER	0.000000	-	-
1776310212.831494	CYorgf1QjuxEieekbb	-	-	8e:10:1f:69:80:01	whmcs40257536	-	-	-	-	-	-	-	DISCOVER	0.000000	-	-
1776310215.794882	CYorgf1QjuxEieekbb	-	-	8e:10:1f:69:80:f0	whmcs38467355	-	-	-	-	-	-	-	DISCOVER	0.000000	-	-
1776310228.057680	CYorgf1QjuxEieekbb	-	-	8e:10:1f:69:80:d0	whmcs35047158	-	-	-	-	-	-	-	DISCOVER	0.000000	-	-
1776310223.064998	CYorgf1QjuxEieekbb	-	-	8e:10:1f:69:80:34	whmcs44107515	-	-	-	-	-	-	-	DISCOVER	0.000000	-	-
1776310227.703160	CYorgf1QjuxEieekbb	-	-	8e:10:1f:69:80:8e	whmcs39656794	-	-	-	-	-	-	-	DISCOVER	0.000000	-	-
1776310219.397646	CYorgf1QjuxEieekbb	-	-	8e:10:1f:69:80:4c	whmcs42037223	-	-	-	-	-	-	-	DISCOVER	0.000000	-	-
1776310219.572726	CYorgf1QjuxEieekbb	-	-	8e:10:1f:69:80:66	whmcs40676947	-	-	-	-	-	-	-	DISCOVER	0.000000	-	-
1776310220.738486	CYorgf1QjuxEieekbb	-	-	8e:10:1f:69:80:0e	-	\x04mail\x0ayourdomain\x03com\x00	-	-	-	-	-	-	DISCOVER	0.000000	-	-
1776310222.478710	CYorgf1QjuxEieekbb	-	-	8e:10:1f:69:80:6b	whmcs17857421	-	-	-	-	-	-	-	DISCOVER	0.000000	-	-
1776310219.396812	CYorgf1QjuxEieekbb	-	-	8e:10:1f:69:80:a8	whmcs38346797	-	-	-	-	-	-	-	DISCOVER	0.000000	-	-
1776310220.967371	CYorgf1QjuxEieekbb	-	-	8e:10:1f:69:80:3a	whmcs44007497	-	-	-	-	-	-	-	DISCOVER	0.000000	-	-
1776310228.866889	CYorgf1QjuxEieekbb	-	-	8e:10:1f:69:80:80	whmcs38347220	-	-	-	-	-	-	-	DISCOVER	0.000000	-	-
1776310228.256162	CYorgf1QjuxEieekbb	-	-	8e:10:1f:69:80:bc	whmcs33376906	-	-	-	-	-	-	-	DISCOVER	0.000000	-	-
1776310220.462925	CYorgf1QjuxEieekbb	-	-	8e:10:1f:69:80:9e	-	\x06miso88\x03com\x00	-	-	-	-	-	-	DISCOVER	0.000000	-	-
1776310224.303663	CYorgf1QjuxEieekbb	-	-	8e:10:1f:69:80:ee	whmcs22995971	-	-	-	-	-	-	-	DISCOVER	0.000000	-	-
1776310224.566519	CYorgf1QjuxEieekbb	-	-	8e:10:1f:69:80:b9	whmcs35432	-	-	-	-	-	-	-	DISCOVER	0.000000	-	-
1776310222.223622	CYorgf1QjuxEieekbb	-	-	8e:10:1f:69:80:88	whmcs42467409	-	-	-	-	-	-	-	DISCOVER	0.000000	-	-
1776310231.800147	CYorgf1QjuxEieekbb	-	-	8e:10:1f:69:80:54	whmcs42467323	-	-	-	-	-	-	-	DISCOVER	0.000000	-	-
1776310238.512403	CYorgf1QjuxEieekbb	-	-	8e:10:1f:69:80:52	whmcs30985006	-	-	-	-	-	-	-	DISCOVER	0.000000	-	-
1776310234.975545	CYorgf1QjuxEieekbb	-	-	8e:10:1f:69:80:18	-	\x04mail\x06miso88\x02in\x00	-	-	-	-	-	-	DISCOVER	0.000000	-	-
1776310234.485091	CYorgf1QjuxEieekbb	-	-	8e:10:1f:69:80:31	whmcs38467357	-	-	-	-	-	-	-	DISCOVER	0.000000	-	-
1776310234.616543	CYorgf1QjuxEieekbb	-	-	8e:10:1f:69:80:70	whmcs35849	-	-	-	-	-	-	-	DISCOVER	0.000000	-	-
1776310237.386653	CYorgf1QjuxEieekbb	-	-	8e:10:1f:69:80:a4	whmcs39856890	-	-	-	-	-	-	-	DISCOVER	0.000000	-	-
1776310234.206613	CYorgf1QjuxEieekbb	-	-	8e:10:1f:69:80:c2	whmcs167551	-	-	-	-	-	-	-	DISCOVER	0.000000	-	-
1776310237.722336	CYorgf1QjuxEieekbb	-	-	8e:10:1f:69:80:b4	whmcs38346614	-	-	-	-	-	-	-	DISCOVER	0.000000	-	-
1776310238.223456	CYorgf1QjuxEieekbb	-	-	8e:10:1f:69:80:5f	whmcs43727450	-	-	-	-	-	-	-	DISCOVER	0.000000	-	-
1776310237.381289	CYorgf1QjuxEieekbb	-	-	8e:10:1f:69:80:69	whmcs36097603	-	-	-	-	-	-	-	DISCOVER	0.000000	-	-
1776310232.632688	CYorgf1QjuxEieekbb	-	-	8e:10:1f:69:80:dd	whmcs30547169	-	-	-	-	-	-	-	DISCOVER	0.000000	-	-
1776310232.088044	CYorgf1QjuxEieekbb	-	-	8e:10:1f:69:80:f4	whmcs33586910	-	-	-	-	-	-	-	DISCOVER	0.000000	-	-
1776310238.516232	CYorgf1QjuxEieekbb	-	-	8e:10:1f:69:80:12	whmcs45037605	-	-	-	-	-	-	-	DISCOVER	0.000000	-	-
1776310236.964948	CYorgf1QjuxEieekbb	-	-	8e:10:1f:69:80:76	whmcs28096887	-	-	-	-	-	-	-	DISCOVER	0.000000	-	-
1776310239.227983	CYorgf1QjuxEieekbb	-	-	8e:10:1f:69:80:1c	whmcs43867538	-	-	-	-	-	-	-	DISCOVER	0.000000	-	-
1776310239.550581	CYorgf1QjuxEieekbb	-	-	8e:10:1f:69:80:81	ubuntu	-	-	-	-	-	-	-	DISCOVER	0.000000	-	-
1776310244.916102	CYorgf1QjuxEieekbb	-	-	8e:10:1f:69:80:a0	-	\x07project\x0ateknixcorp\x03com\x00	-	-	-	-	-	-	DISCOVER	0.000000	-	-
1776310246.515240	CYorgf1QjuxEieekbb	-	-	8e:10:1f:69:80:63	whmcs39996845	-	-	-	-	-	-	-	DISCOVER	0.000000	-	-
1776310246.998217	CYorgf1QjuxEieekbb	-	-	8e:10:1f:69:80:c5	whmcs38466921	-	-	-	-	-	-	-	DISCOVER	0.000000	-	-
1776310248.306693	CYorgf1QjuxEieekbb	-	-	8e:10:1f:69:80:ef	whmcs7436262	-	-	-	-	-	-	-	DISCOVER	0.000000	-	-
1776310243.139666	CYorgf1QjuxEieekbb	-	-	8e:10:1f:69:80:e5	whmcs33466917	-	-	-	-	-	-	-	DISCOVER	0.000000	-	-
1776310242.895926	CYorgf1QjuxEieekbb	-	-	8e:10:1f:69:80:83	whmcs45047608	-	-	-	-	-	-	-	DISCOVER	0.000000	-	-
1776310240.426274	CYorgf1QjuxEieekbb	-	-	8e:10:1f:69:80:09	whmcs15397050	-	-	-	-	-	-	-	DISCOVER	0.000000	-	-
1776310239.899208	CYorgf1QjuxEieekbb	-	-	8e:10:1f:69:80:68	whmcs17857335	-	-	-	-	-	-	-	DISCOVER	0.000000	-	-
1776310240.552999	CYorgf1QjuxEieekbb	-	-	8e:10:1f:69:80:a5	whmcs44107514	-	-	-	-	-	-	-	DISCOVER	0.000000	-	-
1776310244.704878	CYorgf1QjuxEieekbb	-	-	8e:10:1f:69:80:e4	-	\x08hostname\x06domain\x03tld\x00	-	-	-	-	-	-	DISCOVER	0.000000	-	-
1776310242.134964	CYorgf1QjuxEieekbb	-	-	8e:10:1f:69:80:38	whmcs33376861	-	-	-	-	-	-	-	DISCOVER	0.000000	-	-
1776310240.645220	CYorgf1QjuxEieekbb	-	-	8e:10:1f:69:80:4f	whmcs42467292	-	-	-	-	-	-	-	DISCOVER	0.000000	-	-
1776310245.726936	CYorgf1QjuxEieekbb	-	-	8e:10:1f:69:80:14	whmcs38467356	-	-	-	-	-	-	-	DISCOVER	0.000000	-	-
1776310251.134854	CYorgf1QjuxEieekbb	-	-	8e:10:1f:69:80:8f	whmcs17857422	-	-	-	-	-	-	-	DISCOVER	0.000000	-	-
1776310255.562892	CYorgf1QjuxEieekbb	-	-	8e:10:1f:69:80:0b	whmcs44727578	-	-	-	-	-	-	-	DISCOVER	0.000000	-	-
1776310255.531326	CYorgf1QjuxEieekbb	-	-	8e:10:1f:69:80:7a	whmcs35046180	-	-	-	-	-	-	-	DISCOVER	0.000000	-	-
1776310256.106505	CYorgf1QjuxEieekbb	-	-	8e:10:1f:69:80:93	citymind	-	-	-	-	-	-	-	DISCOVER	0.000000	-	-
1776310250.203981	CYorgf1QjuxEieekbb	-	-	8e:10:1f:69:80:5c	whmcs44557592	-	-	-	-	-	-	-	DISCOVER	0.000000	-	-
1776310255.216318	CYorgf1QjuxEieekbb	-	-	8e:10:1f:69:80:a9	BTG-HAPROXY	-	-	-	-	-	-	-	DISCOVER	0.000000	-	-
1776310254.659998	CYorgf1QjuxEieekbb	-	-	8e:10:1f:69:80:98	Voice-Gateway-01	-	-	-	-	-	-	-	DISCOVER,DISCOVER	6.948234	-	-
1776310252.983069	CYorgf1QjuxEieekbb	-	-	8e:10:1f:69:80:95	whmcs17857365	-	-	-	-	-	-	-	DISCOVER	0.000000	-	-
1776310249.530872	CYorgf1QjuxEieekbb	-	-	8e:10:1f:69:80:51	whmcs38346804	-	-	-	-	-	-	-	DISCOVER	0.000000	-	-
1776310249.345939	CYorgf1QjuxEieekbb	-	-	8e:10:1f:69:80:32	whmcs43867554	-	-	-	-	-	-	-	DISCOVER	0.000000	-	-
1776310252.967367	CYorgf1QjuxEieekbb	-	-	8e:10:1f:69:80:94	watersense	-	-	-	-	-	-	-	DISCOVER	0.000000	-	-
1776310266.545796	CYorgf1QjuxEieekbb	-	-	8e:10:1f:69:80:f1	whmcs24136958	-	-	-	-	-	-	-	DISCOVER	0.000000	-	-
1776310266.998232	CYorgf1QjuxEieekbb	-	-	8e:10:1f:69:80:b7	whmcs22994531	-	-	-	-	-	-	-	DISCOVER	0.000000	-	-
1776310263.882991	CYorgf1QjuxEieekbb	-	-	8e:10:1f:69:80:4e	appginivn	-	-	-	-	-	-	-	DISCOVER	0.000000	-	-
1776310262.350697	CYorgf1QjuxEieekbb	-	-	8e:10:1f:69:80:65	whmcs42417443	-	-	-	-	-	-	-	DISCOVER	0.000000	-	-
1776310262.717995	CYorgf1QjuxEieekbb	-	-	8e:10:1f:69:80:53	whmcs35046397	-	-	-	-	-	-	-	DISCOVER	0.000000	-	-
1776310263.151777	CYorgf1QjuxEieekbb	-	-	8e:10:1f:69:80:26	whmcs44107513	-	-	-	-	-	-	-	DISCOVER	0.000000	-	-
1776310262.067330	CYorgf1QjuxEieekbb	-	-	8e:10:1f:69:80:d2	whmcs33587038	-	-	-	-	-	-	-	DISCOVER	0.000000	-	-
1776310263.927389	CYorgf1QjuxEieekbb	-	-	8e:10:1f:69:80:0c	nocqtsc-vps	-	-	-	-	-	-	-	DISCOVER	0.000000	-	-
1776310260.397956	CYorgf1QjuxEieekbb	-	-	8e:10:1f:69:80:82	Sagrifood	-	-	-	-	-	-	-	DISCOVER	0.000000	-	-
1776310265.465636	CYorgf1QjuxEieekbb	-	-	8e:10:1f:69:80:6f	-	\x03git\x0ateknixcorp\x03com\x00	-	-	-	-	-	-	DISCOVER	0.000000	-	-
1776310266.286540	CYorgf1QjuxEieekbb	-	-	8e:10:1f:69:80:d1	THTAX-SD	-	-	-	-	-	-	-	DISCOVER	0.000000	-	-
1776310277.167067	CYorgf1QjuxEieekbb	-	-	8e:10:1f:69:80:aa	whmcs40257565	-	-	-	-	-	-	-	DISCOVER	0.000000	-	-
1776310272.814109	CYorgf1QjuxEieekbb	-	-	8e:10:1f:69:80:8d	whmcs43867470	-	-	-	-	-	-	-	DISCOVER	0.000000	-	-
1776310276.215481	CYorgf1QjuxEieekbb	-	-	8e:10:1f:69:80:44	whmcs44637589	-	-	-	-	-	-	-	DISCOVER	0.000000	-	-
1776310271.477084	CYorgf1QjuxEieekbb	-	-	8e:10:1f:69:80:36	whmcs167244	-	-	-	-	-	-	-	DISCOVER	0.000000	-	-
1776310271.248559	CYorgf1QjuxEieekbb	-	-	8e:10:1f:69:80:df	ubuntu	-	-	-	-	-	-	-	DISCOVER	0.000000	-	-
1776310270.490806	CYorgf1QjuxEieekbb	-	-	8e:10:1f:69:80:af	-	\x04wiki\x0ateknixcorp\x03com\x00	-	-	-	-	-	-	DISCOVER	0.000000	-	-
1776310273.054273	CYorgf1QjuxEieekbb	-	-	8e:10:1f:69:80:e7	whmcs28096886	-	-	-	-	-	-	-	DISCOVER	0.000000	-	-
1776310276.419893	CYorgf1QjuxEieekbb	-	-	8e:10:1f:69:80:06	whmcs39566799	-	-	-	-	-	-	-	DISCOVER	0.000000	-	-
1776310276.965942	CYorgf1QjuxEieekbb	-	-	8e:10:1f:69:80:d7	whmcs33587167	-	-	-	-	-	-	-	DISCOVER	0.000000	-	-
1776310277.749914	CYorgf1QjuxEieekbb	-	-	8e:10:1f:69:80:01	whmcs40257536	-	-	-	-	-	-	-	DISCOVER	0.000000	-	-
1776310273.162338	CYorgf1QjuxEieekbb	-	-	8e:10:1f:69:80:c6	whmcs40537445	-	-	-	-	-	-	-	DISCOVER	0.000000	-	-
1776310287.617142	CYorgf1QjuxEieekbb	-	-	8e:10:1f:69:80:34	whmcs44107515	-	-	-	-	-	-	-	DISCOVER	0.000000	-	-
1776310281.838954	CYorgf1QjuxEieekbb	-	-	8e:10:1f:69:80:4b	whmcs39797117	-	-	-	-	-	-	-	DISCOVER	0.000000	-	-
1776310281.568658	CYorgf1QjuxEieekbb	-	-	8e:10:1f:69:80:5b	whmcs40256875	-	-	-	-	-	-	-	DISCOVER	0.000000	-	-
1776310284.372641	CYorgf1QjuxEieekbb	-	-	8e:10:1f:69:80:4c	whmcs42037223	-	-	-	-	-	-	-	DISCOVER	0.000000	-	-
1776310283.844453	CYorgf1QjuxEieekbb	-	-	8e:10:1f:69:80:66	whmcs40676947	-	-	-	-	-	-	-	DISCOVER	0.000000	-	-
1776310283.949069	CYorgf1QjuxEieekbb	-	-	8e:10:1f:69:80:0e	-	\x04mail\x0ayourdomain\x03com\x00	-	-	-	-	-	-	DISCOVER	0.000000	-	-
1776310286.626409	CYorgf1QjuxEieekbb	-	-	8e:10:1f:69:80:6b	whmcs17857421	-	-	-	-	-	-	-	DISCOVER	0.000000	-	-
1776310283.451712	CYorgf1QjuxEieekbb	-	-	8e:10:1f:69:80:a8	whmcs38346797	-	-	-	-	-	-	-	DISCOVER	0.000000	-	-
1776310285.866013	CYorgf1QjuxEieekbb	-	-	8e:10:1f:69:80:3a	whmcs44007497	-	-	-	-	-	-	-	DISCOVER	0.000000	-	-
1776310284.225726	CYorgf1QjuxEieekbb	-	-	8e:10:1f:69:80:9e	-	\x06miso88\x03com\x00	-	-	-	-	-	-	DISCOVER	0.000000	-	-
1776310288.327168	CYorgf1QjuxEieekbb	-	-	8e:10:1f:69:80:ee	whmcs22995971	-	-	-	-	-	-	-	DISCOVER	0.000000	-	-
1776310279.081806	CYorgf1QjuxEieekbb	-	-	8e:10:1f:69:80:f0	whmcs38467355	-	-	-	-	-	-	-	DISCOVER	0.000000	-	-
1776310288.177062	CYorgf1QjuxEieekbb	-	-	8e:10:1f:69:80:b9	whmcs35432	-	-	-	-	-	-	-	DISCOVER	0.000000	-	-
1776310286.671466	CYorgf1QjuxEieekbb	-	-	8e:10:1f:69:80:88	whmcs42467409	-	-	-	-	-	-	-	DISCOVER	0.000000	-	-
1776310296.218511	CYorgf1QjuxEieekbb	-	-	8e:10:1f:69:80:54	whmcs42467323	-	-	-	-	-	-	-	DISCOVER	0.000000	-	-
1776310293.038290	CYorgf1QjuxEieekbb	-	-	8e:10:1f:69:80:d0	whmcs35047158	-	-	-	-	-	-	-	DISCOVER	0.000000	-	-
1776310292.411696	CYorgf1QjuxEieekbb	-	-	8e:10:1f:69:80:8e	whmcs39656794	-	-	-	-	-	-	-	DISCOVER	0.000000	-	-
1776310298.269395	CYorgf1QjuxEieekbb	-	-	8e:10:1f:69:80:70	whmcs35849	-	-	-	-	-	-	-	DISCOVER	0.000000	-	-
1776310298.039978	CYorgf1QjuxEieekbb	-	-	8e:10:1f:69:80:c2	whmcs167551	-	-	-	-	-	-	-	DISCOVER	0.000000	-	-
1776310293.837232	CYorgf1QjuxEieekbb	-	-	8e:10:1f:69:80:80	whmcs38347220	-	-	-	-	-	-	-	DISCOVER	0.000000	-	-
1776310297.221032	CYorgf1QjuxEieekbb	-	-	8e:10:1f:69:80:dd	whmcs30547169	-	-	-	-	-	-	-	DISCOVER	0.000000	-	-
1776310273.787505	CYorgf1QjuxEieekbb	-	-	8e:10:1f:69:80:98	Voice-Gateway-01	-	-	-	-	-	-	-	DISCOVER,DISCOVER,DISCOVER,DISCOVER	28.982538	-	-
1776310291.846025	CYorgf1QjuxEieekbb	-	-	8e:10:1f:69:80:bc	whmcs33376906	-	-	-	-	-	-	-	DISCOVER	0.000000	-	-
1776310295.599990	CYorgf1QjuxEieekbb	-	-	8e:10:1f:69:80:f4	whmcs33586910	-	-	-	-	-	-	-	DISCOVER	0.000000	-	-
1776310302.095737	CYorgf1QjuxEieekbb	-	-	8e:10:1f:69:80:52	whmcs30985006	-	-	-	-	-	-	-	DISCOVER	0.000000	-	-
1776310299.498630	CYorgf1QjuxEieekbb	-	-	8e:10:1f:69:80:18	-	\x04mail\x06miso88\x02in\x00	-	-	-	-	-	-	DISCOVER	0.000000	-	-
1776310302.536979	CYorgf1QjuxEieekbb	-	-	8e:10:1f:69:80:1c	whmcs43867538	-	-	-	-	-	-	-	DISCOVER	0.000000	-	-
1776310299.064103	CYorgf1QjuxEieekbb	-	-	8e:10:1f:69:80:31	whmcs38467357	-	-	-	-	-	-	-	DISCOVER	0.000000	-	-
1776310304.005637	CYorgf1QjuxEieekbb	-	-	8e:10:1f:69:80:81	ubuntu	-	-	-	-	-	-	-	DISCOVER	0.000000	-	-
1776310302.266327	CYorgf1QjuxEieekbb	-	-	8e:10:1f:69:80:a4	whmcs39856890	-	-	-	-	-	-	-	DISCOVER	0.000000	-	-
1776310301.922683	CYorgf1QjuxEieekbb	-	-	8e:10:1f:69:80:b4	whmcs38346614	-	-	-	-	-	-	-	DISCOVER	0.000000	-	-
1776310306.790774	CYorgf1QjuxEieekbb	-	-	8e:10:1f:69:80:e5	whmcs33466917	-	-	-	-	-	-	-	DISCOVER	0.000000	-	-
1776310301.575531	CYorgf1QjuxEieekbb	-	-	8e:10:1f:69:80:5f	whmcs43727450	-	-	-	-	-	-	-	DISCOVER	0.000000	-	-
1776310306.127521	CYorgf1QjuxEieekbb	-	-	8e:10:1f:69:80:83	whmcs45047608	-	-	-	-	-	-	-	DISCOVER	0.000000	-	-
1776310305.376412	CYorgf1QjuxEieekbb	-	-	8e:10:1f:69:80:09	whmcs15397050	-	-	-	-	-	-	-	DISCOVER	0.000000	-	-
1776310304.208735	CYorgf1QjuxEieekbb	-	-	8e:10:1f:69:80:68	whmcs17857335	-	-	-	-	-	-	-	DISCOVER	0.000000	-	-
1776310305.349887	CYorgf1QjuxEieekbb	-	-	8e:10:1f:69:80:a5	whmcs44107514	-	-	-	-	-	-	-	DISCOVER	0.000000	-	-
1776310301.698434	CYorgf1QjuxEieekbb	-	-	8e:10:1f:69:80:69	whmcs36097603	-	-	-	-	-	-	-	DISCOVER	0.000000	-	-
1776310306.424115	CYorgf1QjuxEieekbb	-	-	8e:10:1f:69:80:38	whmcs33376861	-	-	-	-	-	-	-	DISCOVER	0.000000	-	-
1776310302.103390	CYorgf1QjuxEieekbb	-	-	8e:10:1f:69:80:12	whmcs45037605	-	-	-	-	-	-	-	DISCOVER	0.000000	-	-
1776310300.758707	CYorgf1QjuxEieekbb	-	-	8e:10:1f:69:80:76	whmcs28096887	-	-	-	-	-	-	-	DISCOVER	0.000000	-	-
1776310304.432795	CYorgf1QjuxEieekbb	-	-	8e:10:1f:69:80:4f	whmcs42467292	-	-	-	-	-	-	-	DISCOVER	0.000000	-	-
1776310315.824861	CYorgf1QjuxEieekbb	-	-	8e:10:1f:69:80:8f	whmcs17857422	-	-	-	-	-	-	-	DISCOVER	0.000000	-	-
1776310292.158112	CYorgf1QjuxEieekbb	-	-	8e:10:1f:69:70:da	ns6.vnso.vn	-	-	-	-	-	-	-	DISCOVER,DISCOVER,DISCOVER,DISCOVER,DISCOVER	25.121830	-	-
1776310309.835078	CYorgf1QjuxEieekbb	-	-	8e:10:1f:69:80:a0	-	\x07project\x0ateknixcorp\x03com\x00	-	-	-	-	-	-	DISCOVER	0.000000	-	-
1776310311.229866	CYorgf1QjuxEieekbb	-	-	8e:10:1f:69:80:63	whmcs39996845	-	-	-	-	-	-	-	DISCOVER	0.000000	-	-
1776310318.721168	CYorgf1QjuxEieekbb	-	-	8e:10:1f:69:80:7a	whmcs35046180	-	-	-	-	-	-	-	DISCOVER	0.000000	-	-
1776310311.094689	CYorgf1QjuxEieekbb	-	-	8e:10:1f:69:80:c5	whmcs38466921	-	-	-	-	-	-	-	DISCOVER	0.000000	-	-
1776310313.755547	CYorgf1QjuxEieekbb	-	-	8e:10:1f:69:80:5c	whmcs44557592	-	-	-	-	-	-	-	DISCOVER	0.000000	-	-
1776310311.751704	CYorgf1QjuxEieekbb	-	-	8e:10:1f:69:80:ef	whmcs7436262	-	-	-	-	-	-	-	DISCOVER	0.000000	-	-
1776310309.290706	CYorgf1QjuxEieekbb	-	-	8e:10:1f:69:80:e4	-	\x08hostname\x06domain\x03tld\x00	-	-	-	-	-	-	DISCOVER	0.000000	-	-
1776310316.532816	CYorgf1QjuxEieekbb	-	-	8e:10:1f:69:80:95	whmcs17857365	-	-	-	-	-	-	-	DISCOVER	0.000000	-	-
1776310313.078545	CYorgf1QjuxEieekbb	-	-	8e:10:1f:69:80:51	whmcs38346804	-	-	-	-	-	-	-	DISCOVER	0.000000	-	-
1776310313.819262	CYorgf1QjuxEieekbb	-	-	8e:10:1f:69:80:32	whmcs43867554	-	-	-	-	-	-	-	DISCOVER	0.000000	-	-
1776310316.938142	CYorgf1QjuxEieekbb	-	-	8e:10:1f:69:80:94	watersense	-	-	-	-	-	-	-	DISCOVER	0.000000	-	-
1776310309.024126	CYorgf1QjuxEieekbb	-	-	8e:10:1f:69:80:14	whmcs38467356	-	-	-	-	-	-	-	DISCOVER	0.000000	-	-
1776310328.113334	CYorgf1QjuxEieekbb	-	-	8e:10:1f:69:80:4e	appginivn	-	-	-	-	-	-	-	DISCOVER	0.000000	-	-
1776310320.166549	CYorgf1QjuxEieekbb	-	-	8e:10:1f:69:80:0b	whmcs44727578	-	-	-	-	-	-	-	DISCOVER	0.000000	-	-
1776310325.543625	CYorgf1QjuxEieekbb	-	-	8e:10:1f:69:80:65	whmcs42417443	-	-	-	-	-	-	-	DISCOVER	0.000000	-	-
1776310320.628312	CYorgf1QjuxEieekbb	-	-	8e:10:1f:69:80:93	citymind	-	-	-	-	-	-	-	DISCOVER	0.000000	-	-
1776310319.904599	CYorgf1QjuxEieekbb	-	-	8e:10:1f:69:80:a9	BTG-HAPROXY	-	-	-	-	-	-	-	DISCOVER	0.000000	-	-
1776310327.437945	CYorgf1QjuxEieekbb	-	-	8e:10:1f:69:80:53	whmcs35046397	-	-	-	-	-	-	-	DISCOVER	0.000000	-	-
1776310327.092293	CYorgf1QjuxEieekbb	-	-	8e:10:1f:69:80:26	whmcs44107513	-	-	-	-	-	-	-	DISCOVER	0.000000	-	-
1776310325.658930	CYorgf1QjuxEieekbb	-	-	8e:10:1f:69:80:d2	whmcs33587038	-	-	-	-	-	-	-	DISCOVER	0.000000	-	-
1776310328.541850	CYorgf1QjuxEieekbb	-	-	8e:10:1f:69:80:0c	nocqtsc-vps	-	-	-	-	-	-	-	DISCOVER	0.000000	-	-
1776310324.873540	CYorgf1QjuxEieekbb	-	-	8e:10:1f:69:80:82	Sagrifood	-	-	-	-	-	-	-	DISCOVER	0.000000	-	-
1776310329.919276	CYorgf1QjuxEieekbb	-	-	8e:10:1f:69:80:f1	whmcs24136958	-	-	-	-	-	-	-	DISCOVER	0.000000	-	-
1776310332.349858	CYorgf1QjuxEieekbb	-	-	8e:10:1f:69:80:b7	whmcs22994531	-	-	-	-	-	-	-	DISCOVER	0.000000	-	-
1776310336.244299	CYorgf1QjuxEieekbb	-	-	8e:10:1f:69:80:8d	whmcs43867470	-	-	-	-	-	-	-	DISCOVER	0.000000	-	-
1776310338.742471	CYorgf1QjuxEieekbb	-	-	8e:10:1f:69:70:da	ns6.vnso.vn	-	-	-	-	-	-	-	DISCOVER	0.000000	-	-
1776310335.513663	CYorgf1QjuxEieekbb	-	-	8e:10:1f:69:80:36	whmcs167244	-	-	-	-	-	-	-	DISCOVER	0.000000	-	-
1776310335.680360	CYorgf1QjuxEieekbb	-	-	8e:10:1f:69:80:df	ubuntu	-	-	-	-	-	-	-	DISCOVER	0.000000	-	-
1776310334.199416	CYorgf1QjuxEieekbb	-	-	8e:10:1f:69:80:af	-	\x04wiki\x0ateknixcorp\x03com\x00	-	-	-	-	-	-	DISCOVER	0.000000	-	-
1776310337.713831	CYorgf1QjuxEieekbb	-	-	8e:10:1f:69:80:e7	whmcs28096886	-	-	-	-	-	-	-	DISCOVER	0.000000	-	-
1776310329.926195	CYorgf1QjuxEieekbb	-	-	8e:10:1f:69:80:6f	-	\x03git\x0ateknixcorp\x03com\x00	-	-	-	-	-	-	DISCOVER	0.000000	-	-
1776310329.773708	CYorgf1QjuxEieekbb	-	-	8e:10:1f:69:80:d1	THTAX-SD	-	-	-	-	-	-	-	DISCOVER	0.000000	-	-
1776310337.091286	CYorgf1QjuxEieekbb	-	-	8e:10:1f:69:80:c6	whmcs40537445	-	-	-	-	-	-	-	DISCOVER	0.000000	-	-
1776310341.308775	CYorgf1QjuxEieekbb	-	-	8e:10:1f:69:80:aa	whmcs40257565	-	-	-	-	-	-	-	DISCOVER	0.000000	-	-
1776310346.085412	CYorgf1QjuxEieekbb	-	-	8e:10:1f:69:80:4b	whmcs39797117	-	-	-	-	-	-	-	DISCOVER	0.000000	-	-
1776310346.043651	CYorgf1QjuxEieekbb	-	-	8e:10:1f:69:80:5b	whmcs40256875	-	-	-	-	-	-	-	DISCOVER	0.000000	-	-
1776310347.671392	CYorgf1QjuxEieekbb	-	-	8e:10:1f:69:80:4c	whmcs42037223	-	-	-	-	-	-	-	DISCOVER	0.000000	-	-
1776310347.775306	CYorgf1QjuxEieekbb	-	-	8e:10:1f:69:80:66	whmcs40676947	-	-	-	-	-	-	-	DISCOVER	0.000000	-	-
1776310340.378260	CYorgf1QjuxEieekbb	-	-	8e:10:1f:69:80:44	whmcs44637589	-	-	-	-	-	-	-	DISCOVER	0.000000	-	-
1776310348.186111	CYorgf1QjuxEieekbb	-	-	8e:10:1f:69:80:0e	-	\x04mail\x0ayourdomain\x03com\x00	-	-	-	-	-	-	DISCOVER	0.000000	-	-
1776310346.484630	CYorgf1QjuxEieekbb	-	-	8e:10:1f:69:80:a8	whmcs38346797	-	-	-	-	-	-	-	DISCOVER	0.000000	-	-
1776310340.903021	CYorgf1QjuxEieekbb	-	-	8e:10:1f:69:80:06	whmcs39566799	-	-	-	-	-	-	-	DISCOVER	0.000000	-	-
1776310340.879664	CYorgf1QjuxEieekbb	-	-	8e:10:1f:69:80:d7	whmcs33587167	-	-	-	-	-	-	-	DISCOVER	0.000000	-	-
1776310348.207182	CYorgf1QjuxEieekbb	-	-	8e:10:1f:69:80:9e	-	\x06miso88\x03com\x00	-	-	-	-	-	-	DISCOVER	0.000000	-	-
1776310342.443335	CYorgf1QjuxEieekbb	-	-	8e:10:1f:69:80:01	whmcs40257536	-	-	-	-	-	-	-	DISCOVER	0.000000	-	-
1776310343.106076	CYorgf1QjuxEieekbb	-	-	8e:10:1f:69:80:f0	whmcs38467355	-	-	-	-	-	-	-	DISCOVER	0.000000	-	-
1776310357.630077	CYorgf1QjuxEieekbb	-	-	8e:10:1f:69:80:d0	whmcs35047158	-	-	-	-	-	-	-	DISCOVER	0.000000	-	-
1776310352.049744	CYorgf1QjuxEieekbb	-	-	8e:10:1f:69:80:34	whmcs44107515	-	-	-	-	-	-	-	DISCOVER	0.000000	-	-
1776310356.926359	CYorgf1QjuxEieekbb	-	-	8e:10:1f:69:80:8e	whmcs39656794	-	-	-	-	-	-	-	DISCOVER	0.000000	-	-
1776310357.547455	CYorgf1QjuxEieekbb	-	-	8e:10:1f:69:70:da	ns6.vnso.vn	-	-	-	-	-	-	-	DISCOVER	0.000000	-	-
1776310351.270103	CYorgf1QjuxEieekbb	-	-	8e:10:1f:69:80:6b	whmcs17857421	-	-	-	-	-	-	-	DISCOVER	0.000000	-	-
1776310349.244457	CYorgf1QjuxEieekbb	-	-	8e:10:1f:69:80:3a	whmcs44007497	-	-	-	-	-	-	-	DISCOVER	0.000000	-	-
1776310357.665145	CYorgf1QjuxEieekbb	-	-	8e:10:1f:69:80:80	whmcs38347220	-	-	-	-	-	-	-	DISCOVER	0.000000	-	-
1776310356.501575	CYorgf1QjuxEieekbb	-	-	8e:10:1f:69:80:bc	whmcs33376906	-	-	-	-	-	-	-	DISCOVER	0.000000	-	-
1776310351.479588	CYorgf1QjuxEieekbb	-	-	8e:10:1f:69:80:ee	whmcs22995971	-	-	-	-	-	-	-	DISCOVER	0.000000	-	-
1776310352.345552	CYorgf1QjuxEieekbb	-	-	8e:10:1f:69:80:b9	whmcs35432	-	-	-	-	-	-	-	DISCOVER	0.000000	-	-
1776310351.401564	CYorgf1QjuxEieekbb	-	-	8e:10:1f:69:80:88	whmcs42467409	-	-	-	-	-	-	-	DISCOVER	0.000000	-	-
1776310359.763776	CYorgf1QjuxEieekbb	-	-	8e:10:1f:69:80:54	whmcs42467323	-	-	-	-	-	-	-	DISCOVER	0.000000	-	-
1776310366.012428	CYorgf1QjuxEieekbb	-	-	8e:10:1f:69:80:52	whmcs30985006	-	-	-	-	-	-	-	DISCOVER	0.000000	-	-
1776310363.725180	CYorgf1QjuxEieekbb	-	-	8e:10:1f:69:80:18	-	\x04mail\x06miso88\x02in\x00	-	-	-	-	-	-	DISCOVER	0.000000	-	-
1776310366.041687	CYorgf1QjuxEieekbb	-	-	8e:10:1f:69:80:1c	whmcs43867538	-	-	-	-	-	-	-	DISCOVER	0.000000	-	-
1776310363.133425	CYorgf1QjuxEieekbb	-	-	8e:10:1f:69:80:31	whmcs38467357	-	-	-	-	-	-	-	DISCOVER	0.000000	-	-
1776310361.760088	CYorgf1QjuxEieekbb	-	-	8e:10:1f:69:80:70	whmcs35849	-	-	-	-	-	-	-	DISCOVER	0.000000	-	-
1776310367.272208	CYorgf1QjuxEieekbb	-	-	8e:10:1f:69:80:81	ubuntu	-	-	-	-	-	-	-	DISCOVER	0.000000	-	-
1776310366.550297	CYorgf1QjuxEieekbb	-	-	8e:10:1f:69:80:a4	whmcs39856890	-	-	-	-	-	-	-	DISCOVER	0.000000	-	-
1776310362.994611	CYorgf1QjuxEieekbb	-	-	8e:10:1f:69:80:c2	whmcs167551	-	-	-	-	-	-	-	DISCOVER	0.000000	-	-
1776310366.786794	CYorgf1QjuxEieekbb	-	-	8e:10:1f:69:80:b4	whmcs38346614	-	-	-	-	-	-	-	DISCOVER	0.000000	-	-
1776310366.026927	CYorgf1QjuxEieekbb	-	-	8e:10:1f:69:80:5f	whmcs43727450	-	-	-	-	-	-	-	DISCOVER	0.000000	-	-
1776310368.665422	CYorgf1QjuxEieekbb	-	-	8e:10:1f:69:80:09	whmcs15397050	-	-	-	-	-	-	-	DISCOVER	0.000000	-	-
1776310368.065381	CYorgf1QjuxEieekbb	-	-	8e:10:1f:69:80:68	whmcs17857335	-	-	-	-	-	-	-	DISCOVER	0.000000	-	-
1776310368.989096	CYorgf1QjuxEieekbb	-	-	8e:10:1f:69:80:a5	whmcs44107514	-	-	-	-	-	-	-	DISCOVER	0.000000	-	-
1776310364.849975	CYorgf1QjuxEieekbb	-	-	8e:10:1f:69:80:69	whmcs36097603	-	-	-	-	-	-	-	DISCOVER	0.000000	-	-
1776310361.811863	CYorgf1QjuxEieekbb	-	-	8e:10:1f:69:80:dd	whmcs30547169	-	-	-	-	-	-	-	DISCOVER	0.000000	-	-
1776310359.789801	CYorgf1QjuxEieekbb	-	-	8e:10:1f:69:80:f4	whmcs33586910	-	-	-	-	-	-	-	DISCOVER	0.000000	-	-
1776310366.704647	CYorgf1QjuxEieekbb	-	-	8e:10:1f:69:80:12	whmcs45037605	-	-	-	-	-	-	-	DISCOVER	0.000000	-	-
1776310365.114581	CYorgf1QjuxEieekbb	-	-	8e:10:1f:69:80:76	whmcs28096887	-	-	-	-	-	-	-	DISCOVER	0.000000	-	-
1776310375.849863	CYorgf1QjuxEieekbb	-	-	8e:10:1f:69:70:da	ns6.vnso.vn	-	-	-	-	-	-	-	DISCOVER	0.000000	-	-
1776310373.128580	CYorgf1QjuxEieekbb	-	-	8e:10:1f:69:80:a0	-	\x07project\x0ateknixcorp\x03com\x00	-	-	-	-	-	-	DISCOVER	0.000000	-	-
1776310374.705210	CYorgf1QjuxEieekbb	-	-	8e:10:1f:69:80:63	whmcs39996845	-	-	-	-	-	-	-	DISCOVER	0.000000	-	-
1776310375.252750	CYorgf1QjuxEieekbb	-	-	8e:10:1f:69:80:c5	whmcs38466921	-	-	-	-	-	-	-	DISCOVER	0.000000	-	-
1776310378.347764	CYorgf1QjuxEieekbb	-	-	8e:10:1f:69:80:5c	whmcs44557592	-	-	-	-	-	-	-	DISCOVER	0.000000	-	-
1776310376.206887	CYorgf1QjuxEieekbb	-	-	8e:10:1f:69:80:ef	whmcs7436262	-	-	-	-	-	-	-	DISCOVER	0.000000	-	-
1776310371.725621	CYorgf1QjuxEieekbb	-	-	8e:10:1f:69:80:e5	whmcs33466917	-	-	-	-	-	-	-	DISCOVER	0.000000	-	-
1776310369.497991	CYorgf1QjuxEieekbb	-	-	8e:10:1f:69:80:83	whmcs45047608	-	-	-	-	-	-	-	DISCOVER	0.000000	-	-
1776310372.895983	CYorgf1QjuxEieekbb	-	-	8e:10:1f:69:80:e4	-	\x08hostname\x06domain\x03tld\x00	-	-	-	-	-	-	DISCOVER	0.000000	-	-
1776310371.383463	CYorgf1QjuxEieekbb	-	-	8e:10:1f:69:80:38	whmcs33376861	-	-	-	-	-	-	-	DISCOVER	0.000000	-	-
1776310376.693892	CYorgf1QjuxEieekbb	-	-	8e:10:1f:69:80:51	whmcs38346804	-	-	-	-	-	-	-	DISCOVER	0.000000	-	-
1776310377.247625	CYorgf1QjuxEieekbb	-	-	8e:10:1f:69:80:32	whmcs43867554	-	-	-	-	-	-	-	DISCOVER	0.000000	-	-
1776310369.447558	CYorgf1QjuxEieekbb	-	-	8e:10:1f:69:80:4f	whmcs42467292	-	-	-	-	-	-	-	DISCOVER	0.000000	-	-
1776310373.115003	CYorgf1QjuxEieekbb	-	-	8e:10:1f:69:80:14	whmcs38467356	-	-	-	-	-	-	-	DISCOVER	0.000000	-	-
1776310379.203816	CYorgf1QjuxEieekbb	-	-	8e:10:1f:69:80:8f	whmcs17857422	-	-	-	-	-	-	-	DISCOVER	0.000000	-	-
1776310383.241019	CYorgf1QjuxEieekbb	-	-	8e:10:1f:69:80:0b	whmcs44727578	-	-	-	-	-	-	-	DISCOVER	0.000000	-	-
1776310383.121786	CYorgf1QjuxEieekbb	-	-	8e:10:1f:69:80:7a	whmcs35046180	-	-	-	-	-	-	-	DISCOVER	0.000000	-	-
1776310384.836447	CYorgf1QjuxEieekbb	-	-	8e:10:1f:69:80:93	citymind	-	-	-	-	-	-	-	DISCOVER	0.000000	-	-
1776310383.688333	CYorgf1QjuxEieekbb	-	-	8e:10:1f:69:80:a9	BTG-HAPROXY	-	-	-	-	-	-	-	DISCOVER	0.000000	-	-
1776310380.449951	CYorgf1QjuxEieekbb	-	-	8e:10:1f:69:80:95	whmcs17857365	-	-	-	-	-	-	-	DISCOVER	0.000000	-	-
1776310379.957394	CYorgf1QjuxEieekbb	-	-	8e:10:1f:69:80:94	watersense	-	-	-	-	-	-	-	DISCOVER	0.000000	-	-
1776310393.801123	CYorgf1QjuxEieekbb	-	-	8e:10:1f:69:80:f1	whmcs24136958	-	-	-	-	-	-	-	DISCOVER	0.000000	-	-
1776310396.465773	CYorgf1QjuxEieekbb	-	-	8e:10:1f:69:80:b7	whmcs22994531	-	-	-	-	-	-	-	DISCOVER	0.000000	-	-
1776310392.311206	CYorgf1QjuxEieekbb	-	-	8e:10:1f:69:80:4e	appginivn	-	-	-	-	-	-	-	DISCOVER	0.000000	-	-
1776310390.362215	CYorgf1QjuxEieekbb	-	-	8e:10:1f:69:70:da	ns6.vnso.vn	-	-	-	-	-	-	-	DISCOVER	0.000000	-	-
1776310389.283496	CYorgf1QjuxEieekbb	-	-	8e:10:1f:69:80:65	whmcs42417443	-	-	-	-	-	-	-	DISCOVER	0.000000	-	-
1776310398.924030	CYorgf1QjuxEieekbb	-	-	8e:10:1f:69:80:36	whmcs167244	-	-	-	-	-	-	-	DISCOVER	0.000000	-	-
1776310391.020519	CYorgf1QjuxEieekbb	-	-	8e:10:1f:69:80:53	whmcs35046397	-	-	-	-	-	-	-	DISCOVER	0.000000	-	-
1776310390.335300	CYorgf1QjuxEieekbb	-	-	8e:10:1f:69:80:26	whmcs44107513	-	-	-	-	-	-	-	DISCOVER	0.000000	-	-
1776310398.334626	CYorgf1QjuxEieekbb	-	-	8e:10:1f:69:80:af	-	\x04wiki\x0ateknixcorp\x03com\x00	-	-	-	-	-	-	DISCOVER	0.000000	-	-
1776310389.920433	CYorgf1QjuxEieekbb	-	-	8e:10:1f:69:80:d2	whmcs33587038	-	-	-	-	-	-	-	DISCOVER	0.000000	-	-
1776310393.064618	CYorgf1QjuxEieekbb	-	-	8e:10:1f:69:80:0c	nocqtsc-vps	-	-	-	-	-	-	-	DISCOVER	0.000000	-	-
1776310389.104564	CYorgf1QjuxEieekbb	-	-	8e:10:1f:69:80:82	Sagrifood	-	-	-	-	-	-	-	DISCOVER	0.000000	-	-
1776310393.482191	CYorgf1QjuxEieekbb	-	-	8e:10:1f:69:80:6f	-	\x03git\x0ateknixcorp\x03com\x00	-	-	-	-	-	-	DISCOVER	0.000000	-	-
1776310392.864825	CYorgf1QjuxEieekbb	-	-	8e:10:1f:69:80:d1	THTAX-SD	-	-	-	-	-	-	-	DISCOVER	0.000000	-	-
1776310405.741452	CYorgf1QjuxEieekbb	-	-	8e:10:1f:69:80:aa	whmcs40257565	-	-	-	-	-	-	-	DISCOVER	0.000000	-	-
1776310400.739535	CYorgf1QjuxEieekbb	-	-	8e:10:1f:69:80:8d	whmcs43867470	-	-	-	-	-	-	-	DISCOVER	0.000000	-	-
1776310404.206511	CYorgf1QjuxEieekbb	-	-	8e:10:1f:69:80:44	whmcs44637589	-	-	-	-	-	-	-	DISCOVER	0.000000	-	-
1776310400.654660	CYorgf1QjuxEieekbb	-	-	8e:10:1f:69:80:df	ubuntu	-	-	-	-	-	-	-	DISCOVER	0.000000	-	-
1776310402.453764	CYorgf1QjuxEieekbb	-	-	8e:10:1f:69:80:e7	whmcs28096886	-	-	-	-	-	-	-	DISCOVER	0.000000	-	-
1776310405.832941	CYorgf1QjuxEieekbb	-	-	8e:10:1f:69:80:06	whmcs39566799	-	-	-	-	-	-	-	DISCOVER	0.000000	-	-
1776310404.414137	CYorgf1QjuxEieekbb	-	-	8e:10:1f:69:80:d7	whmcs33587167	-	-	-	-	-	-	-	DISCOVER	0.000000	-	-
1776310407.024813	CYorgf1QjuxEieekbb	-	-	8e:10:1f:69:80:01	whmcs40257536	-	-	-	-	-	-	-	DISCOVER	0.000000	-	-
1776310407.725617	CYorgf1QjuxEieekbb	-	-	8e:10:1f:69:80:f0	whmcs38467355	-	-	-	-	-	-	-	DISCOVER	0.000000	-	-
1776310400.932027	CYorgf1QjuxEieekbb	-	-	8e:10:1f:69:80:c6	whmcs40537445	-	-	-	-	-	-	-	DISCOVER	0.000000	-	-
1776310415.126410	CYorgf1QjuxEieekbb	-	-	8e:10:1f:69:80:34	whmcs44107515	-	-	-	-	-	-	-	DISCOVER	0.000000	-	-
1776310410.554636	CYorgf1QjuxEieekbb	-	-	8e:10:1f:69:80:4b	whmcs39797117	-	-	-	-	-	-	-	DISCOVER	0.000000	-	-
1776310411.023219	CYorgf1QjuxEieekbb	-	-	8e:10:1f:69:80:5b	whmcs40256875	-	-	-	-	-	-	-	DISCOVER	0.000000	-	-
1776310411.177382	CYorgf1QjuxEieekbb	-	-	8e:10:1f:69:70:da	ns6.vnso.vn	-	-	-	-	-	-	-	DISCOVER,DISCOVER	7.787618	-	-
1776310412.251134	CYorgf1QjuxEieekbb	-	-	8e:10:1f:69:80:4c	whmcs42037223	-	-	-	-	-	-	-	DISCOVER	0.000000	-	-
1776310412.222608	CYorgf1QjuxEieekbb	-	-	8e:10:1f:69:80:66	whmcs40676947	-	-	-	-	-	-	-	DISCOVER	0.000000	-	-
1776310412.841591	CYorgf1QjuxEieekbb	-	-	8e:10:1f:69:80:0e	-	\x04mail\x0ayourdomain\x03com\x00	-	-	-	-	-	-	DISCOVER	0.000000	-	-
1776310415.601148	CYorgf1QjuxEieekbb	-	-	8e:10:1f:69:80:6b	whmcs17857421	-	-	-	-	-	-	-	DISCOVER	0.000000	-	-
1776310410.185075	CYorgf1QjuxEieekbb	-	-	8e:10:1f:69:80:a8	whmcs38346797	-	-	-	-	-	-	-	DISCOVER	0.000000	-	-
1776310413.712052	CYorgf1QjuxEieekbb	-	-	8e:10:1f:69:80:3a	whmcs44007497	-	-	-	-	-	-	-	DISCOVER	0.000000	-	-
1776310412.212998	CYorgf1QjuxEieekbb	-	-	8e:10:1f:69:80:9e	-	\x06miso88\x03com\x00	-	-	-	-	-	-	DISCOVER	0.000000	-	-
1776310415.978774	CYorgf1QjuxEieekbb	-	-	8e:10:1f:69:80:ee	whmcs22995971	-	-	-	-	-	-	-	DISCOVER	0.000000	-	-
1776310416.299715	CYorgf1QjuxEieekbb	-	-	8e:10:1f:69:80:b9	whmcs35432	-	-	-	-	-	-	-	DISCOVER	0.000000	-	-
1776310414.511020	CYorgf1QjuxEieekbb	-	-	8e:10:1f:69:80:88	whmcs42467409	-	-	-	-	-	-	-	DISCOVER	0.000000	-	-
1776310424.241232	CYorgf1QjuxEieekbb	-	-	8e:10:1f:69:80:54	whmcs42467323	-	-	-	-	-	-	-	DISCOVER	0.000000	-	-
1776310422.322501	CYorgf1QjuxEieekbb	-	-	8e:10:1f:69:80:d0	whmcs35047158	-	-	-	-	-	-	-	DISCOVER	0.000000	-	-
1776310421.765583	CYorgf1QjuxEieekbb	-	-	8e:10:1f:69:80:8e	whmcs39656794	-	-	-	-	-	-	-	DISCOVER	0.000000	-	-
1776310427.081834	CYorgf1QjuxEieekbb	-	-	8e:10:1f:69:80:18	-	\x04mail\x06miso88\x02in\x00	-	-	-	-	-	-	DISCOVER	0.000000	-	-
1776310426.452972	CYorgf1QjuxEieekbb	-	-	8e:10:1f:69:80:31	whmcs38467357	-	-	-	-	-	-	-	DISCOVER	0.000000	-	-
1776310424.934237	CYorgf1QjuxEieekbb	-	-	8e:10:1f:69:80:70	whmcs35849	-	-	-	-	-	-	-	DISCOVER	0.000000	-	-
1776310426.747024	CYorgf1QjuxEieekbb	-	-	8e:10:1f:69:80:c2	whmcs167551	-	-	-	-	-	-	-	DISCOVER	0.000000	-	-
1776310428.954792	CYorgf1QjuxEieekbb	-	-	8e:10:1f:69:80:69	whmcs36097603	-	-	-	-	-	-	-	DISCOVER	0.000000	-	-
1776310421.628972	CYorgf1QjuxEieekbb	-	-	8e:10:1f:69:80:80	whmcs38347220	-	-	-	-	-	-	-	DISCOVER	0.000000	-	-
1776310426.411926	CYorgf1QjuxEieekbb	-	-	8e:10:1f:69:80:dd	whmcs30547169	-	-	-	-	-	-	-	DISCOVER	0.000000	-	-
1776310420.087061	CYorgf1QjuxEieekbb	-	-	8e:10:1f:69:80:bc	whmcs33376906	-	-	-	-	-	-	-	DISCOVER	0.000000	-	-
1776310423.407842	CYorgf1QjuxEieekbb	-	-	8e:10:1f:69:80:f4	whmcs33586910	-	-	-	-	-	-	-	DISCOVER	0.000000	-	-
1776310428.338393	CYorgf1QjuxEieekbb	-	-	8e:10:1f:69:80:76	whmcs28096887	-	-	-	-	-	-	-	DISCOVER	0.000000	-	-
1776310429.904684	CYorgf1QjuxEieekbb	-	-	8e:10:1f:69:80:52	whmcs30985006	-	-	-	-	-	-	-	DISCOVER	0.000000	-	-
1776310430.303456	CYorgf1QjuxEieekbb	-	-	8e:10:1f:69:80:1c	whmcs43867538	-	-	-	-	-	-	-	DISCOVER	0.000000	-	-
1776310430.062272	CYorgf1QjuxEieekbb	-	-	8e:10:1f:69:70:da	ns6.vnso.vn	-	-	-	-	-	-	-	DISCOVER,DISCOVER	12.106327	-	-
1776310431.994004	CYorgf1QjuxEieekbb	-	-	8e:10:1f:69:80:81	ubuntu	-	-	-	-	-	-	-	DISCOVER	0.000000	-	-
1776310436.226280	CYorgf1QjuxEieekbb	-	-	8e:10:1f:69:80:a0	-	\x07project\x0ateknixcorp\x03com\x00	-	-	-	-	-	-	DISCOVER	0.000000	-	-
1776310438.701310	CYorgf1QjuxEieekbb	-	-	8e:10:1f:69:80:63	whmcs39996845	-	-	-	-	-	-	-	DISCOVER	0.000000	-	-
1776310430.418269	CYorgf1QjuxEieekbb	-	-	8e:10:1f:69:80:a4	whmcs39856890	-	-	-	-	-	-	-	DISCOVER	0.000000	-	-
1776310430.625464	CYorgf1QjuxEieekbb	-	-	8e:10:1f:69:80:b4	whmcs38346614	-	-	-	-	-	-	-	DISCOVER	0.000000	-	-
1776310435.466838	CYorgf1QjuxEieekbb	-	-	8e:10:1f:69:80:e5	whmcs33466917	-	-	-	-	-	-	-	DISCOVER	0.000000	-	-
1776310430.440497	CYorgf1QjuxEieekbb	-	-	8e:10:1f:69:80:5f	whmcs43727450	-	-	-	-	-	-	-	DISCOVER	0.000000	-	-
1776310434.371829	CYorgf1QjuxEieekbb	-	-	8e:10:1f:69:80:83	whmcs45047608	-	-	-	-	-	-	-	DISCOVER	0.000000	-	-
1776310432.436200	CYorgf1QjuxEieekbb	-	-	8e:10:1f:69:80:09	whmcs15397050	-	-	-	-	-	-	-	DISCOVER	0.000000	-	-
1776310431.142387	CYorgf1QjuxEieekbb	-	-	8e:10:1f:69:80:68	whmcs17857335	-	-	-	-	-	-	-	DISCOVER	0.000000	-	-
1776310433.861723	CYorgf1QjuxEieekbb	-	-	8e:10:1f:69:80:a5	whmcs44107514	-	-	-	-	-	-	-	DISCOVER	0.000000	-	-
1776310437.642937	CYorgf1QjuxEieekbb	-	-	8e:10:1f:69:80:e4	-	\x08hostname\x06domain\x03tld\x00	-	-	-	-	-	-	DISCOVER	0.000000	-	-
1776310435.333390	CYorgf1QjuxEieekbb	-	-	8e:10:1f:69:80:38	whmcs33376861	-	-	-	-	-	-	-	DISCOVER	0.000000	-	-
1776310430.983348	CYorgf1QjuxEieekbb	-	-	8e:10:1f:69:80:12	whmcs45037605	-	-	-	-	-	-	-	DISCOVER	0.000000	-	-
1776310433.259229	CYorgf1QjuxEieekbb	-	-	8e:10:1f:69:80:4f	whmcs42467292	-	-	-	-	-	-	-	DISCOVER	0.000000	-	-
1776310436.602619	CYorgf1QjuxEieekbb	-	-	8e:10:1f:69:80:14	whmcs38467356	-	-	-	-	-	-	-	DISCOVER	0.000000	-	-
1776310443.703777	CYorgf1QjuxEieekbb	-	-	8e:10:1f:69:80:8f	whmcs17857422	-	-	-	-	-	-	-	DISCOVER	0.000000	-	-
1776310446.404076	CYorgf1QjuxEieekbb	-	-	8e:10:1f:69:80:0b	whmcs44727578	-	-	-	-	-	-	-	DISCOVER	0.000000	-	-
1776310447.743315	CYorgf1QjuxEieekbb	-	-	8e:10:1f:69:80:7a	whmcs35046180	-	-	-	-	-	-	-	DISCOVER	0.000000	-	-
1776310440.189366	CYorgf1QjuxEieekbb	-	-	8e:10:1f:69:80:c5	whmcs38466921	-	-	-	-	-	-	-	DISCOVER	0.000000	-	-
1776310441.573219	CYorgf1QjuxEieekbb	-	-	8e:10:1f:69:80:5c	whmcs44557592	-	-	-	-	-	-	-	DISCOVER	0.000000	-	-
1776310440.810089	CYorgf1QjuxEieekbb	-	-	8e:10:1f:69:80:ef	whmcs7436262	-	-	-	-	-	-	-	DISCOVER	0.000000	-	-
1776310448.562955	CYorgf1QjuxEieekbb	-	-	8e:10:1f:69:80:a9	BTG-HAPROXY	-	-	-	-	-	-	-	DISCOVER	0.000000	-	-
1776310444.690181	CYorgf1QjuxEieekbb	-	-	8e:10:1f:69:80:95	whmcs17857365	-	-	-	-	-	-	-	DISCOVER	0.000000	-	-
1776310440.018299	CYorgf1QjuxEieekbb	-	-	8e:10:1f:69:80:51	whmcs38346804	-	-	-	-	-	-	-	DISCOVER	0.000000	-	-
1776310441.671013	CYorgf1QjuxEieekbb	-	-	8e:10:1f:69:80:32	whmcs43867554	-	-	-	-	-	-	-	DISCOVER	0.000000	-	-
1776310444.798008	CYorgf1QjuxEieekbb	-	-	8e:10:1f:69:80:94	watersense	-	-	-	-	-	-	-	DISCOVER	0.000000	-	-
1776310458.226261	CYorgf1QjuxEieekbb	-	-	8e:10:1f:69:80:f1	whmcs24136958	-	-	-	-	-	-	-	DISCOVER	0.000000	-	-
1776310456.572820	CYorgf1QjuxEieekbb	-	-	8e:10:1f:69:80:4e	appginivn	-	-	-	-	-	-	-	DISCOVER	0.000000	-	-
1776310456.256869	CYorgf1QjuxEieekbb	-	-	8e:10:1f:69:70:da	ns6.vnso.vn	-	-	-	-	-	-	-	DISCOVER	0.000000	-	-
1776310452.395542	CYorgf1QjuxEieekbb	-	-	8e:10:1f:69:80:65	whmcs42417443	-	-	-	-	-	-	-	DISCOVER	0.000000	-	-
1776310449.609852	CYorgf1QjuxEieekbb	-	-	8e:10:1f:69:80:93	citymind	-	-	-	-	-	-	-	DISCOVER	0.000000	-	-
1776310455.364625	CYorgf1QjuxEieekbb	-	-	8e:10:1f:69:80:53	whmcs35046397	-	-	-	-	-	-	-	DISCOVER	0.000000	-	-
1776310454.736781	CYorgf1QjuxEieekbb	-	-	8e:10:1f:69:80:26	whmcs44107513	-	-	-	-	-	-	-	DISCOVER	0.000000	-	-
1776310453.084003	CYorgf1QjuxEieekbb	-	-	8e:10:1f:69:80:d2	whmcs33587038	-	-	-	-	-	-	-	DISCOVER	0.000000	-	-
1776310456.516269	CYorgf1QjuxEieekbb	-	-	8e:10:1f:69:80:0c	nocqtsc-vps	-	-	-	-	-	-	-	DISCOVER	0.000000	-	-
1776310452.832775	CYorgf1QjuxEieekbb	-	-	8e:10:1f:69:80:82	Sagrifood	-	-	-	-	-	-	-	DISCOVER	0.000000	-	-
1776310457.308102	CYorgf1QjuxEieekbb	-	-	8e:10:1f:69:80:6f	-	\x03git\x0ateknixcorp\x03com\x00	-	-	-	-	-	-	DISCOVER	0.000000	-	-
1776310457.626905	CYorgf1QjuxEieekbb	-	-	8e:10:1f:69:80:d1	THTAX-SD	-	-	-	-	-	-	-	DISCOVER	0.000000	-	-
1776310459.859776	CYorgf1QjuxEieekbb	-	-	8e:10:1f:69:80:b7	whmcs22994531	-	-	-	-	-	-	-	DISCOVER	0.000000	-	-
1776310464.592937	CYorgf1QjuxEieekbb	-	-	8e:10:1f:69:80:8d	whmcs43867470	-	-	-	-	-	-	-	DISCOVER	0.000000	-	-
1776310462.835405	CYorgf1QjuxEieekbb	-	-	8e:10:1f:69:80:36	whmcs167244	-	-	-	-	-	-	-	DISCOVER	0.000000	-	-
1776310463.995864	CYorgf1QjuxEieekbb	-	-	8e:10:1f:69:80:df	ubuntu	-	-	-	-	-	-	-	DISCOVER	0.000000	-	-
1776310461.746565	CYorgf1QjuxEieekbb	-	-	8e:10:1f:69:80:af	-	\x04wiki\x0ateknixcorp\x03com\x00	-	-	-	-	-	-	DISCOVER	0.000000	-	-
1776310465.966263	CYorgf1QjuxEieekbb	-	-	8e:10:1f:69:80:e7	whmcs28096886	-	-	-	-	-	-	-	DISCOVER	0.000000	-	-
1776310464.892713	CYorgf1QjuxEieekbb	-	-	8e:10:1f:69:80:c6	whmcs40537445	-	-	-	-	-	-	-	DISCOVER	0.000000	-	-
1776310470.684438	CYorgf1QjuxEieekbb	-	-	8e:10:1f:69:80:aa	whmcs40257565	-	-	-	-	-	-	-	DISCOVER	0.000000	-	-
1776310474.855437	CYorgf1QjuxEieekbb	-	-	8e:10:1f:69:80:4b	whmcs39797117	-	-	-	-	-	-	-	DISCOVER	0.000000	-	-
1776310474.692542	CYorgf1QjuxEieekbb	-	-	8e:10:1f:69:80:5b	whmcs40256875	-	-	-	-	-	-	-	DISCOVER	0.000000	-	-
1776310476.099279	CYorgf1QjuxEieekbb	-	-	8e:10:1f:69:80:4c	whmcs42037223	-	-	-	-	-	-	-	DISCOVER	0.000000	-	-
1776310476.456239	CYorgf1QjuxEieekbb	-	-	8e:10:1f:69:80:66	whmcs40676947	-	-	-	-	-	-	-	DISCOVER	0.000000	-	-
1776310469.107551	CYorgf1QjuxEieekbb	-	-	8e:10:1f:69:80:44	whmcs44637589	-	-	-	-	-	-	-	DISCOVER	0.000000	-	-
1776310475.860786	CYorgf1QjuxEieekbb	-	-	8e:10:1f:69:80:0e	-	\x04mail\x0ayourdomain\x03com\x00	-	-	-	-	-	-	DISCOVER	0.000000	-	-
1776310473.906643	CYorgf1QjuxEieekbb	-	-	8e:10:1f:69:80:a8	whmcs38346797	-	-	-	-	-	-	-	DISCOVER	0.000000	-	-
1776310470.222095	CYorgf1QjuxEieekbb	-	-	8e:10:1f:69:80:06	whmcs39566799	-	-	-	-	-	-	-	DISCOVER	0.000000	-	-
1776310477.237885	CYorgf1QjuxEieekbb	-	-	8e:10:1f:69:80:3a	whmcs44007497	-	-	-	-	-	-	-	DISCOVER	0.000000	-	-
1776310469.384657	CYorgf1QjuxEieekbb	-	-	8e:10:1f:69:80:d7	whmcs33587167	-	-	-	-	-	-	-	DISCOVER	0.000000	-	-
1776310475.968888	CYorgf1QjuxEieekbb	-	-	8e:10:1f:69:80:9e	-	\x06miso88\x03com\x00	-	-	-	-	-	-	DISCOVER	0.000000	-	-
1776310470.348623	CYorgf1QjuxEieekbb	-	-	8e:10:1f:69:80:01	whmcs40257536	-	-	-	-	-	-	-	DISCOVER	0.000000	-	-
1776310472.577440	CYorgf1QjuxEieekbb	-	-	8e:10:1f:69:80:f0	whmcs38467355	-	-	-	-	-	-	-	DISCOVER	0.000000	-	-
1776310478.432246	CYorgf1QjuxEieekbb	-	-	8e:10:1f:69:80:88	whmcs42467409	-	-	-	-	-	-	-	DISCOVER	0.000000	-	-
1776310487.677772	CYorgf1QjuxEieekbb	-	-	8e:10:1f:69:80:54	whmcs42467323	-	-	-	-	-	-	-	DISCOVER	0.000000	-	-
1776310486.645955	CYorgf1QjuxEieekbb	-	-	8e:10:1f:69:80:d0	whmcs35047158	-	-	-	-	-	-	-	DISCOVER	0.000000	-	-
1776310479.782216	CYorgf1QjuxEieekbb	-	-	8e:10:1f:69:80:34	whmcs44107515	-	-	-	-	-	-	-	DISCOVER	0.000000	-	-
1776310485.635332	CYorgf1QjuxEieekbb	-	-	8e:10:1f:69:80:8e	whmcs39656794	-	-	-	-	-	-	-	DISCOVER	0.000000	-	-
1776310488.494561	CYorgf1QjuxEieekbb	-	-	8e:10:1f:69:80:70	whmcs35849	-	-	-	-	-	-	-	DISCOVER	0.000000	-	-
1776310479.642614	CYorgf1QjuxEieekbb	-	-	8e:10:1f:69:80:6b	whmcs17857421	-	-	-	-	-	-	-	DISCOVER	0.000000	-	-
1776310485.113389	CYorgf1QjuxEieekbb	-	-	8e:10:1f:69:80:80	whmcs38347220	-	-	-	-	-	-	-	DISCOVER	0.000000	-	-
1776310484.777551	CYorgf1QjuxEieekbb	-	-	8e:10:1f:69:80:bc	whmcs33376906	-	-	-	-	-	-	-	DISCOVER	0.000000	-	-
1776310487.238357	CYorgf1QjuxEieekbb	-	-	8e:10:1f:69:80:f4	whmcs33586910	-	-	-	-	-	-	-	DISCOVER	0.000000	-	-
1776310480.224117	CYorgf1QjuxEieekbb	-	-	8e:10:1f:69:80:ee	whmcs22995971	-	-	-	-	-	-	-	DISCOVER	0.000000	-	-
1776310480.199665	CYorgf1QjuxEieekbb	-	-	8e:10:1f:69:80:b9	whmcs35432	-	-	-	-	-	-	-	DISCOVER	0.000000	-	-
1776310494.181064	CYorgf1QjuxEieekbb	-	-	8e:10:1f:69:80:52	whmcs30985006	-	-	-	-	-	-	-	DISCOVER	0.000000	-	-
1776310491.599995	CYorgf1QjuxEieekbb	-	-	8e:10:1f:69:80:18	-	\x04mail\x06miso88\x02in\x00	-	-	-	-	-	-	DISCOVER	0.000000	-	-
1776310495.306043	CYorgf1QjuxEieekbb	-	-	8e:10:1f:69:80:1c	whmcs43867538	-	-	-	-	-	-	-	DISCOVER	0.000000	-	-
1776310490.736337	CYorgf1QjuxEieekbb	-	-	8e:10:1f:69:80:31	whmcs38467357	-	-	-	-	-	-	-	DISCOVER	0.000000	-	-
1776310471.426357	CYorgf1QjuxEieekbb	-	-	8e:10:1f:69:70:da	ns6.vnso.vn	-	-	-	-	-	-	-	DISCOVER,DISCOVER,DISCOVER	25.634346	-	-
1776310495.604339	CYorgf1QjuxEieekbb	-	-	8e:10:1f:69:80:81	ubuntu	-	-	-	-	-	-	-	DISCOVER	0.000000	-	-
1776310495.264361	CYorgf1QjuxEieekbb	-	-	8e:10:1f:69:80:a4	whmcs39856890	-	-	-	-	-	-	-	DISCOVER	0.000000	-	-
1776310490.747066	CYorgf1QjuxEieekbb	-	-	8e:10:1f:69:80:c2	whmcs167551	-	-	-	-	-	-	-	DISCOVER	0.000000	-	-
1776310495.210881	CYorgf1QjuxEieekbb	-	-	8e:10:1f:69:80:b4	whmcs38346614	-	-	-	-	-	-	-	DISCOVER	0.000000	-	-
1776310498.649854	CYorgf1QjuxEieekbb	-	-	8e:10:1f:69:80:e5	whmcs33466917	-	-	-	-	-	-	-	DISCOVER	0.000000	-	-
1776310493.725044	CYorgf1QjuxEieekbb	-	-	8e:10:1f:69:80:5f	whmcs43727450	-	-	-	-	-	-	-	DISCOVER	0.000000	-	-
1776310498.096384	CYorgf1QjuxEieekbb	-	-	8e:10:1f:69:80:83	whmcs45047608	-	-	-	-	-	-	-	DISCOVER	0.000000	-	-
1776310496.414359	CYorgf1QjuxEieekbb	-	-	8e:10:1f:69:80:09	whmcs15397050	-	-	-	-	-	-	-	DISCOVER	0.000000	-	-
1776310494.835560	CYorgf1QjuxEieekbb	-	-	8e:10:1f:69:80:68	whmcs17857335	-	-	-	-	-	-	-	DISCOVER	0.000000	-	-
1776310497.398501	CYorgf1QjuxEieekbb	-	-	8e:10:1f:69:80:a5	whmcs44107514	-	-	-	-	-	-	-	DISCOVER	0.000000	-	-
1776310493.463470	CYorgf1QjuxEieekbb	-	-	8e:10:1f:69:80:69	whmcs36097603	-	-	-	-	-	-	-	DISCOVER	0.000000	-	-
1776310490.037975	CYorgf1QjuxEieekbb	-	-	8e:10:1f:69:80:dd	whmcs30547169	-	-	-	-	-	-	-	DISCOVER	0.000000	-	-
1776310498.551334	CYorgf1QjuxEieekbb	-	-	8e:10:1f:69:80:38	whmcs33376861	-	-	-	-	-	-	-	DISCOVER	0.000000	-	-
1776310495.933434	CYorgf1QjuxEieekbb	-	-	8e:10:1f:69:80:12	whmcs45037605	-	-	-	-	-	-	-	DISCOVER	0.000000	-	-
1776310491.906023	CYorgf1QjuxEieekbb	-	-	8e:10:1f:69:80:76	whmcs28096887	-	-	-	-	-	-	-	DISCOVER	0.000000	-	-
1776310496.880669	CYorgf1QjuxEieekbb	-	-	8e:10:1f:69:80:4f	whmcs42467292	-	-	-	-	-	-	-	DISCOVER	0.000000	-	-
1776310507.279815	CYorgf1QjuxEieekbb	-	-	8e:10:1f:69:80:8f	whmcs17857422	-	-	-	-	-	-	-	DISCOVER	0.000000	-	-
1776310500.023370	CYorgf1QjuxEieekbb	-	-	8e:10:1f:69:80:a0	-	\x07project\x0ateknixcorp\x03com\x00	-	-	-	-	-	-	DISCOVER	0.000000	-	-
1776310503.065563	CYorgf1QjuxEieekbb	-	-	8e:10:1f:69:80:63	whmcs39996845	-	-	-	-	-	-	-	DISCOVER	0.000000	-	-
1776310504.031399	CYorgf1QjuxEieekbb	-	-	8e:10:1f:69:80:c5	whmcs38466921	-	-	-	-	-	-	-	DISCOVER	0.000000	-	-
1776310505.913597	CYorgf1QjuxEieekbb	-	-	8e:10:1f:69:80:5c	whmcs44557592	-	-	-	-	-	-	-	DISCOVER	0.000000	-	-
1776310503.956997	CYorgf1QjuxEieekbb	-	-	8e:10:1f:69:80:ef	whmcs7436262	-	-	-	-	-	-	-	DISCOVER	0.000000	-	-
1776310500.759176	CYorgf1QjuxEieekbb	-	-	8e:10:1f:69:80:e4	-	\x08hostname\x06domain\x03tld\x00	-	-	-	-	-	-	DISCOVER	0.000000	-	-
1776310508.501865	CYorgf1QjuxEieekbb	-	-	8e:10:1f:69:80:95	whmcs17857365	-	-	-	-	-	-	-	DISCOVER	0.000000	-	-
1776310503.254764	CYorgf1QjuxEieekbb	-	-	8e:10:1f:69:80:51	whmcs38346804	-	-	-	-	-	-	-	DISCOVER	0.000000	-	-
1776310506.330122	CYorgf1QjuxEieekbb	-	-	8e:10:1f:69:80:32	whmcs43867554	-	-	-	-	-	-	-	DISCOVER	0.000000	-	-
1776310499.944053	CYorgf1QjuxEieekbb	-	-	8e:10:1f:69:80:14	whmcs38467356	-	-	-	-	-	-	-	DISCOVER	0.000000	-	-
1776310511.218447	CYorgf1QjuxEieekbb	-	-	8e:10:1f:69:80:0b	whmcs44727578	-	-	-	-	-	-	-	DISCOVER	0.000000	-	-
1776310518.487403	CYorgf1QjuxEieekbb	-	-	8e:10:1f:69:70:da	ns6.vnso.vn	-	-	-	-	-	-	-	DISCOVER	0.000000	-	-
1776310511.817803	CYorgf1QjuxEieekbb	-	-	8e:10:1f:69:80:7a	whmcs35046180	-	-	-	-	-	-	-	DISCOVER	0.000000	-	-
1776310515.913580	CYorgf1QjuxEieekbb	-	-	8e:10:1f:69:80:65	whmcs42417443	-	-	-	-	-	-	-	DISCOVER	0.000000	-	-
1776310513.557319	CYorgf1QjuxEieekbb	-	-	8e:10:1f:69:80:93	citymind	-	-	-	-	-	-	-	DISCOVER	0.000000	-	-
1776310512.587649	CYorgf1QjuxEieekbb	-	-	8e:10:1f:69:80:a9	BTG-HAPROXY	-	-	-	-	-	-	-	DISCOVER	0.000000	-	-
1776310518.816354	CYorgf1QjuxEieekbb	-	-	8e:10:1f:69:80:53	whmcs35046397	-	-	-	-	-	-	-	DISCOVER	0.000000	-	-
1776310518.084605	CYorgf1QjuxEieekbb	-	-	8e:10:1f:69:80:d2	whmcs33587038	-	-	-	-	-	-	-	DISCOVER	0.000000	-	-
1776310515.880844	CYorgf1QjuxEieekbb	-	-	8e:10:1f:69:80:82	Sagrifood	-	-	-	-	-	-	-	DISCOVER	0.000000	-	-
1776310509.555958	CYorgf1QjuxEieekbb	-	-	8e:10:1f:69:80:94	watersense	-	-	-	-	-	-	-	DISCOVER	0.000000	-	-
1776310522.570897	CYorgf1QjuxEieekbb	-	-	8e:10:1f:69:80:f1	whmcs24136958	-	-	-	-	-	-	-	DISCOVER	0.000000	-	-
1776310524.230313	CYorgf1QjuxEieekbb	-	-	8e:10:1f:69:80:b7	whmcs22994531	-	-	-	-	-	-	-	DISCOVER	0.000000	-	-
1776310528.380848	CYorgf1QjuxEieekbb	-	-	8e:10:1f:69:80:8d	whmcs43867470	-	-	-	-	-	-	-	DISCOVER	0.000000	-	-
1776310519.638126	CYorgf1QjuxEieekbb	-	-	8e:10:1f:69:80:4e	appginivn	-	-	-	-	-	-	-	DISCOVER	0.000000	-	-
1776310526.507405	CYorgf1QjuxEieekbb	-	-	8e:10:1f:69:80:36	whmcs167244	-	-	-	-	-	-	-	DISCOVER	0.000000	-	-
1776310528.829460	CYorgf1QjuxEieekbb	-	-	8e:10:1f:69:80:df	ubuntu	-	-	-	-	-	-	-	DISCOVER	0.000000	-	-
1776310519.422917	CYorgf1QjuxEieekbb	-	-	8e:10:1f:69:80:26	whmcs44107513	-	-	-	-	-	-	-	DISCOVER	0.000000	-	-
1776310525.361336	CYorgf1QjuxEieekbb	-	-	8e:10:1f:69:80:af	-	\x04wiki\x0ateknixcorp\x03com\x00	-	-	-	-	-	-	DISCOVER	0.000000	-	-
1776310520.605695	CYorgf1QjuxEieekbb	-	-	8e:10:1f:69:80:0c	nocqtsc-vps	-	-	-	-	-	-	-	DISCOVER	0.000000	-	-
1776310522.223148	CYorgf1QjuxEieekbb	-	-	8e:10:1f:69:80:6f	-	\x03git\x0ateknixcorp\x03com\x00	-	-	-	-	-	-	DISCOVER	0.000000	-	-
1776310521.421766	CYorgf1QjuxEieekbb	-	-	8e:10:1f:69:80:d1	THTAX-SD	-	-	-	-	-	-	-	DISCOVER	0.000000	-	-
1776310528.532264	CYorgf1QjuxEieekbb	-	-	8e:10:1f:69:80:c6	whmcs40537445	-	-	-	-	-	-	-	DISCOVER	0.000000	-	-
1776310534.052611	CYorgf1QjuxEieekbb	-	-	8e:10:1f:69:80:aa	whmcs40257565	-	-	-	-	-	-	-	DISCOVER	0.000000	-	-
1776310538.011637	CYorgf1QjuxEieekbb	-	-	8e:10:1f:69:80:4b	whmcs39797117	-	-	-	-	-	-	-	DISCOVER	0.000000	-	-
1776310537.898988	CYorgf1QjuxEieekbb	-	-	8e:10:1f:69:80:5b	whmcs40256875	-	-	-	-	-	-	-	DISCOVER	0.000000	-	-
1776310533.110542	CYorgf1QjuxEieekbb	-	-	8e:10:1f:69:80:44	whmcs44637589	-	-	-	-	-	-	-	DISCOVER	0.000000	-	-
1776310538.484415	CYorgf1QjuxEieekbb	-	-	8e:10:1f:69:80:a8	whmcs38346797	-	-	-	-	-	-	-	DISCOVER	0.000000	-	-
1776310529.933251	CYorgf1QjuxEieekbb	-	-	8e:10:1f:69:80:e7	whmcs28096886	-	-	-	-	-	-	-	DISCOVER	0.000000	-	-
1776310535.017824	CYorgf1QjuxEieekbb	-	-	8e:10:1f:69:80:06	whmcs39566799	-	-	-	-	-	-	-	DISCOVER	0.000000	-	-
1776310533.149881	CYorgf1QjuxEieekbb	-	-	8e:10:1f:69:80:d7	whmcs33587167	-	-	-	-	-	-	-	DISCOVER	0.000000	-	-
1776310535.339837	CYorgf1QjuxEieekbb	-	-	8e:10:1f:69:80:01	whmcs40257536	-	-	-	-	-	-	-	DISCOVER	0.000000	-	-
1776310536.835767	CYorgf1QjuxEieekbb	-	-	8e:10:1f:69:80:f0	whmcs38467355	-	-	-	-	-	-	-	DISCOVER	0.000000	-	-
1776310544.683629	CYorgf1QjuxEieekbb	-	-	8e:10:1f:69:80:34	whmcs44107515	-	-	-	-	-	-	-	DISCOVER	0.000000	-	-
1776310539.248883	CYorgf1QjuxEieekbb	-	-	8e:10:1f:69:80:4c	whmcs42037223	-	-	-	-	-	-	-	DISCOVER	0.000000	-	-
1776310540.112621	CYorgf1QjuxEieekbb	-	-	8e:10:1f:69:80:66	whmcs40676947	-	-	-	-	-	-	-	DISCOVER	0.000000	-	-
1776310539.668357	CYorgf1QjuxEieekbb	-	-	8e:10:1f:69:80:0e	-	\x04mail\x0ayourdomain\x03com\x00	-	-	-	-	-	-	DISCOVER	0.000000	-	-
1776310543.772709	CYorgf1QjuxEieekbb	-	-	8e:10:1f:69:80:6b	whmcs17857421	-	-	-	-	-	-	-	DISCOVER	0.000000	-	-
1776310541.107429	CYorgf1QjuxEieekbb	-	-	8e:10:1f:69:80:3a	whmcs44007497	-	-	-	-	-	-	-	DISCOVER	0.000000	-	-
1776310540.219658	CYorgf1QjuxEieekbb	-	-	8e:10:1f:69:80:9e	-	\x06miso88\x03com\x00	-	-	-	-	-	-	DISCOVER	0.000000	-	-
1776310543.890318	CYorgf1QjuxEieekbb	-	-	8e:10:1f:69:80:ee	whmcs22995971	-	-	-	-	-	-	-	DISCOVER	0.000000	-	-
1776310545.034886	CYorgf1QjuxEieekbb	-	-	8e:10:1f:69:80:b9	whmcs35432	-	-	-	-	-	-	-	DISCOVER	0.000000	-	-
1776310543.233208	CYorgf1QjuxEieekbb	-	-	8e:10:1f:69:80:88	whmcs42467409	-	-	-	-	-	-	-	DISCOVER	0.000000	-	-
1776310551.592505	CYorgf1QjuxEieekbb	-	-	8e:10:1f:69:80:54	whmcs42467323	-	-	-	-	-	-	-	DISCOVER	0.000000	-	-
1776310557.371430	CYorgf1QjuxEieekbb	-	-	8e:10:1f:69:80:52	whmcs30985006	-	-	-	-	-	-	-	DISCOVER	0.000000	-	-
1776310550.958901	CYorgf1QjuxEieekbb	-	-	8e:10:1f:69:80:d0	whmcs35047158	-	-	-	-	-	-	-	DISCOVER	0.000000	-	-
1776310549.014243	CYorgf1QjuxEieekbb	-	-	8e:10:1f:69:80:8e	whmcs39656794	-	-	-	-	-	-	-	DISCOVER	0.000000	-	-
1776310556.218606	CYorgf1QjuxEieekbb	-	-	8e:10:1f:69:80:18	-	\x04mail\x06miso88\x02in\x00	-	-	-	-	-	-	DISCOVER	0.000000	-	-
1776310558.640423	CYorgf1QjuxEieekbb	-	-	8e:10:1f:69:80:1c	whmcs43867538	-	-	-	-	-	-	-	DISCOVER	0.000000	-	-
1776310554.286264	CYorgf1QjuxEieekbb	-	-	8e:10:1f:69:80:31	whmcs38467357	-	-	-	-	-	-	-	DISCOVER	0.000000	-	-
1776310538.685996	CYorgf1QjuxEieekbb	-	-	8e:10:1f:69:70:da	ns6.vnso.vn	-	-	-	-	-	-	-	DISCOVER,DISCOVER,DISCOVER	17.760274	-	-
1776310551.738101	CYorgf1QjuxEieekbb	-	-	8e:10:1f:69:80:70	whmcs35849	-	-	-	-	-	-	-	DISCOVER	0.000000	-	-
1776310553.992093	CYorgf1QjuxEieekbb	-	-	8e:10:1f:69:80:c2	whmcs167551	-	-	-	-	-	-	-	DISCOVER	0.000000	-	-
1776310558.565811	CYorgf1QjuxEieekbb	-	-	8e:10:1f:69:80:b4	whmcs38346614	-	-	-	-	-	-	-	DISCOVER	0.000000	-	-
1776310558.491349	CYorgf1QjuxEieekbb	-	-	8e:10:1f:69:80:5f	whmcs43727450	-	-	-	-	-	-	-	DISCOVER	0.000000	-	-
1776310558.522207	CYorgf1QjuxEieekbb	-	-	8e:10:1f:69:80:68	whmcs17857335	-	-	-	-	-	-	-	DISCOVER	0.000000	-	-
1776310557.964752	CYorgf1QjuxEieekbb	-	-	8e:10:1f:69:80:69	whmcs36097603	-	-	-	-	-	-	-	DISCOVER	0.000000	-	-
1776310549.918977	CYorgf1QjuxEieekbb	-	-	8e:10:1f:69:80:80	whmcs38347220	-	-	-	-	-	-	-	DISCOVER	0.000000	-	-
1776310554.817384	CYorgf1QjuxEieekbb	-	-	8e:10:1f:69:80:dd	whmcs30547169	-	-	-	-	-	-	-	DISCOVER	0.000000	-	-
1776310549.192247	CYorgf1QjuxEieekbb	-	-	8e:10:1f:69:80:bc	whmcs33376906	-	-	-	-	-	-	-	DISCOVER	0.000000	-	-
1776310551.600096	CYorgf1QjuxEieekbb	-	-	8e:10:1f:69:80:f4	whmcs33586910	-	-	-	-	-	-	-	DISCOVER	0.000000	-	-
1776310551.816541	CYorgf1QjuxEieekbb	-	-	8e:10:1f:69:80:98	Voice-Gateway-01	-	-	-	-	-	-	-	DISCOVER,DISCOVER	5.532843	-	-
1776310555.915319	CYorgf1QjuxEieekbb	-	-	8e:10:1f:69:80:76	whmcs28096887	-	-	-	-	-	-	-	DISCOVER	0.000000	-	-
1776310560.339807	CYorgf1QjuxEieekbb	-	-	8e:10:1f:69:80:81	ubuntu	-	-	-	-	-	-	-	DISCOVER	0.000000	-	-
1776310563.057890	CYorgf1QjuxEieekbb	-	-	8e:10:1f:69:80:a0	-	\x07project\x0ateknixcorp\x03com\x00	-	-	-	-	-	-	DISCOVER	0.000000	-	-
1776310567.551781	CYorgf1QjuxEieekbb	-	-	8e:10:1f:69:80:63	whmcs39996845	-	-	-	-	-	-	-	DISCOVER	0.000000	-	-
1776310560.132163	CYorgf1QjuxEieekbb	-	-	8e:10:1f:69:80:a4	whmcs39856890	-	-	-	-	-	-	-	DISCOVER	0.000000	-	-
1776310568.443124	CYorgf1QjuxEieekbb	-	-	8e:10:1f:69:80:c5	whmcs38466921	-	-	-	-	-	-	-	DISCOVER	0.000000	-	-
1776310568.387375	CYorgf1QjuxEieekbb	-	-	8e:10:1f:69:80:ef	whmcs7436262	-	-	-	-	-	-	-	DISCOVER	0.000000	-	-
1776310562.159264	CYorgf1QjuxEieekbb	-	-	8e:10:1f:69:80:e5	whmcs33466917	-	-	-	-	-	-	-	DISCOVER	0.000000	-	-
1776310561.626541	CYorgf1QjuxEieekbb	-	-	8e:10:1f:69:80:83	whmcs45047608	-	-	-	-	-	-	-	DISCOVER	0.000000	-	-
1776310559.848329	CYorgf1QjuxEieekbb	-	-	8e:10:1f:69:80:09	whmcs15397050	-	-	-	-	-	-	-	DISCOVER	0.000000	-	-
1776310560.413471	CYorgf1QjuxEieekbb	-	-	8e:10:1f:69:80:a5	whmcs44107514	-	-	-	-	-	-	-	DISCOVER	0.000000	-	-
1776310564.364267	CYorgf1QjuxEieekbb	-	-	8e:10:1f:69:80:e4	-	\x08hostname\x06domain\x03tld\x00	-	-	-	-	-	-	DISCOVER	0.000000	-	-
1776310562.113895	CYorgf1QjuxEieekbb	-	-	8e:10:1f:69:80:38	whmcs33376861	-	-	-	-	-	-	-	DISCOVER	0.000000	-	-
1776310566.265817	CYorgf1QjuxEieekbb	-	-	8e:10:1f:69:80:51	whmcs38346804	-	-	-	-	-	-	-	DISCOVER	0.000000	-	-
1776310559.084476	CYorgf1QjuxEieekbb	-	-	8e:10:1f:69:80:12	whmcs45037605	-	-	-	-	-	-	-	DISCOVER	0.000000	-	-
1776310561.580511	CYorgf1QjuxEieekbb	-	-	8e:10:1f:69:80:4f	whmcs42467292	-	-	-	-	-	-	-	DISCOVER	0.000000	-	-
1776310564.047220	CYorgf1QjuxEieekbb	-	-	8e:10:1f:69:80:14	whmcs38467356	-	-	-	-	-	-	-	DISCOVER	0.000000	-	-
1776310572.287565	CYorgf1QjuxEieekbb	-	-	8e:10:1f:69:80:8f	whmcs17857422	-	-	-	-	-	-	-	DISCOVER	0.000000	-	-
1776310575.112209	CYorgf1QjuxEieekbb	-	-	8e:10:1f:69:80:0b	whmcs44727578	-	-	-	-	-	-	-	DISCOVER	0.000000	-	-
1776310571.309867	CYorgf1QjuxEieekbb	-	-	8e:10:1f:69:70:da	ns6.vnso.vn	-	-	-	-	-	-	-	DISCOVER	0.000000	-	-
1776310575.289858	CYorgf1QjuxEieekbb	-	-	8e:10:1f:69:80:7a	whmcs35046180	-	-	-	-	-	-	-	DISCOVER	0.000000	-	-
1776310577.489857	CYorgf1QjuxEieekbb	-	-	8e:10:1f:69:80:93	citymind	-	-	-	-	-	-	-	DISCOVER	0.000000	-	-
1776310569.464024	CYorgf1QjuxEieekbb	-	-	8e:10:1f:69:80:5c	whmcs44557592	-	-	-	-	-	-	-	DISCOVER	0.000000	-	-
1776310575.811841	CYorgf1QjuxEieekbb	-	-	8e:10:1f:69:80:a9	BTG-HAPROXY	-	-	-	-	-	-	-	DISCOVER	0.000000	-	-
1776310572.633171	CYorgf1QjuxEieekbb	-	-	8e:10:1f:69:80:95	whmcs17857365	-	-	-	-	-	-	-	DISCOVER	0.000000	-	-
1776310570.117097	CYorgf1QjuxEieekbb	-	-	8e:10:1f:69:80:32	whmcs43867554	-	-	-	-	-	-	-	DISCOVER	0.000000	-	-
1776310573.000606	CYorgf1QjuxEieekbb	-	-	8e:10:1f:69:80:94	watersense	-	-	-	-	-	-	-	DISCOVER	0.000000	-	-
1776310587.154055	CYorgf1QjuxEieekbb	-	-	8e:10:1f:69:80:f1	whmcs24136958	-	-	-	-	-	-	-	DISCOVER	0.000000	-	-
1776310583.453773	CYorgf1QjuxEieekbb	-	-	8e:10:1f:69:80:4e	appginivn	-	-	-	-	-	-	-	DISCOVER	0.000000	-	-
1776310579.491383	CYorgf1QjuxEieekbb	-	-	8e:10:1f:69:80:65	whmcs42417443	-	-	-	-	-	-	-	DISCOVER	0.000000	-	-
1776310582.216866	CYorgf1QjuxEieekbb	-	-	8e:10:1f:69:80:53	whmcs35046397	-	-	-	-	-	-	-	DISCOVER	0.000000	-	-
1776310583.771580	CYorgf1QjuxEieekbb	-	-	8e:10:1f:69:80:26	whmcs44107513	-	-	-	-	-	-	-	DISCOVER	0.000000	-	-
1776310582.101976	CYorgf1QjuxEieekbb	-	-	8e:10:1f:69:80:d2	whmcs33587038	-	-	-	-	-	-	-	DISCOVER	0.000000	-	-
1776310584.059875	CYorgf1QjuxEieekbb	-	-	8e:10:1f:69:80:0c	nocqtsc-vps	-	-	-	-	-	-	-	DISCOVER	0.000000	-	-
1776310579.974092	CYorgf1QjuxEieekbb	-	-	8e:10:1f:69:80:82	Sagrifood	-	-	-	-	-	-	-	DISCOVER	0.000000	-	-
1776310586.925164	CYorgf1QjuxEieekbb	-	-	8e:10:1f:69:80:6f	-	\x03git\x0ateknixcorp\x03com\x00	-	-	-	-	-	-	DISCOVER	0.000000	-	-
1776310569.082595	CYorgf1QjuxEieekbb	-	-	8e:10:1f:69:80:98	Voice-Gateway-01	-	-	-	-	-	-	-	DISCOVER,DISCOVER,DISCOVER	17.070611	-	-
1776310585.040162	CYorgf1QjuxEieekbb	-	-	8e:10:1f:69:80:d1	THTAX-SD	-	-	-	-	-	-	-	DISCOVER	0.000000	-	-
1776310589.093083	CYorgf1QjuxEieekbb	-	-	8e:10:1f:69:80:b7	whmcs22994531	-	-	-	-	-	-	-	DISCOVER	0.000000	-	-
1776310597.668623	CYorgf1QjuxEieekbb	-	-	8e:10:1f:69:80:aa	whmcs40257565	-	-	-	-	-	-	-	DISCOVER	0.000000	-	-
1776310591.489657	CYorgf1QjuxEieekbb	-	-	8e:10:1f:69:80:8d	whmcs43867470	-	-	-	-	-	-	-	DISCOVER	0.000000	-	-
1776310590.780390	CYorgf1QjuxEieekbb	-	-	8e:10:1f:69:70:da	ns6.vnso.vn	-	-	-	-	-	-	-	DISCOVER	0.000000	-	-
1776310596.292921	CYorgf1QjuxEieekbb	-	-	8e:10:1f:69:80:44	whmcs44637589	-	-	-	-	-	-	-	DISCOVER	0.000000	-	-
1776310590.978428	CYorgf1QjuxEieekbb	-	-	8e:10:1f:69:80:36	whmcs167244	-	-	-	-	-	-	-	DISCOVER	0.000000	-	-
1776310592.815861	CYorgf1QjuxEieekbb	-	-	8e:10:1f:69:80:df	ubuntu	-	-	-	-	-	-	-	DISCOVER	0.000000	-	-
1776310590.234201	CYorgf1QjuxEieekbb	-	-	8e:10:1f:69:80:af	-	\x04wiki\x0ateknixcorp\x03com\x00	-	-	-	-	-	-	DISCOVER	0.000000	-	-
1776310593.333081	CYorgf1QjuxEieekbb	-	-	8e:10:1f:69:80:e7	whmcs28096886	-	-	-	-	-	-	-	DISCOVER	0.000000	-	-
1776310598.465192	CYorgf1QjuxEieekbb	-	-	8e:10:1f:69:80:06	whmcs39566799	-	-	-	-	-	-	-	DISCOVER	0.000000	-	-
1776310597.451508	CYorgf1QjuxEieekbb	-	-	8e:10:1f:69:80:d7	whmcs33587167	-	-	-	-	-	-	-	DISCOVER	0.000000	-	-
1776310592.630301	CYorgf1QjuxEieekbb	-	-	8e:10:1f:69:80:c6	whmcs40537445	-	-	-	-	-	-	-	DISCOVER	0.000000	-	-
1776310608.447297	CYorgf1QjuxEieekbb	-	-	8e:10:1f:69:80:34	whmcs44107515	-	-	-	-	-	-	-	DISCOVER	0.000000	-	-
1776310602.442949	CYorgf1QjuxEieekbb	-	-	8e:10:1f:69:80:4b	whmcs39797117	-	-	-	-	-	-	-	DISCOVER	0.000000	-	-
1776310601.617670	CYorgf1QjuxEieekbb	-	-	8e:10:1f:69:80:5b	whmcs40256875	-	-	-	-	-	-	-	DISCOVER	0.000000	-	-
1776310602.769711	CYorgf1QjuxEieekbb	-	-	8e:10:1f:69:80:4c	whmcs42037223	-	-	-	-	-	-	-	DISCOVER	0.000000	-	-
1776310604.245485	CYorgf1QjuxEieekbb	-	-	8e:10:1f:69:80:66	whmcs40676947	-	-	-	-	-	-	-	DISCOVER	0.000000	-	-
1776310603.080260	CYorgf1QjuxEieekbb	-	-	8e:10:1f:69:80:0e	-	\x04mail\x0ayourdomain\x03com\x00	-	-	-	-	-	-	DISCOVER	0.000000	-	-
1776310606.840612	CYorgf1QjuxEieekbb	-	-	8e:10:1f:69:80:6b	whmcs17857421	-	-	-	-	-	-	-	DISCOVER	0.000000	-	-
1776310601.516696	CYorgf1QjuxEieekbb	-	-	8e:10:1f:69:80:a8	whmcs38346797	-	-	-	-	-	-	-	DISCOVER	0.000000	-	-
1776310605.295378	CYorgf1QjuxEieekbb	-	-	8e:10:1f:69:80:3a	whmcs44007497	-	-	-	-	-	-	-	DISCOVER	0.000000	-	-
1776310607.176263	CYorgf1QjuxEieekbb	-	-	8e:10:1f:69:80:98	Voice-Gateway-01	-	-	-	-	-	-	-	DISCOVER	0.000000	-	-
1776310603.863849	CYorgf1QjuxEieekbb	-	-	8e:10:1f:69:80:9e	-	\x06miso88\x03com\x00	-	-	-	-	-	-	DISCOVER	0.000000	-	-
1776310600.054191	CYorgf1QjuxEieekbb	-	-	8e:10:1f:69:80:01	whmcs40257536	-	-	-	-	-	-	-	DISCOVER	0.000000	-	-
1776310607.435455	CYorgf1QjuxEieekbb	-	-	8e:10:1f:69:80:ee	whmcs22995971	-	-	-	-	-	-	-	DISCOVER	0.000000	-	-
1776310600.113678	CYorgf1QjuxEieekbb	-	-	8e:10:1f:69:80:f0	whmcs38467355	-	-	-	-	-	-	-	DISCOVER	0.000000	-	-
1776310608.508934	CYorgf1QjuxEieekbb	-	-	8e:10:1f:69:80:b9	whmcs35432	-	-	-	-	-	-	-	DISCOVER	0.000000	-	-
1776310607.194092	CYorgf1QjuxEieekbb	-	-	8e:10:1f:69:80:88	whmcs42467409	-	-	-	-	-	-	-	DISCOVER	0.000000	-	-
1776310616.186083	CYorgf1QjuxEieekbb	-	-	8e:10:1f:69:80:54	whmcs42467323	-	-	-	-	-	-	-	DISCOVER	0.000000	-	-
1776310615.406219	CYorgf1QjuxEieekbb	-	-	8e:10:1f:69:80:d0	whmcs35047158	-	-	-	-	-	-	-	DISCOVER	0.000000	-	-
1776310613.914763	CYorgf1QjuxEieekbb	-	-	8e:10:1f:69:80:8e	whmcs39656794	-	-	-	-	-	-	-	DISCOVER	0.000000	-	-
1776310617.683433	CYorgf1QjuxEieekbb	-	-	8e:10:1f:69:80:31	whmcs38467357	-	-	-	-	-	-	-	DISCOVER	0.000000	-	-
1776310616.264949	CYorgf1QjuxEieekbb	-	-	8e:10:1f:69:80:70	whmcs35849	-	-	-	-	-	-	-	DISCOVER	0.000000	-	-
1776310617.497075	CYorgf1QjuxEieekbb	-	-	8e:10:1f:69:80:c2	whmcs167551	-	-	-	-	-	-	-	DISCOVER	0.000000	-	-
1776310613.250463	CYorgf1QjuxEieekbb	-	-	8e:10:1f:69:80:80	whmcs38347220	-	-	-	-	-	-	-	DISCOVER	0.000000	-	-
1776310618.201602	CYorgf1QjuxEieekbb	-	-	8e:10:1f:69:80:dd	whmcs30547169	-	-	-	-	-	-	-	DISCOVER	0.000000	-	-
1776310612.367311	CYorgf1QjuxEieekbb	-	-	8e:10:1f:69:80:bc	whmcs33376906	-	-	-	-	-	-	-	DISCOVER	0.000000	-	-
1776310614.877206	CYorgf1QjuxEieekbb	-	-	8e:10:1f:69:80:f4	whmcs33586910	-	-	-	-	-	-	-	DISCOVER	0.000000	-	-
1776310622.183918	CYorgf1QjuxEieekbb	-	-	8e:10:1f:69:80:52	whmcs30985006	-	-	-	-	-	-	-	DISCOVER	0.000000	-	-
1776310619.988435	CYorgf1QjuxEieekbb	-	-	8e:10:1f:69:80:18	-	\x04mail\x06miso88\x02in\x00	-	-	-	-	-	-	DISCOVER	0.000000	-	-
1776310622.058484	CYorgf1QjuxEieekbb	-	-	8e:10:1f:69:80:1c	whmcs43867538	-	-	-	-	-	-	-	DISCOVER	0.000000	-	-
1776310623.798702	CYorgf1QjuxEieekbb	-	-	8e:10:1f:69:80:81	ubuntu	-	-	-	-	-	-	-	DISCOVER	0.000000	-	-
1776310626.491294	CYorgf1QjuxEieekbb	-	-	8e:10:1f:69:80:a0	-	\x07project\x0ateknixcorp\x03com\x00	-	-	-	-	-	-	DISCOVER	0.000000	-	-
1776310624.531574	CYorgf1QjuxEieekbb	-	-	8e:10:1f:69:80:a4	whmcs39856890	-	-	-	-	-	-	-	DISCOVER	0.000000	-	-
1776310623.522258	CYorgf1QjuxEieekbb	-	-	8e:10:1f:69:80:b4	whmcs38346614	-	-	-	-	-	-	-	DISCOVER	0.000000	-	-
1776310626.476046	CYorgf1QjuxEieekbb	-	-	8e:10:1f:69:80:e5	whmcs33466917	-	-	-	-	-	-	-	DISCOVER	0.000000	-	-
1776310623.185792	CYorgf1QjuxEieekbb	-	-	8e:10:1f:69:80:5f	whmcs43727450	-	-	-	-	-	-	-	DISCOVER	0.000000	-	-
1776310626.120176	CYorgf1QjuxEieekbb	-	-	8e:10:1f:69:80:83	whmcs45047608	-	-	-	-	-	-	-	DISCOVER	0.000000	-	-
1776310623.641954	CYorgf1QjuxEieekbb	-	-	8e:10:1f:69:80:09	whmcs15397050	-	-	-	-	-	-	-	DISCOVER	0.000000	-	-
1776310622.161892	CYorgf1QjuxEieekbb	-	-	8e:10:1f:69:80:68	whmcs17857335	-	-	-	-	-	-	-	DISCOVER	0.000000	-	-
1776310624.937766	CYorgf1QjuxEieekbb	-	-	8e:10:1f:69:80:a5	whmcs44107514	-	-	-	-	-	-	-	DISCOVER	0.000000	-	-
1776310621.198463	CYorgf1QjuxEieekbb	-	-	8e:10:1f:69:80:69	whmcs36097603	-	-	-	-	-	-	-	DISCOVER	0.000000	-	-
1776310628.923173	CYorgf1QjuxEieekbb	-	-	8e:10:1f:69:80:e4	-	\x08hostname\x06domain\x03tld\x00	-	-	-	-	-	-	DISCOVER	0.000000	-	-
1776310626.620206	CYorgf1QjuxEieekbb	-	-	8e:10:1f:69:80:38	whmcs33376861	-	-	-	-	-	-	-	DISCOVER	0.000000	-	-
1776310622.912812	CYorgf1QjuxEieekbb	-	-	8e:10:1f:69:80:12	whmcs45037605	-	-	-	-	-	-	-	DISCOVER	0.000000	-	-
1776310619.221616	CYorgf1QjuxEieekbb	-	-	8e:10:1f:69:80:76	whmcs28096887	-	-	-	-	-	-	-	DISCOVER	0.000000	-	-
1776310625.721458	CYorgf1QjuxEieekbb	-	-	8e:10:1f:69:80:4f	whmcs42467292	-	-	-	-	-	-	-	DISCOVER	0.000000	-	-
1776310628.808996	CYorgf1QjuxEieekbb	-	-	8e:10:1f:69:80:14	whmcs38467356	-	-	-	-	-	-	-	DISCOVER	0.000000	-	-
1776310636.734511	CYorgf1QjuxEieekbb	-	-	8e:10:1f:69:80:8f	whmcs17857422	-	-	-	-	-	-	-	DISCOVER	0.000000	-	-
1776310638.678041	CYorgf1QjuxEieekbb	-	-	8e:10:1f:69:80:0b	whmcs44727578	-	-	-	-	-	-	-	DISCOVER	0.000000	-	-
1776310632.428607	CYorgf1QjuxEieekbb	-	-	8e:10:1f:69:80:63	whmcs39996845	-	-	-	-	-	-	-	DISCOVER	0.000000	-	-
1776310633.231448	CYorgf1QjuxEieekbb	-	-	8e:10:1f:69:80:c5	whmcs38466921	-	-	-	-	-	-	-	DISCOVER	0.000000	-	-
1776310633.813309	CYorgf1QjuxEieekbb	-	-	8e:10:1f:69:80:5c	whmcs44557592	-	-	-	-	-	-	-	DISCOVER	0.000000	-	-
1776310632.768681	CYorgf1QjuxEieekbb	-	-	8e:10:1f:69:80:ef	whmcs7436262	-	-	-	-	-	-	-	DISCOVER	0.000000	-	-
1776310635.824486	CYorgf1QjuxEieekbb	-	-	8e:10:1f:69:80:95	whmcs17857365	-	-	-	-	-	-	-	DISCOVER	0.000000	-	-
1776310629.294144	CYorgf1QjuxEieekbb	-	-	8e:10:1f:69:80:51	whmcs38346804	-	-	-	-	-	-	-	DISCOVER	0.000000	-	-
1776310635.043045	CYorgf1QjuxEieekbb	-	-	8e:10:1f:69:80:32	whmcs43867554	-	-	-	-	-	-	-	DISCOVER	0.000000	-	-
1776310636.908060	CYorgf1QjuxEieekbb	-	-	8e:10:1f:69:80:94	watersense	-	-	-	-	-	-	-	DISCOVER	0.000000	-	-
1776310646.821310	CYorgf1QjuxEieekbb	-	-	8e:10:1f:69:80:4e	appginivn	-	-	-	-	-	-	-	DISCOVER	0.000000	-	-
1776310639.869826	CYorgf1QjuxEieekbb	-	-	8e:10:1f:69:80:7a	whmcs35046180	-	-	-	-	-	-	-	DISCOVER	0.000000	-	-
1776310644.368570	CYorgf1QjuxEieekbb	-	-	8e:10:1f:69:80:65	whmcs42417443	-	-	-	-	-	-	-	DISCOVER	0.000000	-	-
1776310641.542016	CYorgf1QjuxEieekbb	-	-	8e:10:1f:69:80:93	citymind	-	-	-	-	-	-	-	DISCOVER	0.000000	-	-
1776310639.240021	CYorgf1QjuxEieekbb	-	-	8e:10:1f:69:80:a9	BTG-HAPROXY	-	-	-	-	-	-	-	DISCOVER	0.000000	-	-
1776310646.618365	CYorgf1QjuxEieekbb	-	-	8e:10:1f:69:80:53	whmcs35046397	-	-	-	-	-	-	-	DISCOVER	0.000000	-	-
1776310647.152904	CYorgf1QjuxEieekbb	-	-	8e:10:1f:69:80:26	whmcs44107513	-	-	-	-	-	-	-	DISCOVER	0.000000	-	-
1776310645.125439	CYorgf1QjuxEieekbb	-	-	8e:10:1f:69:80:d2	whmcs33587038	-	-	-	-	-	-	-	DISCOVER	0.000000	-	-
1776310648.246523	CYorgf1QjuxEieekbb	-	-	8e:10:1f:69:80:0c	nocqtsc-vps	-	-	-	-	-	-	-	DISCOVER	0.000000	-	-
1776310644.474759	CYorgf1QjuxEieekbb	-	-	8e:10:1f:69:80:82	Sagrifood	-	-	-	-	-	-	-	DISCOVER	0.000000	-	-
1776310651.896961	CYorgf1QjuxEieekbb	-	-	8e:10:1f:69:80:f1	whmcs24136958	-	-	-	-	-	-	-	DISCOVER	0.000000	-	-
1776310652.417979	CYorgf1QjuxEieekbb	-	-	8e:10:1f:69:80:b7	whmcs22994531	-	-	-	-	-	-	-	DISCOVER	0.000000	-	-
1776310655.449190	CYorgf1QjuxEieekbb	-	-	8e:10:1f:69:80:8d	whmcs43867470	-	-	-	-	-	-	-	DISCOVER	0.000000	-	-
1776310654.870684	CYorgf1QjuxEieekbb	-	-	8e:10:1f:69:80:36	whmcs167244	-	-	-	-	-	-	-	DISCOVER	0.000000	-	-
1776310656.923134	CYorgf1QjuxEieekbb	-	-	8e:10:1f:69:80:df	ubuntu	-	-	-	-	-	-	-	DISCOVER	0.000000	-	-
1776310654.525791	CYorgf1QjuxEieekbb	-	-	8e:10:1f:69:80:af	-	\x04wiki\x0ateknixcorp\x03com\x00	-	-	-	-	-	-	DISCOVER	0.000000	-	-
1776310657.164153	CYorgf1QjuxEieekbb	-	-	8e:10:1f:69:80:e7	whmcs28096886	-	-	-	-	-	-	-	DISCOVER	0.000000	-	-
1776310651.246832	CYorgf1QjuxEieekbb	-	-	8e:10:1f:69:80:6f	-	\x03git\x0ateknixcorp\x03com\x00	-	-	-	-	-	-	DISCOVER	0.000000	-	-
1776310649.900438	CYorgf1QjuxEieekbb	-	-	8e:10:1f:69:80:d1	THTAX-SD	-	-	-	-	-	-	-	DISCOVER	0.000000	-	-
1776310656.561609	CYorgf1QjuxEieekbb	-	-	8e:10:1f:69:80:c6	whmcs40537445	-	-	-	-	-	-	-	DISCOVER	0.000000	-	-
1776310661.143762	CYorgf1QjuxEieekbb	-	-	8e:10:1f:69:80:aa	whmcs40257565	-	-	-	-	-	-	-	DISCOVER	0.000000	-	-
1776310666.848699	CYorgf1QjuxEieekbb	-	-	8e:10:1f:69:80:4b	whmcs39797117	-	-	-	-	-	-	-	DISCOVER	0.000000	-	-
1776310665.053651	CYorgf1QjuxEieekbb	-	-	8e:10:1f:69:80:5b	whmcs40256875	-	-	-	-	-	-	-	DISCOVER	0.000000	-	-
1776310666.733520	CYorgf1QjuxEieekbb	-	-	8e:10:1f:69:80:4c	whmcs42037223	-	-	-	-	-	-	-	DISCOVER	0.000000	-	-
1776310660.650428	CYorgf1QjuxEieekbb	-	-	8e:10:1f:69:80:44	whmcs44637589	-	-	-	-	-	-	-	DISCOVER	0.000000	-	-
1776310667.506994	CYorgf1QjuxEieekbb	-	-	8e:10:1f:69:80:0e	-	\x04mail\x0ayourdomain\x03com\x00	-	-	-	-	-	-	DISCOVER	0.000000	-	-
1776310664.872076	CYorgf1QjuxEieekbb	-	-	8e:10:1f:69:80:a8	whmcs38346797	-	-	-	-	-	-	-	DISCOVER	0.000000	-	-
1776310662.772060	CYorgf1QjuxEieekbb	-	-	8e:10:1f:69:80:06	whmcs39566799	-	-	-	-	-	-	-	DISCOVER	0.000000	-	-
1776310668.740170	CYorgf1QjuxEieekbb	-	-	8e:10:1f:69:80:3a	whmcs44007497	-	-	-	-	-	-	-	DISCOVER	0.000000	-	-
1776310661.498387	CYorgf1QjuxEieekbb	-	-	8e:10:1f:69:80:d7	whmcs33587167	-	-	-	-	-	-	-	DISCOVER	0.000000	-	-
1776310656.762547	CYorgf1QjuxEieekbb	-	-	8e:10:1f:69:80:de	voice-103-98-152-225	-	-	-	-	-	-	-	DISCOVER,DISCOVER	8.238513	-	-
1776310668.479742	CYorgf1QjuxEieekbb	-	-	8e:10:1f:69:80:9e	-	\x06miso88\x03com\x00	-	-	-	-	-	-	DISCOVER	0.000000	-	-
1776310664.629927	CYorgf1QjuxEieekbb	-	-	8e:10:1f:69:80:01	whmcs40257536	-	-	-	-	-	-	-	DISCOVER	0.000000	-	-
1776310663.279227	CYorgf1QjuxEieekbb	-	-	8e:10:1f:69:80:f0	whmcs38467355	-	-	-	-	-	-	-	DISCOVER	0.000000	-	-
1776310671.890752	CYorgf1QjuxEieekbb	-	-	8e:10:1f:69:80:34	whmcs44107515	-	-	-	-	-	-	-	DISCOVER	0.000000	-	-
1776310678.134168	CYorgf1QjuxEieekbb	-	-	8e:10:1f:69:80:8e	whmcs39656794	-	-	-	-	-	-	-	DISCOVER	0.000000	-	-
1776310669.091328	CYorgf1QjuxEieekbb	-	-	8e:10:1f:69:80:66	whmcs40676947	-	-	-	-	-	-	-	DISCOVER	0.000000	-	-
1776310670.858246	CYorgf1QjuxEieekbb	-	-	8e:10:1f:69:80:6b	whmcs17857421	-	-	-	-	-	-	-	DISCOVER	0.000000	-	-
1776310677.779793	CYorgf1QjuxEieekbb	-	-	8e:10:1f:69:80:80	whmcs38347220	-	-	-	-	-	-	-	DISCOVER	0.000000	-	-
1776310676.422992	CYorgf1QjuxEieekbb	-	-	8e:10:1f:69:80:bc	whmcs33376906	-	-	-	-	-	-	-	DISCOVER	0.000000	-	-
1776310670.525702	CYorgf1QjuxEieekbb	-	-	8e:10:1f:69:80:ee	whmcs22995971	-	-	-	-	-	-	-	DISCOVER	0.000000	-	-
1776310673.009086	CYorgf1QjuxEieekbb	-	-	8e:10:1f:69:80:b9	whmcs35432	-	-	-	-	-	-	-	DISCOVER	0.000000	-	-
1776310670.304727	CYorgf1QjuxEieekbb	-	-	8e:10:1f:69:80:88	whmcs42467409	-	-	-	-	-	-	-	DISCOVER	0.000000	-	-
1776310680.975506	CYorgf1QjuxEieekbb	-	-	8e:10:1f:69:80:54	whmcs42467323	-	-	-	-	-	-	-	DISCOVER	0.000000	-	-
1776310685.659150	CYorgf1QjuxEieekbb	-	-	8e:10:1f:69:80:52	whmcs30985006	-	-	-	-	-	-	-	DISCOVER	0.000000	-	-
1776310679.116536	CYorgf1QjuxEieekbb	-	-	8e:10:1f:69:80:d0	whmcs35047158	-	-	-	-	-	-	-	DISCOVER	0.000000	-	-
1776310683.494741	CYorgf1QjuxEieekbb	-	-	8e:10:1f:69:80:18	-	\x04mail\x06miso88\x02in\x00	-	-	-	-	-	-	DISCOVER	0.000000	-	-
1776310686.291416	CYorgf1QjuxEieekbb	-	-	8e:10:1f:69:80:1c	whmcs43867538	-	-	-	-	-	-	-	DISCOVER	0.000000	-	-
1776310681.419653	CYorgf1QjuxEieekbb	-	-	8e:10:1f:69:80:31	whmcs38467357	-	-	-	-	-	-	-	DISCOVER	0.000000	-	-
1776310680.297636	CYorgf1QjuxEieekbb	-	-	8e:10:1f:69:80:70	whmcs35849	-	-	-	-	-	-	-	DISCOVER	0.000000	-	-
1776310688.780454	CYorgf1QjuxEieekbb	-	-	8e:10:1f:69:80:81	ubuntu	-	-	-	-	-	-	-	DISCOVER	0.000000	-	-
1776310688.652210	CYorgf1QjuxEieekbb	-	-	8e:10:1f:69:80:a4	whmcs39856890	-	-	-	-	-	-	-	DISCOVER	0.000000	-	-
1776310680.829661	CYorgf1QjuxEieekbb	-	-	8e:10:1f:69:80:c2	whmcs167551	-	-	-	-	-	-	-	DISCOVER	0.000000	-	-
1776310687.138075	CYorgf1QjuxEieekbb	-	-	8e:10:1f:69:80:b4	whmcs38346614	-	-	-	-	-	-	-	DISCOVER	0.000000	-	-
1776310687.778344	CYorgf1QjuxEieekbb	-	-	8e:10:1f:69:80:5f	whmcs43727450	-	-	-	-	-	-	-	DISCOVER	0.000000	-	-
1776310686.913262	CYorgf1QjuxEieekbb	-	-	8e:10:1f:69:80:09	whmcs15397050	-	-	-	-	-	-	-	DISCOVER	0.000000	-	-
1776310685.919662	CYorgf1QjuxEieekbb	-	-	8e:10:1f:69:80:68	whmcs17857335	-	-	-	-	-	-	-	DISCOVER	0.000000	-	-
1776310684.579890	CYorgf1QjuxEieekbb	-	-	8e:10:1f:69:80:69	whmcs36097603	-	-	-	-	-	-	-	DISCOVER	0.000000	-	-
1776310682.244687	CYorgf1QjuxEieekbb	-	-	8e:10:1f:69:80:dd	whmcs30547169	-	-	-	-	-	-	-	DISCOVER	0.000000	-	-
1776310682.836092	CYorgf1QjuxEieekbb	-	-	8e:10:1f:69:80:de	voice-103-98-152-225	-	-	-	-	-	-	-	DISCOVER	0.000000	-	-
1776310679.082878	CYorgf1QjuxEieekbb	-	-	8e:10:1f:69:80:f4	whmcs33586910	-	-	-	-	-	-	-	DISCOVER	0.000000	-	-
1776310686.511998	CYorgf1QjuxEieekbb	-	-	8e:10:1f:69:80:12	whmcs45037605	-	-	-	-	-	-	-	DISCOVER	0.000000	-	-
1776310683.776932	CYorgf1QjuxEieekbb	-	-	8e:10:1f:69:80:76	whmcs28096887	-	-	-	-	-	-	-	DISCOVER	0.000000	-	-
1776310691.020737	CYorgf1QjuxEieekbb	-	-	8e:10:1f:69:80:a0	-	\x07project\x0ateknixcorp\x03com\x00	-	-	-	-	-	-	DISCOVER	0.000000	-	-
1776310697.270800	CYorgf1QjuxEieekbb	-	-	8e:10:1f:69:80:63	whmcs39996845	-	-	-	-	-	-	-	DISCOVER	0.000000	-	-
1776310696.788791	CYorgf1QjuxEieekbb	-	-	8e:10:1f:69:80:c5	whmcs38466921	-	-	-	-	-	-	-	DISCOVER	0.000000	-	-
1776310697.563218	CYorgf1QjuxEieekbb	-	-	8e:10:1f:69:80:5c	whmcs44557592	-	-	-	-	-	-	-	DISCOVER	0.000000	-	-
1776310696.200139	CYorgf1QjuxEieekbb	-	-	8e:10:1f:69:80:ef	whmcs7436262	-	-	-	-	-	-	-	DISCOVER	0.000000	-	-
1776310691.234269	CYorgf1QjuxEieekbb	-	-	8e:10:1f:69:80:e5	whmcs33466917	-	-	-	-	-	-	-	DISCOVER	0.000000	-	-
1776310690.464031	CYorgf1QjuxEieekbb	-	-	8e:10:1f:69:80:83	whmcs45047608	-	-	-	-	-	-	-	DISCOVER	0.000000	-	-
1776310689.076522	CYorgf1QjuxEieekbb	-	-	8e:10:1f:69:80:a5	whmcs44107514	-	-	-	-	-	-	-	DISCOVER	0.000000	-	-
1776310693.146947	CYorgf1QjuxEieekbb	-	-	8e:10:1f:69:80:e4	-	\x08hostname\x06domain\x03tld\x00	-	-	-	-	-	-	DISCOVER	0.000000	-	-
1776310691.129771	CYorgf1QjuxEieekbb	-	-	8e:10:1f:69:80:38	whmcs33376861	-	-	-	-	-	-	-	DISCOVER	0.000000	-	-
1776310693.037653	CYorgf1QjuxEieekbb	-	-	8e:10:1f:69:80:51	whmcs38346804	-	-	-	-	-	-	-	DISCOVER	0.000000	-	-
1776310689.433172	CYorgf1QjuxEieekbb	-	-	8e:10:1f:69:80:4f	whmcs42467292	-	-	-	-	-	-	-	DISCOVER	0.000000	-	-
1776310693.419024	CYorgf1QjuxEieekbb	-	-	8e:10:1f:69:80:14	whmcs38467356	-	-	-	-	-	-	-	DISCOVER	0.000000	-	-
1776310699.894420	CYorgf1QjuxEieekbb	-	-	8e:10:1f:69:80:8f	whmcs17857422	-	-	-	-	-	-	-	DISCOVER	0.000000	-	-
1776310703.190156	CYorgf1QjuxEieekbb	-	-	8e:10:1f:69:80:0b	whmcs44727578	-	-	-	-	-	-	-	DISCOVER	0.000000	-	-
1776310704.566612	CYorgf1QjuxEieekbb	-	-	8e:10:1f:69:80:7a	whmcs35046180	-	-	-	-	-	-	-	DISCOVER	0.000000	-	-
1776310706.313945	CYorgf1QjuxEieekbb	-	-	8e:10:1f:69:80:93	citymind	-	-	-	-	-	-	-	DISCOVER	0.000000	-	-
1776310708.660230	CYorgf1QjuxEieekbb	-	-	8e:10:1f:69:80:65	whmcs42417443	-	-	-	-	-	-	-	DISCOVER	0.000000	-	-
1776310703.784644	CYorgf1QjuxEieekbb	-	-	8e:10:1f:69:80:a9	BTG-HAPROXY	-	-	-	-	-	-	-	DISCOVER	0.000000	-	-
1776310708.109472	CYorgf1QjuxEieekbb	-	-	8e:10:1f:69:80:82	Sagrifood	-	-	-	-	-	-	-	DISCOVER	0.000000	-	-
1776310699.166735	CYorgf1QjuxEieekbb	-	-	8e:10:1f:69:80:de	voice-103-98-152-225	-	-	-	-	-	-	-	DISCOVER,DISCOVER	9.151520	-	-
1776310699.855394	CYorgf1QjuxEieekbb	-	-	8e:10:1f:69:80:95	whmcs17857365	-	-	-	-	-	-	-	DISCOVER	0.000000	-	-
1776310699.622725	CYorgf1QjuxEieekbb	-	-	8e:10:1f:69:80:32	whmcs43867554	-	-	-	-	-	-	-	DISCOVER	0.000000	-	-
1776310700.521970	CYorgf1QjuxEieekbb	-	-	8e:10:1f:69:80:94	watersense	-	-	-	-	-	-	-	DISCOVER	0.000000	-	-
1776310716.118108	CYorgf1QjuxEieekbb	-	-	8e:10:1f:69:80:f1	whmcs24136958	-	-	-	-	-	-	-	DISCOVER	0.000000	-	-
1776310716.973679	CYorgf1QjuxEieekbb	-	-	8e:10:1f:69:80:b7	whmcs22994531	-	-	-	-	-	-	-	DISCOVER	0.000000	-	-
1776310709.858260	CYorgf1QjuxEieekbb	-	-	8e:10:1f:69:80:4e	appginivn	-	-	-	-	-	-	-	DISCOVER	0.000000	-	-
1776310709.733333	CYorgf1QjuxEieekbb	-	-	8e:10:1f:69:80:53	whmcs35046397	-	-	-	-	-	-	-	DISCOVER	0.000000	-	-
1776310711.031862	CYorgf1QjuxEieekbb	-	-	8e:10:1f:69:80:26	whmcs44107513	-	-	-	-	-	-	-	DISCOVER	0.000000	-	-
1776310709.576835	CYorgf1QjuxEieekbb	-	-	8e:10:1f:69:80:d2	whmcs33587038	-	-	-	-	-	-	-	DISCOVER	0.000000	-	-
1776310712.189884	CYorgf1QjuxEieekbb	-	-	8e:10:1f:69:80:0c	nocqtsc-vps	-	-	-	-	-	-	-	DISCOVER	0.000000	-	-
1776310715.967859	CYorgf1QjuxEieekbb	-	-	8e:10:1f:69:80:6f	-	\x03git\x0ateknixcorp\x03com\x00	-	-	-	-	-	-	DISCOVER	0.000000	-	-
1776310714.515713	CYorgf1QjuxEieekbb	-	-	8e:10:1f:69:80:d1	THTAX-SD	-	-	-	-	-	-	-	DISCOVER	0.000000	-	-
1776310725.116396	CYorgf1QjuxEieekbb	-	-	8e:10:1f:69:80:aa	whmcs40257565	-	-	-	-	-	-	-	DISCOVER	0.000000	-	-
1776310720.033613	CYorgf1QjuxEieekbb	-	-	8e:10:1f:69:80:8d	whmcs43867470	-	-	-	-	-	-	-	DISCOVER	0.000000	-	-
1776310728.579051	CYorgf1QjuxEieekbb	-	-	8e:10:1f:69:80:5b	whmcs40256875	-	-	-	-	-	-	-	DISCOVER	0.000000	-	-
1776310724.787308	CYorgf1QjuxEieekbb	-	-	8e:10:1f:69:80:44	whmcs44637589	-	-	-	-	-	-	-	DISCOVER	0.000000	-	-
1776310719.687515	CYorgf1QjuxEieekbb	-	-	8e:10:1f:69:80:36	whmcs167244	-	-	-	-	-	-	-	DISCOVER	0.000000	-	-
1776310721.434133	CYorgf1QjuxEieekbb	-	-	8e:10:1f:69:80:df	ubuntu	-	-	-	-	-	-	-	DISCOVER	0.000000	-	-
1776310719.233350	CYorgf1QjuxEieekbb	-	-	8e:10:1f:69:80:af	-	\x04wiki\x0ateknixcorp\x03com\x00	-	-	-	-	-	-	DISCOVER	0.000000	-	-
1776310728.834844	CYorgf1QjuxEieekbb	-	-	8e:10:1f:69:80:a8	whmcs38346797	-	-	-	-	-	-	-	DISCOVER	0.000000	-	-
1776310721.923767	CYorgf1QjuxEieekbb	-	-	8e:10:1f:69:80:e7	whmcs28096886	-	-	-	-	-	-	-	DISCOVER	0.000000	-	-
1776310725.972874	CYorgf1QjuxEieekbb	-	-	8e:10:1f:69:80:06	whmcs39566799	-	-	-	-	-	-	-	DISCOVER	0.000000	-	-
1776310726.032327	CYorgf1QjuxEieekbb	-	-	8e:10:1f:69:80:d7	whmcs33587167	-	-	-	-	-	-	-	DISCOVER	0.000000	-	-
1776310727.904664	CYorgf1QjuxEieekbb	-	-	8e:10:1f:69:80:01	whmcs40257536	-	-	-	-	-	-	-	DISCOVER	0.000000	-	-
1776310728.039660	CYorgf1QjuxEieekbb	-	-	8e:10:1f:69:80:f0	whmcs38467355	-	-	-	-	-	-	-	DISCOVER	0.000000	-	-
1776310720.539159	CYorgf1QjuxEieekbb	-	-	8e:10:1f:69:80:c6	whmcs40537445	-	-	-	-	-	-	-	DISCOVER	0.000000	-	-
1776310735.609241	CYorgf1QjuxEieekbb	-	-	8e:10:1f:69:80:34	whmcs44107515	-	-	-	-	-	-	-	DISCOVER	0.000000	-	-
1776310731.687369	CYorgf1QjuxEieekbb	-	-	8e:10:1f:69:80:4b	whmcs39797117	-	-	-	-	-	-	-	DISCOVER	0.000000	-	-
1776310730.503141	CYorgf1QjuxEieekbb	-	-	8e:10:1f:69:80:4c	whmcs42037223	-	-	-	-	-	-	-	DISCOVER	0.000000	-	-
1776310732.376904	CYorgf1QjuxEieekbb	-	-	8e:10:1f:69:80:66	whmcs40676947	-	-	-	-	-	-	-	DISCOVER	0.000000	-	-
1776310731.981972	CYorgf1QjuxEieekbb	-	-	8e:10:1f:69:80:0e	-	\x04mail\x0ayourdomain\x03com\x00	-	-	-	-	-	-	DISCOVER	0.000000	-	-
1776310735.491161	CYorgf1QjuxEieekbb	-	-	8e:10:1f:69:80:6b	whmcs17857421	-	-	-	-	-	-	-	DISCOVER	0.000000	-	-
1776310732.799326	CYorgf1QjuxEieekbb	-	-	8e:10:1f:69:80:3a	whmcs44007497	-	-	-	-	-	-	-	DISCOVER	0.000000	-	-
1776310732.980018	CYorgf1QjuxEieekbb	-	-	8e:10:1f:69:80:9e	-	\x06miso88\x03com\x00	-	-	-	-	-	-	DISCOVER	0.000000	-	-
1776310735.426979	CYorgf1QjuxEieekbb	-	-	8e:10:1f:69:80:ee	whmcs22995971	-	-	-	-	-	-	-	DISCOVER	0.000000	-	-
1776310737.577117	CYorgf1QjuxEieekbb	-	-	8e:10:1f:69:80:b9	whmcs35432	-	-	-	-	-	-	-	DISCOVER	0.000000	-	-
1776310733.819152	CYorgf1QjuxEieekbb	-	-	8e:10:1f:69:80:88	whmcs42467409	-	-	-	-	-	-	-	DISCOVER	0.000000	-	-
1776310745.206843	CYorgf1QjuxEieekbb	-	-	8e:10:1f:69:80:54	whmcs42467323	-	-	-	-	-	-	-	DISCOVER	0.000000	-	-
1776310742.755886	CYorgf1QjuxEieekbb	-	-	8e:10:1f:69:80:d0	whmcs35047158	-	-	-	-	-	-	-	DISCOVER	0.000000	-	-
1776310742.726610	CYorgf1QjuxEieekbb	-	-	8e:10:1f:69:80:8e	whmcs39656794	-	-	-	-	-	-	-	DISCOVER	0.000000	-	-
1776310747.473824	CYorgf1QjuxEieekbb	-	-	8e:10:1f:69:80:18	-	\x04mail\x06miso88\x02in\x00	-	-	-	-	-	-	DISCOVER	0.000000	-	-
1776310744.689647	CYorgf1QjuxEieekbb	-	-	8e:10:1f:69:80:31	whmcs38467357	-	-	-	-	-	-	-	DISCOVER	0.000000	-	-
1776310743.450774	CYorgf1QjuxEieekbb	-	-	8e:10:1f:69:80:70	whmcs35849	-	-	-	-	-	-	-	DISCOVER	0.000000	-	-
1776310745.743913	CYorgf1QjuxEieekbb	-	-	8e:10:1f:69:80:c2	whmcs167551	-	-	-	-	-	-	-	DISCOVER	0.000000	-	-
1776310748.513980	CYorgf1QjuxEieekbb	-	-	8e:10:1f:69:80:69	whmcs36097603	-	-	-	-	-	-	-	DISCOVER	0.000000	-	-
1776310741.003312	CYorgf1QjuxEieekbb	-	-	8e:10:1f:69:80:80	whmcs38347220	-	-	-	-	-	-	-	DISCOVER	0.000000	-	-
1776310745.570140	CYorgf1QjuxEieekbb	-	-	8e:10:1f:69:80:dd	whmcs30547169	-	-	-	-	-	-	-	DISCOVER	0.000000	-	-
1776310741.118704	CYorgf1QjuxEieekbb	-	-	8e:10:1f:69:80:bc	whmcs33376906	-	-	-	-	-	-	-	DISCOVER	0.000000	-	-
1776310743.023626	CYorgf1QjuxEieekbb	-	-	8e:10:1f:69:80:f4	whmcs33586910	-	-	-	-	-	-	-	DISCOVER	0.000000	-	-
1776310748.224732	CYorgf1QjuxEieekbb	-	-	8e:10:1f:69:80:76	whmcs28096887	-	-	-	-	-	-	-	DISCOVER	0.000000	-	-
1776310749.236989	CYorgf1QjuxEieekbb	-	-	8e:10:1f:69:80:52	whmcs30985006	-	-	-	-	-	-	-	DISCOVER	0.000000	-	-
1776310749.622020	CYorgf1QjuxEieekbb	-	-	8e:10:1f:69:80:1c	whmcs43867538	-	-	-	-	-	-	-	DISCOVER	0.000000	-	-
1776310753.056822	CYorgf1QjuxEieekbb	-	-	8e:10:1f:69:80:81	ubuntu	-	-	-	-	-	-	-	DISCOVER	0.000000	-	-
1776310754.359821	CYorgf1QjuxEieekbb	-	-	8e:10:1f:69:80:a0	-	\x07project\x0ateknixcorp\x03com\x00	-	-	-	-	-	-	DISCOVER	0.000000	-	-
1776310752.317405	CYorgf1QjuxEieekbb	-	-	8e:10:1f:69:80:a4	whmcs39856890	-	-	-	-	-	-	-	DISCOVER	0.000000	-	-
1776310750.663591	CYorgf1QjuxEieekbb	-	-	8e:10:1f:69:80:b4	whmcs38346614	-	-	-	-	-	-	-	DISCOVER	0.000000	-	-
1776310755.427328	CYorgf1QjuxEieekbb	-	-	8e:10:1f:69:80:e5	whmcs33466917	-	-	-	-	-	-	-	DISCOVER	0.000000	-	-
1776310752.075637	CYorgf1QjuxEieekbb	-	-	8e:10:1f:69:80:5f	whmcs43727450	-	-	-	-	-	-	-	DISCOVER	0.000000	-	-
1776310753.767326	CYorgf1QjuxEieekbb	-	-	8e:10:1f:69:80:83	whmcs45047608	-	-	-	-	-	-	-	DISCOVER	0.000000	-	-
1776310751.617442	CYorgf1QjuxEieekbb	-	-	8e:10:1f:69:80:09	whmcs15397050	-	-	-	-	-	-	-	DISCOVER	0.000000	-	-
1776310749.520510	CYorgf1QjuxEieekbb	-	-	8e:10:1f:69:80:68	whmcs17857335	-	-	-	-	-	-	-	DISCOVER	0.000000	-	-
1776310752.816154	CYorgf1QjuxEieekbb	-	-	8e:10:1f:69:80:a5	whmcs44107514	-	-	-	-	-	-	-	DISCOVER	0.000000	-	-
1776310757.951983	CYorgf1QjuxEieekbb	-	-	8e:10:1f:69:80:e4	-	\x08hostname\x06domain\x03tld\x00	-	-	-	-	-	-	DISCOVER	0.000000	-	-
1776310754.860975	CYorgf1QjuxEieekbb	-	-	8e:10:1f:69:80:38	whmcs33376861	-	-	-	-	-	-	-	DISCOVER	0.000000	-	-
1776310756.929452	CYorgf1QjuxEieekbb	-	-	8e:10:1f:69:80:51	whmcs38346804	-	-	-	-	-	-	-	DISCOVER	0.000000	-	-
1776310749.534039	CYorgf1QjuxEieekbb	-	-	8e:10:1f:69:80:12	whmcs45037605	-	-	-	-	-	-	-	DISCOVER	0.000000	-	-
1776310752.526374	CYorgf1QjuxEieekbb	-	-	8e:10:1f:69:80:4f	whmcs42467292	-	-	-	-	-	-	-	DISCOVER	0.000000	-	-
1776310758.281593	CYorgf1QjuxEieekbb	-	-	8e:10:1f:69:80:14	whmcs38467356	-	-	-	-	-	-	-	DISCOVER	0.000000	-	-
1776310763.840563	CYorgf1QjuxEieekbb	-	-	8e:10:1f:69:80:8f	whmcs17857422	-	-	-	-	-	-	-	DISCOVER	0.000000	-	-
1776310767.455262	CYorgf1QjuxEieekbb	-	-	8e:10:1f:69:80:0b	whmcs44727578	-	-	-	-	-	-	-	DISCOVER	0.000000	-	-
1776310760.879545	CYorgf1QjuxEieekbb	-	-	8e:10:1f:69:80:63	whmcs39996845	-	-	-	-	-	-	-	DISCOVER	0.000000	-	-
1776310767.846034	CYorgf1QjuxEieekbb	-	-	8e:10:1f:69:80:7a	whmcs35046180	-	-	-	-	-	-	-	DISCOVER	0.000000	-	-
1776310761.146525	CYorgf1QjuxEieekbb	-	-	8e:10:1f:69:80:c5	whmcs38466921	-	-	-	-	-	-	-	DISCOVER	0.000000	-	-
1776310761.101154	CYorgf1QjuxEieekbb	-	-	8e:10:1f:69:80:5c	whmcs44557592	-	-	-	-	-	-	-	DISCOVER	0.000000	-	-
1776310759.861856	CYorgf1QjuxEieekbb	-	-	8e:10:1f:69:80:ef	whmcs7436262	-	-	-	-	-	-	-	DISCOVER	0.000000	-	-
1776310768.681145	CYorgf1QjuxEieekbb	-	-	8e:10:1f:69:80:a9	BTG-HAPROXY	-	-	-	-	-	-	-	DISCOVER	0.000000	-	-
1776310764.837890	CYorgf1QjuxEieekbb	-	-	8e:10:1f:69:80:95	whmcs17857365	-	-	-	-	-	-	-	DISCOVER	0.000000	-	-
1776310763.483307	CYorgf1QjuxEieekbb	-	-	8e:10:1f:69:80:32	whmcs43867554	-	-	-	-	-	-	-	DISCOVER	0.000000	-	-
1776310764.697509	CYorgf1QjuxEieekbb	-	-	8e:10:1f:69:80:94	watersense	-	-	-	-	-	-	-	DISCOVER	0.000000	-	-
1776310773.920872	CYorgf1QjuxEieekbb	-	-	8e:10:1f:69:80:4e	appginivn	-	-	-	-	-	-	-	DISCOVER	0.000000	-	-
1776310772.094671	CYorgf1QjuxEieekbb	-	-	8e:10:1f:69:80:65	whmcs42417443	-	-	-	-	-	-	-	DISCOVER	0.000000	-	-
1776310770.383119	CYorgf1QjuxEieekbb	-	-	8e:10:1f:69:80:93	citymind	-	-	-	-	-	-	-	DISCOVER	0.000000	-	-
1776310774.105934	CYorgf1QjuxEieekbb	-	-	8e:10:1f:69:80:53	whmcs35046397	-	-	-	-	-	-	-	DISCOVER	0.000000	-	-
1776310775.650325	CYorgf1QjuxEieekbb	-	-	8e:10:1f:69:80:26	whmcs44107513	-	-	-	-	-	-	-	DISCOVER	0.000000	-	-
1776310772.797707	CYorgf1QjuxEieekbb	-	-	8e:10:1f:69:80:d2	whmcs33587038	-	-	-	-	-	-	-	DISCOVER	0.000000	-	-
1776310775.531051	CYorgf1QjuxEieekbb	-	-	8e:10:1f:69:80:0c	nocqtsc-vps	-	-	-	-	-	-	-	DISCOVER	0.000000	-	-
1776310771.138969	CYorgf1QjuxEieekbb	-	-	8e:10:1f:69:80:82	Sagrifood	-	-	-	-	-	-	-	DISCOVER	0.000000	-	-
1776310777.580019	CYorgf1QjuxEieekbb	-	-	8e:10:1f:69:80:d1	THTAX-SD	-	-	-	-	-	-	-	DISCOVER	0.000000	-	-
1776310780.574625	CYorgf1QjuxEieekbb	-	-	8e:10:1f:69:80:f1	whmcs24136958	-	-	-	-	-	-	-	DISCOVER	0.000000	-	-
1776310781.679795	CYorgf1QjuxEieekbb	-	-	8e:10:1f:69:80:b7	whmcs22994531	-	-	-	-	-	-	-	DISCOVER	0.000000	-	-
1776310788.811009	CYorgf1QjuxEieekbb	-	-	8e:10:1f:69:80:aa	whmcs40257565	-	-	-	-	-	-	-	DISCOVER	0.000000	-	-
1776310783.507539	CYorgf1QjuxEieekbb	-	-	8e:10:1f:69:80:8d	whmcs43867470	-	-	-	-	-	-	-	DISCOVER	0.000000	-	-
1776310783.508063	CYorgf1QjuxEieekbb	-	-	8e:10:1f:69:80:36	whmcs167244	-	-	-	-	-	-	-	DISCOVER	0.000000	-	-
1776310785.788118	CYorgf1QjuxEieekbb	-	-	8e:10:1f:69:80:df	ubuntu	-	-	-	-	-	-	-	DISCOVER	0.000000	-	-
1776310783.763503	CYorgf1QjuxEieekbb	-	-	8e:10:1f:69:80:af	-	\x04wiki\x0ateknixcorp\x03com\x00	-	-	-	-	-	-	DISCOVER	0.000000	-	-
1776310785.187126	CYorgf1QjuxEieekbb	-	-	8e:10:1f:69:80:e7	whmcs28096886	-	-	-	-	-	-	-	DISCOVER	0.000000	-	-
1776310780.235566	CYorgf1QjuxEieekbb	-	-	8e:10:1f:69:80:6f	-	\x03git\x0ateknixcorp\x03com\x00	-	-	-	-	-	-	DISCOVER	0.000000	-	-
1776310784.873597	CYorgf1QjuxEieekbb	-	-	8e:10:1f:69:80:c6	whmcs40537445	-	-	-	-	-	-	-	DISCOVER	0.000000	-	-
1776310796.660506	CYorgf1QjuxEieekbb	-	-	8e:10:1f:69:80:4b	whmcs39797117	-	-	-	-	-	-	-	DISCOVER	0.000000	-	-
1776310792.446049	CYorgf1QjuxEieekbb	-	-	8e:10:1f:69:80:5b	whmcs40256875	-	-	-	-	-	-	-	DISCOVER	0.000000	-	-
1776310794.816748	CYorgf1QjuxEieekbb	-	-	8e:10:1f:69:80:4c	whmcs42037223	-	-	-	-	-	-	-	DISCOVER	0.000000	-	-
1776310796.254276	CYorgf1QjuxEieekbb	-	-	8e:10:1f:69:80:66	whmcs40676947	-	-	-	-	-	-	-	DISCOVER	0.000000	-	-
1776310789.127602	CYorgf1QjuxEieekbb	-	-	8e:10:1f:69:80:44	whmcs44637589	-	-	-	-	-	-	-	DISCOVER	0.000000	-	-
1776310795.852553	CYorgf1QjuxEieekbb	-	-	8e:10:1f:69:80:0e	-	\x04mail\x0ayourdomain\x03com\x00	-	-	-	-	-	-	DISCOVER	0.000000	-	-
1776310792.742491	CYorgf1QjuxEieekbb	-	-	8e:10:1f:69:80:a8	whmcs38346797	-	-	-	-	-	-	-	DISCOVER	0.000000	-	-
1776310790.484398	CYorgf1QjuxEieekbb	-	-	8e:10:1f:69:80:06	whmcs39566799	-	-	-	-	-	-	-	DISCOVER	0.000000	-	-
1776310797.574064	CYorgf1QjuxEieekbb	-	-	8e:10:1f:69:80:3a	whmcs44007497	-	-	-	-	-	-	-	DISCOVER	0.000000	-	-
1776310790.574786	CYorgf1QjuxEieekbb	-	-	8e:10:1f:69:80:d7	whmcs33587167	-	-	-	-	-	-	-	DISCOVER	0.000000	-	-
1776310797.704468	CYorgf1QjuxEieekbb	-	-	8e:10:1f:69:80:9e	-	\x06miso88\x03com\x00	-	-	-	-	-	-	DISCOVER	0.000000	-	-
1776310792.617117	CYorgf1QjuxEieekbb	-	-	8e:10:1f:69:80:01	whmcs40257536	-	-	-	-	-	-	-	DISCOVER	0.000000	-	-
1776310798.599771	CYorgf1QjuxEieekbb	-	-	8e:10:1f:69:80:ee	whmcs22995971	-	-	-	-	-	-	-	DISCOVER	0.000000	-	-
1776310791.780992	CYorgf1QjuxEieekbb	-	-	8e:10:1f:69:80:f0	whmcs38467355	-	-	-	-	-	-	-	DISCOVER	0.000000	-	-
1776310797.588564	CYorgf1QjuxEieekbb	-	-	8e:10:1f:69:80:88	whmcs42467409	-	-	-	-	-	-	-	DISCOVER	0.000000	-	-
1776310808.592347	CYorgf1QjuxEieekbb	-	-	8e:10:1f:69:80:54	whmcs42467323	-	-	-	-	-	-	-	DISCOVER	0.000000	-	-
1776310806.913053	CYorgf1QjuxEieekbb	-	-	8e:10:1f:69:80:d0	whmcs35047158	-	-	-	-	-	-	-	DISCOVER	0.000000	-	-
1776310799.239938	CYorgf1QjuxEieekbb	-	-	8e:10:1f:69:80:34	whmcs44107515	-	-	-	-	-	-	-	DISCOVER	0.000000	-	-
1776310806.516983	CYorgf1QjuxEieekbb	-	-	8e:10:1f:69:80:8e	whmcs39656794	-	-	-	-	-	-	-	DISCOVER	0.000000	-	-
1776310808.941188	CYorgf1QjuxEieekbb	-	-	8e:10:1f:69:80:31	whmcs38467357	-	-	-	-	-	-	-	DISCOVER	0.000000	-	-
1776310806.581061	CYorgf1QjuxEieekbb	-	-	8e:10:1f:69:80:70	whmcs35849	-	-	-	-	-	-	-	DISCOVER	0.000000	-	-
1776310800.004320	CYorgf1QjuxEieekbb	-	-	8e:10:1f:69:80:6b	whmcs17857421	-	-	-	-	-	-	-	DISCOVER	0.000000	-	-
1776310805.224982	CYorgf1QjuxEieekbb	-	-	8e:10:1f:69:80:80	whmcs38347220	-	-	-	-	-	-	-	DISCOVER	0.000000	-	-
1776310808.802153	CYorgf1QjuxEieekbb	-	-	8e:10:1f:69:80:dd	whmcs30547169	-	-	-	-	-	-	-	DISCOVER	0.000000	-	-
1776310805.531826	CYorgf1QjuxEieekbb	-	-	8e:10:1f:69:80:bc	whmcs33376906	-	-	-	-	-	-	-	DISCOVER	0.000000	-	-
1776310807.286256	CYorgf1QjuxEieekbb	-	-	8e:10:1f:69:80:f4	whmcs33586910	-	-	-	-	-	-	-	DISCOVER	0.000000	-	-
1776310801.084713	CYorgf1QjuxEieekbb	-	-	8e:10:1f:69:80:b9	whmcs35432	-	-	-	-	-	-	-	DISCOVER	0.000000	-	-
1776310812.578869	CYorgf1QjuxEieekbb	-	-	8e:10:1f:69:80:52	whmcs30985006	-	-	-	-	-	-	-	DISCOVER	0.000000	-	-
1776310811.996568	CYorgf1QjuxEieekbb	-	-	8e:10:1f:69:80:18	-	\x04mail\x06miso88\x02in\x00	-	-	-	-	-	-	DISCOVER	0.000000	-	-
1776310813.791719	CYorgf1QjuxEieekbb	-	-	8e:10:1f:69:80:1c	whmcs43867538	-	-	-	-	-	-	-	DISCOVER	0.000000	-	-
1776310817.216441	CYorgf1QjuxEieekbb	-	-	8e:10:1f:69:80:81	ubuntu	-	-	-	-	-	-	-	DISCOVER	0.000000	-	-
1776310818.094369	CYorgf1QjuxEieekbb	-	-	8e:10:1f:69:80:a0	-	\x07project\x0ateknixcorp\x03com\x00	-	-	-	-	-	-	DISCOVER	0.000000	-	-
1776310816.857807	CYorgf1QjuxEieekbb	-	-	8e:10:1f:69:80:a4	whmcs39856890	-	-	-	-	-	-	-	DISCOVER	0.000000	-	-
1776310809.344161	CYorgf1QjuxEieekbb	-	-	8e:10:1f:69:80:c2	whmcs167551	-	-	-	-	-	-	-	DISCOVER	0.000000	-	-
1776310813.902287	CYorgf1QjuxEieekbb	-	-	8e:10:1f:69:80:b4	whmcs38346614	-	-	-	-	-	-	-	DISCOVER	0.000000	-	-
1776310818.945800	CYorgf1QjuxEieekbb	-	-	8e:10:1f:69:80:e5	whmcs33466917	-	-	-	-	-	-	-	DISCOVER	0.000000	-	-
1776310816.188886	CYorgf1QjuxEieekbb	-	-	8e:10:1f:69:80:5f	whmcs43727450	-	-	-	-	-	-	-	DISCOVER	0.000000	-	-
1776310816.852568	CYorgf1QjuxEieekbb	-	-	8e:10:1f:69:80:83	whmcs45047608	-	-	-	-	-	-	-	DISCOVER	0.000000	-	-
1776310816.475754	CYorgf1QjuxEieekbb	-	-	8e:10:1f:69:80:09	whmcs15397050	-	-	-	-	-	-	-	DISCOVER	0.000000	-	-
1776310814.359571	CYorgf1QjuxEieekbb	-	-	8e:10:1f:69:80:68	whmcs17857335	-	-	-	-	-	-	-	DISCOVER	0.000000	-	-
1776310817.021173	CYorgf1QjuxEieekbb	-	-	8e:10:1f:69:80:a5	whmcs44107514	-	-	-	-	-	-	-	DISCOVER	0.000000	-	-
1776310811.917426	CYorgf1QjuxEieekbb	-	-	8e:10:1f:69:80:69	whmcs36097603	-	-	-	-	-	-	-	DISCOVER	0.000000	-	-
1776310818.654254	CYorgf1QjuxEieekbb	-	-	8e:10:1f:69:80:38	whmcs33376861	-	-	-	-	-	-	-	DISCOVER	0.000000	-	-
1776310814.434971	CYorgf1QjuxEieekbb	-	-	8e:10:1f:69:80:12	whmcs45037605	-	-	-	-	-	-	-	DISCOVER	0.000000	-	-
1776310811.445471	CYorgf1QjuxEieekbb	-	-	8e:10:1f:69:80:76	whmcs28096887	-	-	-	-	-	-	-	DISCOVER	0.000000	-	-
1776310816.718621	CYorgf1QjuxEieekbb	-	-	8e:10:1f:69:80:4f	whmcs42467292	-	-	-	-	-	-	-	DISCOVER	0.000000	-	-
1776310828.807227	CYorgf1QjuxEieekbb	-	-	8e:10:1f:69:80:8f	whmcs17857422	-	-	-	-	-	-	-	DISCOVER	0.000000	-	-
1776310824.343427	CYorgf1QjuxEieekbb	-	-	8e:10:1f:69:80:63	whmcs39996845	-	-	-	-	-	-	-	DISCOVER	0.000000	-	-
1776310825.476894	CYorgf1QjuxEieekbb	-	-	8e:10:1f:69:80:c5	whmcs38466921	-	-	-	-	-	-	-	DISCOVER	0.000000	-	-
1776310825.661526	CYorgf1QjuxEieekbb	-	-	8e:10:1f:69:80:5c	whmcs44557592	-	-	-	-	-	-	-	DISCOVER	0.000000	-	-
1776310822.939816	CYorgf1QjuxEieekbb	-	-	8e:10:1f:69:80:ef	whmcs7436262	-	-	-	-	-	-	-	DISCOVER	0.000000	-	-
1776310821.971252	CYorgf1QjuxEieekbb	-	-	8e:10:1f:69:80:e4	-	\x08hostname\x06domain\x03tld\x00	-	-	-	-	-	-	DISCOVER	0.000000	-	-
1776310827.869493	CYorgf1QjuxEieekbb	-	-	8e:10:1f:69:80:95	whmcs17857365	-	-	-	-	-	-	-	DISCOVER	0.000000	-	-
1776310821.468935	CYorgf1QjuxEieekbb	-	-	8e:10:1f:69:80:51	whmcs38346804	-	-	-	-	-	-	-	DISCOVER	0.000000	-	-
1776310827.379666	CYorgf1QjuxEieekbb	-	-	8e:10:1f:69:80:32	whmcs43867554	-	-	-	-	-	-	-	DISCOVER	0.000000	-	-
1776310821.775762	CYorgf1QjuxEieekbb	-	-	8e:10:1f:69:80:14	whmcs38467356	-	-	-	-	-	-	-	DISCOVER	0.000000	-	-
1776310828.310140	CYorgf1QjuxEieekbb	-	-	8e:10:1f:69:80:94	watersense	-	-	-	-	-	-	-	DISCOVER	0.000000	-	-
1776310838.419881	CYorgf1QjuxEieekbb	-	-	8e:10:1f:69:80:4e	appginivn	-	-	-	-	-	-	-	DISCOVER	0.000000	-	-
1776310831.005182	CYorgf1QjuxEieekbb	-	-	8e:10:1f:69:80:0b	whmcs44727578	-	-	-	-	-	-	-	DISCOVER	0.000000	-	-
1776310831.259858	CYorgf1QjuxEieekbb	-	-	8e:10:1f:69:80:7a	whmcs35046180	-	-	-	-	-	-	-	DISCOVER	0.000000	-	-
1776310835.689234	CYorgf1QjuxEieekbb	-	-	8e:10:1f:69:80:65	whmcs42417443	-	-	-	-	-	-	-	DISCOVER	0.000000	-	-
1776310834.062622	CYorgf1QjuxEieekbb	-	-	8e:10:1f:69:80:93	citymind	-	-	-	-	-	-	-	DISCOVER	0.000000	-	-
1776310832.168272	CYorgf1QjuxEieekbb	-	-	8e:10:1f:69:80:a9	BTG-HAPROXY	-	-	-	-	-	-	-	DISCOVER	0.000000	-	-
1776310838.552431	CYorgf1QjuxEieekbb	-	-	8e:10:1f:69:80:53	whmcs35046397	-	-	-	-	-	-	-	DISCOVER	0.000000	-	-
1776310836.399128	CYorgf1QjuxEieekbb	-	-	8e:10:1f:69:80:d2	whmcs33587038	-	-	-	-	-	-	-	DISCOVER	0.000000	-	-
1776310835.155155	CYorgf1QjuxEieekbb	-	-	8e:10:1f:69:80:82	Sagrifood	-	-	-	-	-	-	-	DISCOVER	0.000000	-	-
1776310844.472314	CYorgf1QjuxEieekbb	-	-	8e:10:1f:69:80:f1	whmcs24136958	-	-	-	-	-	-	-	DISCOVER	0.000000	-	-
1776310845.945667	CYorgf1QjuxEieekbb	-	-	8e:10:1f:69:80:b7	whmcs22994531	-	-	-	-	-	-	-	DISCOVER	0.000000	-	-
1776310846.839918	CYorgf1QjuxEieekbb	-	-	8e:10:1f:69:80:8d	whmcs43867470	-	-	-	-	-	-	-	DISCOVER	0.000000	-	-
1776310848.053252	CYorgf1QjuxEieekbb	-	-	8e:10:1f:69:80:36	whmcs167244	-	-	-	-	-	-	-	DISCOVER	0.000000	-	-
1776310840.340690	CYorgf1QjuxEieekbb	-	-	8e:10:1f:69:80:26	whmcs44107513	-	-	-	-	-	-	-	DISCOVER	0.000000	-	-
1776310846.864099	CYorgf1QjuxEieekbb	-	-	8e:10:1f:69:80:af	-	\x04wiki\x0ateknixcorp\x03com\x00	-	-	-	-	-	-	DISCOVER	0.000000	-	-
1776310839.675192	CYorgf1QjuxEieekbb	-	-	8e:10:1f:69:80:0c	nocqtsc-vps	-	-	-	-	-	-	-	DISCOVER	0.000000	-	-
1776310843.457302	CYorgf1QjuxEieekbb	-	-	8e:10:1f:69:80:6f	-	\x03git\x0ateknixcorp\x03com\x00	-	-	-	-	-	-	DISCOVER	0.000000	-	-
1776310840.905643	CYorgf1QjuxEieekbb	-	-	8e:10:1f:69:80:d1	THTAX-SD	-	-	-	-	-	-	-	DISCOVER	0.000000	-	-
1776310853.508258	CYorgf1QjuxEieekbb	-	-	8e:10:1f:69:80:aa	whmcs40257565	-	-	-	-	-	-	-	DISCOVER	0.000000	-	-
1776310856.992359	CYorgf1QjuxEieekbb	-	-	8e:10:1f:69:80:5b	whmcs40256875	-	-	-	-	-	-	-	DISCOVER	0.000000	-	-
1776310852.405986	CYorgf1QjuxEieekbb	-	-	8e:10:1f:69:80:44	whmcs44637589	-	-	-	-	-	-	-	DISCOVER	0.000000	-	-
1776310850.617857	CYorgf1QjuxEieekbb	-	-	8e:10:1f:69:80:df	ubuntu	-	-	-	-	-	-	-	DISCOVER	0.000000	-	-
1776310856.336764	CYorgf1QjuxEieekbb	-	-	8e:10:1f:69:80:a8	whmcs38346797	-	-	-	-	-	-	-	DISCOVER	0.000000	-	-
1776310849.128395	CYorgf1QjuxEieekbb	-	-	8e:10:1f:69:80:e7	whmcs28096886	-	-	-	-	-	-	-	DISCOVER	0.000000	-	-
1776310855.155757	CYorgf1QjuxEieekbb	-	-	8e:10:1f:69:80:06	whmcs39566799	-	-	-	-	-	-	-	DISCOVER	0.000000	-	-
1776310855.574355	CYorgf1QjuxEieekbb	-	-	8e:10:1f:69:80:d7	whmcs33587167	-	-	-	-	-	-	-	DISCOVER	0.000000	-	-
1776310857.620896	CYorgf1QjuxEieekbb	-	-	8e:10:1f:69:80:01	whmcs40257536	-	-	-	-	-	-	-	DISCOVER	0.000000	-	-
1776310856.739940	CYorgf1QjuxEieekbb	-	-	8e:10:1f:69:80:f0	whmcs38467355	-	-	-	-	-	-	-	DISCOVER	0.000000	-	-
1776310849.129107	CYorgf1QjuxEieekbb	-	-	8e:10:1f:69:80:c6	whmcs40537445	-	-	-	-	-	-	-	DISCOVER	0.000000	-	-
1776310863.732083	CYorgf1QjuxEieekbb	-	-	8e:10:1f:69:80:34	whmcs44107515	-	-	-	-	-	-	-	DISCOVER	0.000000	-	-
1776310860.150353	CYorgf1QjuxEieekbb	-	-	8e:10:1f:69:80:4b	whmcs39797117	-	-	-	-	-	-	-	DISCOVER	0.000000	-	-
1776310859.071217	CYorgf1QjuxEieekbb	-	-	8e:10:1f:69:80:4c	whmcs42037223	-	-	-	-	-	-	-	DISCOVER	0.000000	-	-
1776310861.191681	CYorgf1QjuxEieekbb	-	-	8e:10:1f:69:80:66	whmcs40676947	-	-	-	-	-	-	-	DISCOVER	0.000000	-	-
1776310860.397065	CYorgf1QjuxEieekbb	-	-	8e:10:1f:69:80:0e	-	\x04mail\x0ayourdomain\x03com\x00	-	-	-	-	-	-	DISCOVER	0.000000	-	-
1776310864.457681	CYorgf1QjuxEieekbb	-	-	8e:10:1f:69:80:6b	whmcs17857421	-	-	-	-	-	-	-	DISCOVER	0.000000	-	-
1776310861.115630	CYorgf1QjuxEieekbb	-	-	8e:10:1f:69:80:3a	whmcs44007497	-	-	-	-	-	-	-	DISCOVER	0.000000	-	-
1776310868.968838	CYorgf1QjuxEieekbb	-	-	8e:10:1f:69:80:80	whmcs38347220	-	-	-	-	-	-	-	DISCOVER	0.000000	-	-
1776310868.901025	CYorgf1QjuxEieekbb	-	-	8e:10:1f:69:80:bc	whmcs33376906	-	-	-	-	-	-	-	DISCOVER	0.000000	-	-
1776310861.377957	CYorgf1QjuxEieekbb	-	-	8e:10:1f:69:80:9e	-	\x06miso88\x03com\x00	-	-	-	-	-	-	DISCOVER	0.000000	-	-
1776310862.582342	CYorgf1QjuxEieekbb	-	-	8e:10:1f:69:80:ee	whmcs22995971	-	-	-	-	-	-	-	DISCOVER	0.000000	-	-
1776310865.234961	CYorgf1QjuxEieekbb	-	-	8e:10:1f:69:80:b9	whmcs35432	-	-	-	-	-	-	-	DISCOVER	0.000000	-	-
1776310861.638588	CYorgf1QjuxEieekbb	-	-	8e:10:1f:69:80:88	whmcs42467409	-	-	-	-	-	-	-	DISCOVER	0.000000	-	-
1776310872.423890	CYorgf1QjuxEieekbb	-	-	8e:10:1f:69:80:54	whmcs42467323	-	-	-	-	-	-	-	DISCOVER	0.000000	-	-
1776310876.157056	CYorgf1QjuxEieekbb	-	-	8e:10:1f:69:80:52	whmcs30985006	-	-	-	-	-	-	-	DISCOVER	0.000000	-	-
1776310871.644041	CYorgf1QjuxEieekbb	-	-	8e:10:1f:69:80:d0	whmcs35047158	-	-	-	-	-	-	-	DISCOVER	0.000000	-	-
1776310870.547270	CYorgf1QjuxEieekbb	-	-	8e:10:1f:69:80:8e	whmcs39656794	-	-	-	-	-	-	-	DISCOVER	0.000000	-	-
1776310877.282248	CYorgf1QjuxEieekbb	-	-	8e:10:1f:69:80:1c	whmcs43867538	-	-	-	-	-	-	-	DISCOVER	0.000000	-	-
1776310876.710036	CYorgf1QjuxEieekbb	-	-	8e:10:1f:69:80:18	-	\x04mail\x06miso88\x02in\x00	-	-	-	-	-	-	DISCOVER	0.000000	-	-
1776310873.287730	CYorgf1QjuxEieekbb	-	-	8e:10:1f:69:80:31	whmcs38467357	-	-	-	-	-	-	-	DISCOVER	0.000000	-	-
1776310871.507465	CYorgf1QjuxEieekbb	-	-	8e:10:1f:69:80:70	whmcs35849	-	-	-	-	-	-	-	DISCOVER	0.000000	-	-
1776310872.881056	CYorgf1QjuxEieekbb	-	-	8e:10:1f:69:80:c2	whmcs167551	-	-	-	-	-	-	-	DISCOVER	0.000000	-	-
1776310878.203893	CYorgf1QjuxEieekbb	-	-	8e:10:1f:69:80:b4	whmcs38346614	-	-	-	-	-	-	-	DISCOVER	0.000000	-	-
1776310877.397786	CYorgf1QjuxEieekbb	-	-	8e:10:1f:69:80:68	whmcs17857335	-	-	-	-	-	-	-	DISCOVER	0.000000	-	-
1776310875.199790	CYorgf1QjuxEieekbb	-	-	8e:10:1f:69:80:69	whmcs36097603	-	-	-	-	-	-	-	DISCOVER	0.000000	-	-
1776310872.125504	CYorgf1QjuxEieekbb	-	-	8e:10:1f:69:80:dd	whmcs30547169	-	-	-	-	-	-	-	DISCOVER	0.000000	-	-
1776310870.946278	CYorgf1QjuxEieekbb	-	-	8e:10:1f:69:80:f4	whmcs33586910	-	-	-	-	-	-	-	DISCOVER	0.000000	-	-
1776310877.628249	CYorgf1QjuxEieekbb	-	-	8e:10:1f:69:80:12	whmcs45037605	-	-	-	-	-	-	-	DISCOVER	0.000000	-	-
1776310876.320189	CYorgf1QjuxEieekbb	-	-	8e:10:1f:69:80:76	whmcs28096887	-	-	-	-	-	-	-	DISCOVER	0.000000	-	-
1776310881.533664	CYorgf1QjuxEieekbb	-	-	8e:10:1f:69:80:81	ubuntu	-	-	-	-	-	-	-	DISCOVER	0.000000	-	-
1776310883.017044	CYorgf1QjuxEieekbb	-	-	8e:10:1f:69:80:a0	-	\x07project\x0ateknixcorp\x03com\x00	-	-	-	-	-	-	DISCOVER	0.000000	-	-
1776310881.567370	CYorgf1QjuxEieekbb	-	-	8e:10:1f:69:80:a4	whmcs39856890	-	-	-	-	-	-	-	DISCOVER	0.000000	-	-
1776310888.976902	CYorgf1QjuxEieekbb	-	-	8e:10:1f:69:80:5c	whmcs44557592	-	-	-	-	-	-	-	DISCOVER	0.000000	-	-
1776310887.757134	CYorgf1QjuxEieekbb	-	-	8e:10:1f:69:80:ef	whmcs7436262	-	-	-	-	-	-	-	DISCOVER	0.000000	-	-
1776310881.980706	CYorgf1QjuxEieekbb	-	-	8e:10:1f:69:80:e5	whmcs33466917	-	-	-	-	-	-	-	DISCOVER	0.000000	-	-
1776310879.943321	CYorgf1QjuxEieekbb	-	-	8e:10:1f:69:80:5f	whmcs43727450	-	-	-	-	-	-	-	DISCOVER	0.000000	-	-
1776310881.860812	CYorgf1QjuxEieekbb	-	-	8e:10:1f:69:80:83	whmcs45047608	-	-	-	-	-	-	-	DISCOVER	0.000000	-	-
1776310880.462792	CYorgf1QjuxEieekbb	-	-	8e:10:1f:69:80:09	whmcs15397050	-	-	-	-	-	-	-	DISCOVER	0.000000	-	-
1776310881.024124	CYorgf1QjuxEieekbb	-	-	8e:10:1f:69:80:a5	whmcs44107514	-	-	-	-	-	-	-	DISCOVER	0.000000	-	-
1776310886.662699	CYorgf1QjuxEieekbb	-	-	8e:10:1f:69:80:e4	-	\x08hostname\x06domain\x03tld\x00	-	-	-	-	-	-	DISCOVER	0.000000	-	-
1776310881.669753	CYorgf1QjuxEieekbb	-	-	8e:10:1f:69:80:38	whmcs33376861	-	-	-	-	-	-	-	DISCOVER	0.000000	-	-
1776310885.694361	CYorgf1QjuxEieekbb	-	-	8e:10:1f:69:80:51	whmcs38346804	-	-	-	-	-	-	-	DISCOVER	0.000000	-	-
1776310879.906090	CYorgf1QjuxEieekbb	-	-	8e:10:1f:69:80:4f	whmcs42467292	-	-	-	-	-	-	-	DISCOVER	0.000000	-	-
1776310885.345895	CYorgf1QjuxEieekbb	-	-	8e:10:1f:69:80:14	whmcs38467356	-	-	-	-	-	-	-	DISCOVER	0.000000	-	-
1776310893.680414	CYorgf1QjuxEieekbb	-	-	8e:10:1f:69:80:8f	whmcs17857422	-	-	-	-	-	-	-	DISCOVER	0.000000	-	-
1776310895.811921	CYorgf1QjuxEieekbb	-	-	8e:10:1f:69:80:0b	whmcs44727578	-	-	-	-	-	-	-	DISCOVER	0.000000	-	-
1776310889.082172	CYorgf1QjuxEieekbb	-	-	8e:10:1f:69:80:63	whmcs39996845	-	-	-	-	-	-	-	DISCOVER	0.000000	-	-
1776310896.045044	CYorgf1QjuxEieekbb	-	-	8e:10:1f:69:80:7a	whmcs35046180	-	-	-	-	-	-	-	DISCOVER	0.000000	-	-
1776310889.171219	CYorgf1QjuxEieekbb	-	-	8e:10:1f:69:80:c5	whmcs38466921	-	-	-	-	-	-	-	DISCOVER	0.000000	-	-
1776310898.306678	CYorgf1QjuxEieekbb	-	-	8e:10:1f:69:80:93	citymind	-	-	-	-	-	-	-	DISCOVER	0.000000	-	-
1776310895.336745	CYorgf1QjuxEieekbb	-	-	8e:10:1f:69:80:a9	BTG-HAPROXY	-	-	-	-	-	-	-	DISCOVER	0.000000	-	-
1776310892.215610	CYorgf1QjuxEieekbb	-	-	8e:10:1f:69:80:95	whmcs17857365	-	-	-	-	-	-	-	DISCOVER	0.000000	-	-
1776310890.852922	CYorgf1QjuxEieekbb	-	-	8e:10:1f:69:80:32	whmcs43867554	-	-	-	-	-	-	-	DISCOVER	0.000000	-	-
1776310892.415726	CYorgf1QjuxEieekbb	-	-	8e:10:1f:69:80:94	watersense	-	-	-	-	-	-	-	DISCOVER	0.000000	-	-
1776310908.384485	CYorgf1QjuxEieekbb	-	-	8e:10:1f:69:80:f1	whmcs24136958	-	-	-	-	-	-	-	DISCOVER	0.000000	-	-
1776310902.125949	CYorgf1QjuxEieekbb	-	-	8e:10:1f:69:80:4e	appginivn	-	-	-	-	-	-	-	DISCOVER	0.000000	-	-
1776310899.277161	CYorgf1QjuxEieekbb	-	-	8e:10:1f:69:80:65	whmcs42417443	-	-	-	-	-	-	-	DISCOVER	0.000000	-	-
1776310903.350550	CYorgf1QjuxEieekbb	-	-	8e:10:1f:69:80:53	whmcs35046397	-	-	-	-	-	-	-	DISCOVER	0.000000	-	-
1776310904.528234	CYorgf1QjuxEieekbb	-	-	8e:10:1f:69:80:26	whmcs44107513	-	-	-	-	-	-	-	DISCOVER	0.000000	-	-
1776310900.263004	CYorgf1QjuxEieekbb	-	-	8e:10:1f:69:80:d2	whmcs33587038	-	-	-	-	-	-	-	DISCOVER	0.000000	-	-
1776310904.286998	CYorgf1QjuxEieekbb	-	-	8e:10:1f:69:80:0c	nocqtsc-vps	-	-	-	-	-	-	-	DISCOVER	0.000000	-	-
1776310899.673411	CYorgf1QjuxEieekbb	-	-	8e:10:1f:69:80:82	Sagrifood	-	-	-	-	-	-	-	DISCOVER	0.000000	-	-
1776310908.219735	CYorgf1QjuxEieekbb	-	-	8e:10:1f:69:80:6f	-	\x03git\x0ateknixcorp\x03com\x00	-	-	-	-	-	-	DISCOVER	0.000000	-	-
1776310904.214141	CYorgf1QjuxEieekbb	-	-	8e:10:1f:69:80:d1	THTAX-SD	-	-	-	-	-	-	-	DISCOVER	0.000000	-	-
1776310909.999448	CYorgf1QjuxEieekbb	-	-	8e:10:1f:69:80:b7	whmcs22994531	-	-	-	-	-	-	-	DISCOVER	0.000000	-	-
1776310918.308212	CYorgf1QjuxEieekbb	-	-	8e:10:1f:69:80:aa	whmcs40257565	-	-	-	-	-	-	-	DISCOVER	0.000000	-	-
1776310910.229078	CYorgf1QjuxEieekbb	-	-	8e:10:1f:69:80:8d	whmcs43867470	-	-	-	-	-	-	-	DISCOVER	0.000000	-	-
1776310917.142507	CYorgf1QjuxEieekbb	-	-	8e:10:1f:69:80:44	whmcs44637589	-	-	-	-	-	-	-	DISCOVER	0.000000	-	-
1776310912.864912	CYorgf1QjuxEieekbb	-	-	8e:10:1f:69:80:36	whmcs167244	-	-	-	-	-	-	-	DISCOVER	0.000000	-	-
1776310915.252802	CYorgf1QjuxEieekbb	-	-	8e:10:1f:69:80:df	ubuntu	-	-	-	-	-	-	-	DISCOVER	0.000000	-	-
1776310910.139188	CYorgf1QjuxEieekbb	-	-	8e:10:1f:69:80:af	-	\x04wiki\x0ateknixcorp\x03com\x00	-	-	-	-	-	-	DISCOVER	0.000000	-	-
1776310912.248340	CYorgf1QjuxEieekbb	-	-	8e:10:1f:69:80:e7	whmcs28096886	-	-	-	-	-	-	-	DISCOVER	0.000000	-	-
1776310912.312102	CYorgf1QjuxEieekbb	-	-	8e:10:1f:69:80:c6	whmcs40537445	-	-	-	-	-	-	-	DISCOVER	0.000000	-	-
1776310927.213808	CYorgf1QjuxEieekbb	-	-	8e:10:1f:69:80:34	whmcs44107515	-	-	-	-	-	-	-	DISCOVER	0.000000	-	-
1776310923.517854	CYorgf1QjuxEieekbb	-	-	8e:10:1f:69:80:4b	whmcs39797117	-	-	-	-	-	-	-	DISCOVER	0.000000	-	-
1776310920.025417	CYorgf1QjuxEieekbb	-	-	8e:10:1f:69:80:5b	whmcs40256875	-	-	-	-	-	-	-	DISCOVER	0.000000	-	-
1776310922.610853	CYorgf1QjuxEieekbb	-	-	8e:10:1f:69:80:4c	whmcs42037223	-	-	-	-	-	-	-	DISCOVER	0.000000	-	-
1776310925.833820	CYorgf1QjuxEieekbb	-	-	8e:10:1f:69:80:66	whmcs40676947	-	-	-	-	-	-	-	DISCOVER	0.000000	-	-
1776310924.279254	CYorgf1QjuxEieekbb	-	-	8e:10:1f:69:80:0e	-	\x04mail\x0ayourdomain\x03com\x00	-	-	-	-	-	-	DISCOVER	0.000000	-	-
1776310927.476173	CYorgf1QjuxEieekbb	-	-	8e:10:1f:69:80:6b	whmcs17857421	-	-	-	-	-	-	-	DISCOVER	0.000000	-	-
1776310919.821111	CYorgf1QjuxEieekbb	-	-	8e:10:1f:69:80:a8	whmcs38346797	-	-	-	-	-	-	-	DISCOVER	0.000000	-	-
1776310919.541692	CYorgf1QjuxEieekbb	-	-	8e:10:1f:69:80:06	whmcs39566799	-	-	-	-	-	-	-	DISCOVER	0.000000	-	-
1776310925.388467	CYorgf1QjuxEieekbb	-	-	8e:10:1f:69:80:3a	whmcs44007497	-	-	-	-	-	-	-	DISCOVER	0.000000	-	-
1776310920.114154	CYorgf1QjuxEieekbb	-	-	8e:10:1f:69:80:d7	whmcs33587167	-	-	-	-	-	-	-	DISCOVER	0.000000	-	-
1776310925.242793	CYorgf1QjuxEieekbb	-	-	8e:10:1f:69:80:9e	-	\x06miso88\x03com\x00	-	-	-	-	-	-	DISCOVER	0.000000	-	-
1776310922.583261	CYorgf1QjuxEieekbb	-	-	8e:10:1f:69:80:01	whmcs40257536	-	-	-	-	-	-	-	DISCOVER	0.000000	-	-
1776310926.612036	CYorgf1QjuxEieekbb	-	-	8e:10:1f:69:80:ee	whmcs22995971	-	-	-	-	-	-	-	DISCOVER	0.000000	-	-
1776310921.392260	CYorgf1QjuxEieekbb	-	-	8e:10:1f:69:80:f0	whmcs38467355	-	-	-	-	-	-	-	DISCOVER	0.000000	-	-
1776310926.043468	CYorgf1QjuxEieekbb	-	-	8e:10:1f:69:80:88	whmcs42467409	-	-	-	-	-	-	-	DISCOVER	0.000000	-	-
1776310936.934080	CYorgf1QjuxEieekbb	-	-	8e:10:1f:69:80:54	whmcs42467323	-	-	-	-	-	-	-	DISCOVER	0.000000	-	-
1776310935.284573	CYorgf1QjuxEieekbb	-	-	8e:10:1f:69:80:d0	whmcs35047158	-	-	-	-	-	-	-	DISCOVER	0.000000	-	-
1776310935.092143	CYorgf1QjuxEieekbb	-	-	8e:10:1f:69:80:8e	whmcs39656794	-	-	-	-	-	-	-	DISCOVER	0.000000	-	-
1776310937.553313	CYorgf1QjuxEieekbb	-	-	8e:10:1f:69:80:31	whmcs38467357	-	-	-	-	-	-	-	DISCOVER	0.000000	-	-
1776310935.982044	CYorgf1QjuxEieekbb	-	-	8e:10:1f:69:80:70	whmcs35849	-	-	-	-	-	-	-	DISCOVER	0.000000	-	-
1776310937.523870	CYorgf1QjuxEieekbb	-	-	8e:10:1f:69:80:c2	whmcs167551	-	-	-	-	-	-	-	DISCOVER	0.000000	-	-
1776310938.819170	CYorgf1QjuxEieekbb	-	-	8e:10:1f:69:80:69	whmcs36097603	-	-	-	-	-	-	-	DISCOVER	0.000000	-	-
1776310932.429390	CYorgf1QjuxEieekbb	-	-	8e:10:1f:69:80:80	whmcs38347220	-	-	-	-	-	-	-	DISCOVER	0.000000	-	-
1776310935.816871	CYorgf1QjuxEieekbb	-	-	8e:10:1f:69:80:dd	whmcs30547169	-	-	-	-	-	-	-	DISCOVER	0.000000	-	-
1776310933.748219	CYorgf1QjuxEieekbb	-	-	8e:10:1f:69:80:bc	whmcs33376906	-	-	-	-	-	-	-	DISCOVER	0.000000	-	-
1776310934.259145	CYorgf1QjuxEieekbb	-	-	8e:10:1f:69:80:f4	whmcs33586910	-	-	-	-	-	-	-	DISCOVER	0.000000	-	-
1776310929.192997	CYorgf1QjuxEieekbb	-	-	8e:10:1f:69:80:b9	whmcs35432	-	-	-	-	-	-	-	DISCOVER	0.000000	-	-
1776310939.465125	CYorgf1QjuxEieekbb	-	-	8e:10:1f:69:80:52	whmcs30985006	-	-	-	-	-	-	-	DISCOVER	0.000000	-	-
1776310940.805452	CYorgf1QjuxEieekbb	-	-	8e:10:1f:69:80:1c	whmcs43867538	-	-	-	-	-	-	-	DISCOVER	0.000000	-	-
1776310941.341836	CYorgf1QjuxEieekbb	-	-	8e:10:1f:69:80:18	-	\x04mail\x06miso88\x02in\x00	-	-	-	-	-	-	DISCOVER	0.000000	-	-
1776310946.466906	CYorgf1QjuxEieekbb	-	-	8e:10:1f:69:80:81	ubuntu	-	-	-	-	-	-	-	DISCOVER	0.000000	-	-
1776310946.440294	CYorgf1QjuxEieekbb	-	-	8e:10:1f:69:80:a0	-	\x07project\x0ateknixcorp\x03com\x00	-	-	-	-	-	-	DISCOVER	0.000000	-	-
1776310944.907840	CYorgf1QjuxEieekbb	-	-	8e:10:1f:69:80:a4	whmcs39856890	-	-	-	-	-	-	-	DISCOVER	0.000000	-	-
1776310941.903267	CYorgf1QjuxEieekbb	-	-	8e:10:1f:69:80:b4	whmcs38346614	-	-	-	-	-	-	-	DISCOVER	0.000000	-	-
1776310945.386024	CYorgf1QjuxEieekbb	-	-	8e:10:1f:69:80:e5	whmcs33466917	-	-	-	-	-	-	-	DISCOVER	0.000000	-	-
1776310943.296569	CYorgf1QjuxEieekbb	-	-	8e:10:1f:69:80:5f	whmcs43727450	-	-	-	-	-	-	-	DISCOVER	0.000000	-	-
1776310945.672443	CYorgf1QjuxEieekbb	-	-	8e:10:1f:69:80:83	whmcs45047608	-	-	-	-	-	-	-	DISCOVER	0.000000	-	-
1776310945.037942	CYorgf1QjuxEieekbb	-	-	8e:10:1f:69:80:09	whmcs15397050	-	-	-	-	-	-	-	DISCOVER	0.000000	-	-
1776310940.469882	CYorgf1QjuxEieekbb	-	-	8e:10:1f:69:80:68	whmcs17857335	-	-	-	-	-	-	-	DISCOVER	0.000000	-	-
1776310945.715733	CYorgf1QjuxEieekbb	-	-	8e:10:1f:69:80:a5	whmcs44107514	-	-	-	-	-	-	-	DISCOVER	0.000000	-	-
1776310946.462157	CYorgf1QjuxEieekbb	-	-	8e:10:1f:69:80:38	whmcs33376861	-	-	-	-	-	-	-	DISCOVER	0.000000	-	-
1776310942.529775	CYorgf1QjuxEieekbb	-	-	8e:10:1f:69:80:12	whmcs45037605	-	-	-	-	-	-	-	DISCOVER	0.000000	-	-
1776310940.434390	CYorgf1QjuxEieekbb	-	-	8e:10:1f:69:80:76	whmcs28096887	-	-	-	-	-	-	-	DISCOVER	0.000000	-	-
1776310943.354329	CYorgf1QjuxEieekbb	-	-	8e:10:1f:69:80:4f	whmcs42467292	-	-	-	-	-	-	-	DISCOVER	0.000000	-	-
1776310957.509663	CYorgf1QjuxEieekbb	-	-	8e:10:1f:69:80:8f	whmcs17857422	-	-	-	-	-	-	-	DISCOVER	0.000000	-	-
1776310953.254232	CYorgf1QjuxEieekbb	-	-	8e:10:1f:69:80:63	whmcs39996845	-	-	-	-	-	-	-	DISCOVER	0.000000	-	-
1776310953.121353	CYorgf1QjuxEieekbb	-	-	8e:10:1f:69:80:c5	whmcs38466921	-	-	-	-	-	-	-	DISCOVER	0.000000	-	-
1776310954.723781	CYorgf1QjuxEieekbb	-	-	8e:10:1f:69:80:de	voice-103-98-152-225	-	-	-	-	-	-	-	DISCOVER,DISCOVER	7.389420	-	-
1776310953.460545	CYorgf1QjuxEieekbb	-	-	8e:10:1f:69:80:5c	whmcs44557592	-	-	-	-	-	-	-	DISCOVER	0.000000	-	-
1776310952.029492	CYorgf1QjuxEieekbb	-	-	8e:10:1f:69:80:ef	whmcs7436262	-	-	-	-	-	-	-	DISCOVER	0.000000	-	-
1776310958.791912	CYorgf1QjuxEieekbb	-	-	8e:10:1f:69:80:a9	BTG-HAPROXY	-	-	-	-	-	-	-	DISCOVER	0.000000	-	-
1776310950.821260	CYorgf1QjuxEieekbb	-	-	8e:10:1f:69:80:e4	-	\x08hostname\x06domain\x03tld\x00	-	-	-	-	-	-	DISCOVER	0.000000	-	-
1776310955.511183	CYorgf1QjuxEieekbb	-	-	8e:10:1f:69:80:95	whmcs17857365	-	-	-	-	-	-	-	DISCOVER	0.000000	-	-
1776310949.962172	CYorgf1QjuxEieekbb	-	-	8e:10:1f:69:80:51	whmcs38346804	-	-	-	-	-	-	-	DISCOVER	0.000000	-	-
1776310954.523443	CYorgf1QjuxEieekbb	-	-	8e:10:1f:69:80:32	whmcs43867554	-	-	-	-	-	-	-	DISCOVER	0.000000	-	-
1776310957.100070	CYorgf1QjuxEieekbb	-	-	8e:10:1f:69:80:94	watersense	-	-	-	-	-	-	-	DISCOVER	0.000000	-	-
1776310950.062421	CYorgf1QjuxEieekbb	-	-	8e:10:1f:69:80:14	whmcs38467356	-	-	-	-	-	-	-	DISCOVER	0.000000	-	-
1776310966.881398	CYorgf1QjuxEieekbb	-	-	8e:10:1f:69:80:4e	appginivn	-	-	-	-	-	-	-	DISCOVER	0.000000	-	-
1776310959.505863	CYorgf1QjuxEieekbb	-	-	8e:10:1f:69:80:0b	whmcs44727578	-	-	-	-	-	-	-	DISCOVER	0.000000	-	-
1776310959.865029	CYorgf1QjuxEieekbb	-	-	8e:10:1f:69:80:7a	whmcs35046180	-	-	-	-	-	-	-	DISCOVER	0.000000	-	-
1776310962.511154	CYorgf1QjuxEieekbb	-	-	8e:10:1f:69:80:65	whmcs42417443	-	-	-	-	-	-	-	DISCOVER	0.000000	-	-
1776310962.480604	CYorgf1QjuxEieekbb	-	-	8e:10:1f:69:80:93	citymind	-	-	-	-	-	-	-	DISCOVER	0.000000	-	-
1776310966.598597	CYorgf1QjuxEieekbb	-	-	8e:10:1f:69:80:53	whmcs35046397	-	-	-	-	-	-	-	DISCOVER	0.000000	-	-
1776310968.186977	CYorgf1QjuxEieekbb	-	-	8e:10:1f:69:80:26	whmcs44107513	-	-	-	-	-	-	-	DISCOVER	0.000000	-	-
1776310965.018508	CYorgf1QjuxEieekbb	-	-	8e:10:1f:69:80:d2	whmcs33587038	-	-	-	-	-	-	-	DISCOVER	0.000000	-	-
1776310968.963619	CYorgf1QjuxEieekbb	-	-	8e:10:1f:69:80:0c	nocqtsc-vps	-	-	-	-	-	-	-	DISCOVER	0.000000	-	-
1776310962.979155	CYorgf1QjuxEieekbb	-	-	8e:10:1f:69:80:82	Sagrifood	-	-	-	-	-	-	-	DISCOVER	0.000000	-	-
1776310967.462346	CYorgf1QjuxEieekbb	-	-	8e:10:1f:69:80:d1	THTAX-SD	-	-	-	-	-	-	-	DISCOVER	0.000000	-	-
1776310971.894253	CYorgf1QjuxEieekbb	-	-	8e:10:1f:69:80:f1	whmcs24136958	-	-	-	-	-	-	-	DISCOVER	0.000000	-	-
1776310974.331293	CYorgf1QjuxEieekbb	-	-	8e:10:1f:69:80:b7	whmcs22994531	-	-	-	-	-	-	-	DISCOVER	0.000000	-	-
1776310974.862438	CYorgf1QjuxEieekbb	-	-	8e:10:1f:69:80:8d	whmcs43867470	-	-	-	-	-	-	-	DISCOVER	0.000000	-	-
1776310977.782302	CYorgf1QjuxEieekbb	-	-	8e:10:1f:69:80:36	whmcs167244	-	-	-	-	-	-	-	DISCOVER	0.000000	-	-
1776310978.266479	CYorgf1QjuxEieekbb	-	-	8e:10:1f:69:80:df	ubuntu	-	-	-	-	-	-	-	DISCOVER	0.000000	-	-
1776310973.708481	CYorgf1QjuxEieekbb	-	-	8e:10:1f:69:80:af	-	\x04wiki\x0ateknixcorp\x03com\x00	-	-	-	-	-	-	DISCOVER	0.000000	-	-
1776310975.384044	CYorgf1QjuxEieekbb	-	-	8e:10:1f:69:80:e7	whmcs28096886	-	-	-	-	-	-	-	DISCOVER	0.000000	-	-
1776310971.573110	CYorgf1QjuxEieekbb	-	-	8e:10:1f:69:80:6f	-	\x03git\x0ateknixcorp\x03com\x00	-	-	-	-	-	-	DISCOVER	0.000000	-	-
1776310976.439192	CYorgf1QjuxEieekbb	-	-	8e:10:1f:69:80:c6	whmcs40537445	-	-	-	-	-	-	-	DISCOVER	0.000000	-	-
1776310983.146340	CYorgf1QjuxEieekbb	-	-	8e:10:1f:69:80:aa	whmcs40257565	-	-	-	-	-	-	-	DISCOVER	0.000000	-	-
1776310986.834951	CYorgf1QjuxEieekbb	-	-	8e:10:1f:69:80:4b	whmcs39797117	-	-	-	-	-	-	-	DISCOVER	0.000000	-	-
1776310983.076597	CYorgf1QjuxEieekbb	-	-	8e:10:1f:69:80:5b	whmcs40256875	-	-	-	-	-	-	-	DISCOVER	0.000000	-	-
1776310986.615999	CYorgf1QjuxEieekbb	-	-	8e:10:1f:69:80:4c	whmcs42037223	-	-	-	-	-	-	-	DISCOVER	0.000000	-	-
1776310980.611253	CYorgf1QjuxEieekbb	-	-	8e:10:1f:69:80:44	whmcs44637589	-	-	-	-	-	-	-	DISCOVER	0.000000	-	-
1776310982.913466	CYorgf1QjuxEieekbb	-	-	8e:10:1f:69:80:de	voice-103-98-152-225	-	-	-	-	-	-	-	DISCOVER,DISCOVER	8.948257	-	-
1776310988.423314	CYorgf1QjuxEieekbb	-	-	8e:10:1f:69:80:0e	-	\x04mail\x0ayourdomain\x03com\x00	-	-	-	-	-	-	DISCOVER	0.000000	-	-
1776310984.565769	CYorgf1QjuxEieekbb	-	-	8e:10:1f:69:80:a8	whmcs38346797	-	-	-	-	-	-	-	DISCOVER	0.000000	-	-
1776310984.001953	CYorgf1QjuxEieekbb	-	-	8e:10:1f:69:80:06	whmcs39566799	-	-	-	-	-	-	-	DISCOVER	0.000000	-	-
1776310983.467828	CYorgf1QjuxEieekbb	-	-	8e:10:1f:69:80:d7	whmcs33587167	-	-	-	-	-	-	-	DISCOVER	0.000000	-	-
1776310986.319785	CYorgf1QjuxEieekbb	-	-	8e:10:1f:69:80:01	whmcs40257536	-	-	-	-	-	-	-	DISCOVER	0.000000	-	-
1776310985.024782	CYorgf1QjuxEieekbb	-	-	8e:10:1f:69:80:f0	whmcs38467355	-	-	-	-	-	-	-	DISCOVER	0.000000	-	-
1776310991.637824	CYorgf1QjuxEieekbb	-	-	8e:10:1f:69:80:34	whmcs44107515	-	-	-	-	-	-	-	DISCOVER	0.000000	-	-
1776310998.136624	CYorgf1QjuxEieekbb	-	-	8e:10:1f:69:80:8e	whmcs39656794	-	-	-	-	-	-	-	DISCOVER	0.000000	-	-
1776310990.789856	CYorgf1QjuxEieekbb	-	-	8e:10:1f:69:80:66	whmcs40676947	-	-	-	-	-	-	-	DISCOVER	0.000000	-	-
1776310992.349906	CYorgf1QjuxEieekbb	-	-	8e:10:1f:69:80:6b	whmcs17857421	-	-	-	-	-	-	-	DISCOVER	0.000000	-	-
1776310990.179722	CYorgf1QjuxEieekbb	-	-	8e:10:1f:69:80:3a	whmcs44007497	-	-	-	-	-	-	-	DISCOVER	0.000000	-	-
1776310996.708556	CYorgf1QjuxEieekbb	-	-	8e:10:1f:69:80:80	whmcs38347220	-	-	-	-	-	-	-	DISCOVER	0.000000	-	-
1776310997.704019	CYorgf1QjuxEieekbb	-	-	8e:10:1f:69:80:bc	whmcs33376906	-	-	-	-	-	-	-	DISCOVER	0.000000	-	-
1776310989.983132	CYorgf1QjuxEieekbb	-	-	8e:10:1f:69:80:9e	-	\x06miso88\x03com\x00	-	-	-	-	-	-	DISCOVER	0.000000	-	-
1776310990.223212	CYorgf1QjuxEieekbb	-	-	8e:10:1f:69:80:ee	whmcs22995971	-	-	-	-	-	-	-	DISCOVER	0.000000	-	-
1776310992.581205	CYorgf1QjuxEieekbb	-	-	8e:10:1f:69:80:b9	whmcs35432	-	-	-	-	-	-	-	DISCOVER	0.000000	-	-
1776310989.434956	CYorgf1QjuxEieekbb	-	-	8e:10:1f:69:80:88	whmcs42467409	-	-	-	-	-	-	-	DISCOVER	0.000000	-	-
1776311000.433179	CYorgf1QjuxEieekbb	-	-	8e:10:1f:69:80:54	whmcs42467323	-	-	-	-	-	-	-	DISCOVER	0.000000	-	-
1776311003.352174	CYorgf1QjuxEieekbb	-	-	8e:10:1f:69:80:52	whmcs30985006	-	-	-	-	-	-	-	DISCOVER	0.000000	-	-
1776311000.159063	CYorgf1QjuxEieekbb	-	-	8e:10:1f:69:80:d0	whmcs35047158	-	-	-	-	-	-	-	DISCOVER	0.000000	-	-
1776311004.645239	CYorgf1QjuxEieekbb	-	-	8e:10:1f:69:80:1c	whmcs43867538	-	-	-	-	-	-	-	DISCOVER	0.000000	-	-
1776311005.135998	CYorgf1QjuxEieekbb	-	-	8e:10:1f:69:80:18	-	\x04mail\x06miso88\x02in\x00	-	-	-	-	-	-	DISCOVER	0.000000	-	-
1776311001.611518	CYorgf1QjuxEieekbb	-	-	8e:10:1f:69:80:31	whmcs38467357	-	-	-	-	-	-	-	DISCOVER	0.000000	-	-
1776310999.308942	CYorgf1QjuxEieekbb	-	-	8e:10:1f:69:80:70	whmcs35849	-	-	-	-	-	-	-	DISCOVER	0.000000	-	-
1776311008.883892	CYorgf1QjuxEieekbb	-	-	8e:10:1f:69:80:a4	whmcs39856890	-	-	-	-	-	-	-	DISCOVER	0.000000	-	-
1776311002.364935	CYorgf1QjuxEieekbb	-	-	8e:10:1f:69:80:c2	whmcs167551	-	-	-	-	-	-	-	DISCOVER	0.000000	-	-
1776311005.155516	CYorgf1QjuxEieekbb	-	-	8e:10:1f:69:80:b4	whmcs38346614	-	-	-	-	-	-	-	DISCOVER	0.000000	-	-
1776311007.607498	CYorgf1QjuxEieekbb	-	-	8e:10:1f:69:80:5f	whmcs43727450	-	-	-	-	-	-	-	DISCOVER	0.000000	-	-
1776311008.152941	CYorgf1QjuxEieekbb	-	-	8e:10:1f:69:80:09	whmcs15397050	-	-	-	-	-	-	-	DISCOVER	0.000000	-	-
1776311006.623142	CsZnXq1iKPL37y69w7	103.98.152.154	-	8e:10:1f:69:80:97	server7176	-	-	-	-	-	-	-	INFORM	0.000000	MSFT 5.0	-
1776311005.155540	CYorgf1QjuxEieekbb	-	-	8e:10:1f:69:80:68	whmcs17857335	-	-	-	-	-	-	-	DISCOVER	0.000000	-	-
1776311008.919606	CYorgf1QjuxEieekbb	-	-	8e:10:1f:69:80:a5	whmcs44107514	-	-	-	-	-	-	-	DISCOVER	0.000000	-	-
1776311002.277909	CYorgf1QjuxEieekbb	-	-	8e:10:1f:69:80:69	whmcs36097603	-	-	-	-	-	-	-	DISCOVER	0.000000	-	-
1776311003.024563	CYorgf1QjuxEieekbb	-	-	8e:10:1f:69:80:98	Voice-Gateway-01	-	-	-	-	-	-	-	DISCOVER,DISCOVER	6.377990	-	-
1776310999.700770	CYorgf1QjuxEieekbb	-	-	8e:10:1f:69:80:dd	whmcs30547169	-	-	-	-	-	-	-	DISCOVER	0.000000	-	-
1776310999.043996	CYorgf1QjuxEieekbb	-	-	8e:10:1f:69:80:f4	whmcs33586910	-	-	-	-	-	-	-	DISCOVER	0.000000	-	-
1776311007.088635	CYorgf1QjuxEieekbb	-	-	8e:10:1f:69:80:12	whmcs45037605	-	-	-	-	-	-	-	DISCOVER	0.000000	-	-
1776310995.408293	CYorgf1QjuxEieekbb	-	-	8e:10:1f:69:70:da	ns6.vnso.vn	-	-	-	-	-	-	-	DISCOVER,DISCOVER,DISCOVER,DISCOVER	12.366633	-	-
1776311003.945021	CYorgf1QjuxEieekbb	-	-	8e:10:1f:69:80:76	whmcs28096887	-	-	-	-	-	-	-	DISCOVER	0.000000	-	-
1776311007.637007	CYorgf1QjuxEieekbb	-	-	8e:10:1f:69:80:4f	whmcs42467292	-	-	-	-	-	-	-	DISCOVER	0.000000	-	-
1776311009.743481	CYorgf1QjuxEieekbb	-	-	8e:10:1f:69:80:81	ubuntu	-	-	-	-	-	-	-	DISCOVER	0.000000	-	-
1776311011.044321	CYorgf1QjuxEieekbb	-	-	8e:10:1f:69:80:a0	-	\x07project\x0ateknixcorp\x03com\x00	-	-	-	-	-	-	DISCOVER	0.000000	-	-
1776311016.270486	CYorgf1QjuxEieekbb	-	-	8e:10:1f:69:80:63	whmcs39996845	-	-	-	-	-	-	-	DISCOVER	0.000000	-	-
1776311016.989472	CYorgf1QjuxEieekbb	-	-	8e:10:1f:69:80:c5	whmcs38466921	-	-	-	-	-	-	-	DISCOVER	0.000000	-	-
1776311002.081464	CYorgf1QjuxEieekbb	-	-	8e:10:1f:69:80:de	voice-103-98-152-225	-	-	-	-	-	-	-	DISCOVER,DISCOVER	11.756439	-	-
1776311016.630080	CYorgf1QjuxEieekbb	-	-	8e:10:1f:69:80:5c	whmcs44557592	-	-	-	-	-	-	-	DISCOVER	0.000000	-	-
1776311016.500804	CYorgf1QjuxEieekbb	-	-	8e:10:1f:69:80:ef	whmcs7436262	-	-	-	-	-	-	-	DISCOVER	0.000000	-	-
1776311010.288082	CYorgf1QjuxEieekbb	-	-	8e:10:1f:69:80:e5	whmcs33466917	-	-	-	-	-	-	-	DISCOVER	0.000000	-	-
1776311009.750667	CYorgf1QjuxEieekbb	-	-	8e:10:1f:69:80:83	whmcs45047608	-	-	-	-	-	-	-	DISCOVER	0.000000	-	-
1776311015.579733	CYorgf1QjuxEieekbb	-	-	8e:10:1f:69:80:e4	-	\x08hostname\x06domain\x03tld\x00	-	-	-	-	-	-	DISCOVER	0.000000	-	-
1776311011.422251	CYorgf1QjuxEieekbb	-	-	8e:10:1f:69:80:38	whmcs33376861	-	-	-	-	-	-	-	DISCOVER	0.000000	-	-
1776311013.643998	CYorgf1QjuxEieekbb	-	-	8e:10:1f:69:80:51	whmcs38346804	-	-	-	-	-	-	-	DISCOVER	0.000000	-	-
1776311014.796296	CYorgf1QjuxEieekbb	-	-	8e:10:1f:69:80:14	whmcs38467356	-	-	-	-	-	-	-	DISCOVER	0.000000	-	-
1776311022.063601	CYorgf1QjuxEieekbb	-	-	8e:10:1f:69:80:8f	whmcs17857422	-	-	-	-	-	-	-	DISCOVER	0.000000	-	-
1776311023.366455	CYorgf1QjuxEieekbb	-	-	8e:10:1f:69:80:0b	whmcs44727578	-	-	-	-	-	-	-	DISCOVER	0.000000	-	-
1776311024.253468	CYorgf1QjuxEieekbb	-	-	8e:10:1f:69:80:7a	whmcs35046180	-	-	-	-	-	-	-	DISCOVER	0.000000	-	-
1776311026.261494	CYorgf1QjuxEieekbb	-	-	8e:10:1f:69:80:93	citymind	-	-	-	-	-	-	-	DISCOVER	0.000000	-	-
1776311026.038346	CYorgf1QjuxEieekbb	-	-	8e:10:1f:69:80:65	whmcs42417443	-	-	-	-	-	-	-	DISCOVER	0.000000	-	-
1776311023.715133	CYorgf1QjuxEieekbb	-	-	8e:10:1f:69:80:a9	BTG-HAPROXY	-	-	-	-	-	-	-	DISCOVER	0.000000	-	-
1776311028.356993	CYorgf1QjuxEieekbb	-	-	8e:10:1f:69:80:d2	whmcs33587038	-	-	-	-	-	-	-	DISCOVER	0.000000	-	-
1776311026.113951	CYorgf1QjuxEieekbb	-	-	8e:10:1f:69:80:82	Sagrifood	-	-	-	-	-	-	-	DISCOVER	0.000000	-	-
1776311020.289820	CYorgf1QjuxEieekbb	-	-	8e:10:1f:69:80:95	whmcs17857365	-	-	-	-	-	-	-	DISCOVER	0.000000	-	-
1776311020.708471	CYorgf1QjuxEieekbb	-	-	8e:10:1f:69:70:da	ns6.vnso.vn	-	-	-	-	-	-	-	DISCOVER,DISCOVER	9.906266	-	-
1776311019.328239	CYorgf1QjuxEieekbb	-	-	8e:10:1f:69:80:32	whmcs43867554	-	-	-	-	-	-	-	DISCOVER	0.000000	-	-
1776311021.782932	CYorgf1QjuxEieekbb	-	-	8e:10:1f:69:80:94	watersense	-	-	-	-	-	-	-	DISCOVER	0.000000	-	-
1776311036.447512	CYorgf1QjuxEieekbb	-	-	8e:10:1f:69:80:f1	whmcs24136958	-	-	-	-	-	-	-	DISCOVER	0.000000	-	-
1776311037.575828	CYorgf1QjuxEieekbb	-	-	8e:10:1f:69:80:b7	whmcs22994531	-	-	-	-	-	-	-	DISCOVER	0.000000	-	-
1776311030.455761	CYorgf1QjuxEieekbb	-	-	8e:10:1f:69:80:4e	appginivn	-	-	-	-	-	-	-	DISCOVER	0.000000	-	-
1776311029.835174	CYorgf1QjuxEieekbb	-	-	8e:10:1f:69:80:53	whmcs35046397	-	-	-	-	-	-	-	DISCOVER	0.000000	-	-
1776311032.741894	CYorgf1QjuxEieekbb	-	-	8e:10:1f:69:80:26	whmcs44107513	-	-	-	-	-	-	-	DISCOVER	0.000000	-	-
1776311036.924574	CYorgf1QjuxEieekbb	-	-	8e:10:1f:69:80:af	-	\x04wiki\x0ateknixcorp\x03com\x00	-	-	-	-	-	-	DISCOVER	0.000000	-	-
1776311033.828596	CYorgf1QjuxEieekbb	-	-	8e:10:1f:69:80:0c	nocqtsc-vps	-	-	-	-	-	-	-	DISCOVER	0.000000	-	-
1776311019.647261	CYorgf1QjuxEieekbb	-	-	8e:10:1f:69:80:98	Voice-Gateway-01	-	-	-	-	-	-	-	DISCOVER,DISCOVER,DISCOVER	22.757499	-	-
1776311036.157746	CYorgf1QjuxEieekbb	-	-	8e:10:1f:69:80:6f	-	\x03git\x0ateknixcorp\x03com\x00	-	-	-	-	-	-	DISCOVER	0.000000	-	-
1776311030.797318	CYorgf1QjuxEieekbb	-	-	8e:10:1f:69:80:d1	THTAX-SD	-	-	-	-	-	-	-	DISCOVER	0.000000	-	-
1776311046.250528	CYorgf1QjuxEieekbb	-	-	8e:10:1f:69:80:aa	whmcs40257565	-	-	-	-	-	-	-	DISCOVER	0.000000	-	-
1776311039.100986	CYorgf1QjuxEieekbb	-	-	8e:10:1f:69:80:8d	whmcs43867470	-	-	-	-	-	-	-	DISCOVER	0.000000	-	-
1776311047.686080	CYorgf1QjuxEieekbb	-	-	8e:10:1f:69:80:5b	whmcs40256875	-	-	-	-	-	-	-	DISCOVER	0.000000	-	-
1776311044.833657	CYorgf1QjuxEieekbb	-	-	8e:10:1f:69:80:44	whmcs44637589	-	-	-	-	-	-	-	DISCOVER	0.000000	-	-
1776311040.844996	CYorgf1QjuxEieekbb	-	-	8e:10:1f:69:80:36	whmcs167244	-	-	-	-	-	-	-	DISCOVER	0.000000	-	-
1776311041.886738	CYorgf1QjuxEieekbb	-	-	8e:10:1f:69:80:df	ubuntu	-	-	-	-	-	-	-	DISCOVER	0.000000	-	-
1776311048.188294	CYorgf1QjuxEieekbb	-	-	8e:10:1f:69:80:a8	whmcs38346797	-	-	-	-	-	-	-	DISCOVER	0.000000	-	-
1776311039.994044	CYorgf1QjuxEieekbb	-	-	8e:10:1f:69:80:e7	whmcs28096886	-	-	-	-	-	-	-	DISCOVER	0.000000	-	-
1776311047.504232	CYorgf1QjuxEieekbb	-	-	8e:10:1f:69:80:06	whmcs39566799	-	-	-	-	-	-	-	DISCOVER	0.000000	-	-
1776311046.781214	CYorgf1QjuxEieekbb	-	-	8e:10:1f:69:80:d7	whmcs33587167	-	-	-	-	-	-	-	DISCOVER	0.000000	-	-
1776311041.067286	CYorgf1QjuxEieekbb	-	-	8e:10:1f:69:70:da	ns6.vnso.vn	-	-	-	-	-	-	-	DISCOVER,DISCOVER	11.669093	-	-
1776311048.835193	CYorgf1QjuxEieekbb	-	-	8e:10:1f:69:80:f0	whmcs38467355	-	-	-	-	-	-	-	DISCOVER	0.000000	-	-
1776311041.279444	CYorgf1QjuxEieekbb	-	-	8e:10:1f:69:80:c6	whmcs40537445	-	-	-	-	-	-	-	DISCOVER	0.000000	-	-
1776311056.179265	CYorgf1QjuxEieekbb	-	-	8e:10:1f:69:80:34	whmcs44107515	-	-	-	-	-	-	-	DISCOVER	0.000000	-	-
1776311050.339362	CYorgf1QjuxEieekbb	-	-	8e:10:1f:69:80:4b	whmcs39797117	-	-	-	-	-	-	-	DISCOVER	0.000000	-	-
1776311050.720651	CYorgf1QjuxEieekbb	-	-	8e:10:1f:69:80:4c	whmcs42037223	-	-	-	-	-	-	-	DISCOVER	0.000000	-	-
1776311055.701120	CYorgf1QjuxEieekbb	-	-	8e:10:1f:69:80:66	whmcs40676947	-	-	-	-	-	-	-	DISCOVER	0.000000	-	-
1776311052.760398	CYorgf1QjuxEieekbb	-	-	8e:10:1f:69:80:0e	-	\x04mail\x0ayourdomain\x03com\x00	-	-	-	-	-	-	DISCOVER	0.000000	-	-
1776311056.876518	CYorgf1QjuxEieekbb	-	-	8e:10:1f:69:80:6b	whmcs17857421	-	-	-	-	-	-	-	DISCOVER	0.000000	-	-
1776311054.986728	CYorgf1QjuxEieekbb	-	-	8e:10:1f:69:80:3a	whmcs44007497	-	-	-	-	-	-	-	DISCOVER	0.000000	-	-
1776311053.155420	CYorgf1QjuxEieekbb	-	-	8e:10:1f:69:80:9e	-	\x06miso88\x03com\x00	-	-	-	-	-	-	DISCOVER	0.000000	-	-
1776311049.481120	CYorgf1QjuxEieekbb	-	-	8e:10:1f:69:80:01	whmcs40257536	-	-	-	-	-	-	-	DISCOVER	0.000000	-	-
1776311053.859416	CYorgf1QjuxEieekbb	-	-	8e:10:1f:69:80:ee	whmcs22995971	-	-	-	-	-	-	-	DISCOVER	0.000000	-	-
1776311056.549007	CYorgf1QjuxEieekbb	-	-	8e:10:1f:69:80:b9	whmcs35432	-	-	-	-	-	-	-	DISCOVER	0.000000	-	-
1776311053.846178	CYorgf1QjuxEieekbb	-	-	8e:10:1f:69:80:88	whmcs42467409	-	-	-	-	-	-	-	DISCOVER	0.000000	-	-
1776311063.713813	CYorgf1QjuxEieekbb	-	-	8e:10:1f:69:80:54	whmcs42467323	-	-	-	-	-	-	-	DISCOVER	0.000000	-	-
1776311066.544507	CYorgf1QjuxEieekbb	-	-	8e:10:1f:69:80:52	whmcs30985006	-	-	-	-	-	-	-	DISCOVER	0.000000	-	-
1776311064.824230	CYorgf1QjuxEieekbb	-	-	8e:10:1f:69:80:d0	whmcs35047158	-	-	-	-	-	-	-	DISCOVER	0.000000	-	-
1776311062.143154	CYorgf1QjuxEieekbb	-	-	8e:10:1f:69:80:8e	whmcs39656794	-	-	-	-	-	-	-	DISCOVER	0.000000	-	-
1776311068.297647	CYorgf1QjuxEieekbb	-	-	8e:10:1f:69:80:18	-	\x04mail\x06miso88\x02in\x00	-	-	-	-	-	-	DISCOVER	0.000000	-	-
1776311068.841339	CYorgf1QjuxEieekbb	-	-	8e:10:1f:69:80:1c	whmcs43867538	-	-	-	-	-	-	-	DISCOVER	0.000000	-	-
1776311065.248253	CYorgf1QjuxEieekbb	-	-	8e:10:1f:69:80:31	whmcs38467357	-	-	-	-	-	-	-	DISCOVER	0.000000	-	-
1776311062.872287	CYorgf1QjuxEieekbb	-	-	8e:10:1f:69:80:70	whmcs35849	-	-	-	-	-	-	-	DISCOVER	0.000000	-	-
1776311067.315804	CYorgf1QjuxEieekbb	-	-	8e:10:1f:69:80:c2	whmcs167551	-	-	-	-	-	-	-	DISCOVER	0.000000	-	-
1776311066.948319	CYorgf1QjuxEieekbb	-	-	8e:10:1f:69:80:69	whmcs36097603	-	-	-	-	-	-	-	DISCOVER	0.000000	-	-
1776311055.083189	CYorgf1QjuxEieekbb	-	-	8e:10:1f:69:80:98	Voice-Gateway-01	-	-	-	-	-	-	-	DISCOVER,DISCOVER	8.580233	-	-
1776311062.786222	CYorgf1QjuxEieekbb	-	-	8e:10:1f:69:80:dd	whmcs30547169	-	-	-	-	-	-	-	DISCOVER	0.000000	-	-
1776311059.964781	CYorgf1QjuxEieekbb	-	-	8e:10:1f:69:80:80	whmcs38347220	-	-	-	-	-	-	-	DISCOVER	0.000000	-	-
1776311061.778680	CYorgf1QjuxEieekbb	-	-	8e:10:1f:69:80:bc	whmcs33376906	-	-	-	-	-	-	-	DISCOVER	0.000000	-	-
1776311062.752640	CYorgf1QjuxEieekbb	-	-	8e:10:1f:69:80:f4	whmcs33586910	-	-	-	-	-	-	-	DISCOVER	0.000000	-	-
1776311065.699043	CYorgf1QjuxEieekbb	-	-	8e:10:1f:69:70:da	ns6.vnso.vn	-	-	-	-	-	-	-	DISCOVER	0.000000	-	-
1776311068.453061	CYorgf1QjuxEieekbb	-	-	8e:10:1f:69:80:76	whmcs28096887	-	-	-	-	-	-	-	DISCOVER	0.000000	-	-
1776311074.430579	CYorgf1QjuxEieekbb	-	-	8e:10:1f:69:80:81	ubuntu	-	-	-	-	-	-	-	DISCOVER	0.000000	-	-
1776311074.690906	CYorgf1QjuxEieekbb	-	-	8e:10:1f:69:80:a0	-	\x07project\x0ateknixcorp\x03com\x00	-	-	-	-	-	-	DISCOVER	0.000000	-	-
1776311073.827096	CYorgf1QjuxEieekbb	-	-	8e:10:1f:69:80:a4	whmcs39856890	-	-	-	-	-	-	-	DISCOVER	0.000000	-	-
1776311069.708512	CYorgf1QjuxEieekbb	-	-	8e:10:1f:69:80:b4	whmcs38346614	-	-	-	-	-	-	-	DISCOVER	0.000000	-	-
1776311074.532897	CYorgf1QjuxEieekbb	-	-	8e:10:1f:69:80:e5	whmcs33466917	-	-	-	-	-	-	-	DISCOVER	0.000000	-	-
1776311071.746536	CYorgf1QjuxEieekbb	-	-	8e:10:1f:69:80:5f	whmcs43727450	-	-	-	-	-	-	-	DISCOVER	0.000000	-	-
1776311074.359102	CYorgf1QjuxEieekbb	-	-	8e:10:1f:69:80:83	whmcs45047608	-	-	-	-	-	-	-	DISCOVER	0.000000	-	-
1776311072.207182	CYorgf1QjuxEieekbb	-	-	8e:10:1f:69:80:09	whmcs15397050	-	-	-	-	-	-	-	DISCOVER	0.000000	-	-
1776311070.011475	CYorgf1QjuxEieekbb	-	-	8e:10:1f:69:80:68	whmcs17857335	-	-	-	-	-	-	-	DISCOVER	0.000000	-	-
1776311072.727826	CYorgf1QjuxEieekbb	-	-	8e:10:1f:69:80:a5	whmcs44107514	-	-	-	-	-	-	-	DISCOVER	0.000000	-	-
1776311075.458600	CYorgf1QjuxEieekbb	-	-	8e:10:1f:69:80:38	whmcs33376861	-	-	-	-	-	-	-	DISCOVER	0.000000	-	-
1776311078.551529	CYorgf1QjuxEieekbb	-	-	8e:10:1f:69:80:51	whmcs38346804	-	-	-	-	-	-	-	DISCOVER	0.000000	-	-
1776311070.617458	CYorgf1QjuxEieekbb	-	-	8e:10:1f:69:80:12	whmcs45037605	-	-	-	-	-	-	-	DISCOVER	0.000000	-	-
1776311078.876308	CYorgf1QjuxEieekbb	-	-	8e:10:1f:69:70:da	ns6.vnso.vn	-	-	-	-	-	-	-	DISCOVER	0.000000	-	-
1776311071.083961	CYorgf1QjuxEieekbb	-	-	8e:10:1f:69:80:4f	whmcs42467292	-	-	-	-	-	-	-	DISCOVER	0.000000	-	-
1776311078.984432	CYorgf1QjuxEieekbb	-	-	8e:10:1f:69:80:14	whmcs38467356	-	-	-	-	-	-	-	DISCOVER	0.000000	-	-
1776311085.514563	CYorgf1QjuxEieekbb	-	-	8e:10:1f:69:80:8f	whmcs17857422	-	-	-	-	-	-	-	DISCOVER	0.000000	-	-
1776311087.600236	CYorgf1QjuxEieekbb	-	-	8e:10:1f:69:80:0b	whmcs44727578	-	-	-	-	-	-	-	DISCOVER	0.000000	-	-
1776311080.710493	CYorgf1QjuxEieekbb	-	-	8e:10:1f:69:80:63	whmcs39996845	-	-	-	-	-	-	-	DISCOVER	0.000000	-	-
1776311088.816845	CYorgf1QjuxEieekbb	-	-	8e:10:1f:69:80:7a	whmcs35046180	-	-	-	-	-	-	-	DISCOVER	0.000000	-	-
1776311080.160952	CYorgf1QjuxEieekbb	-	-	8e:10:1f:69:80:c5	whmcs38466921	-	-	-	-	-	-	-	DISCOVER	0.000000	-	-
1776311079.964365	CYorgf1QjuxEieekbb	-	-	8e:10:1f:69:80:5c	whmcs44557592	-	-	-	-	-	-	-	DISCOVER	0.000000	-	-
1776311081.259894	CYorgf1QjuxEieekbb	-	-	8e:10:1f:69:80:ef	whmcs7436262	-	-	-	-	-	-	-	DISCOVER	0.000000	-	-
1776311088.571012	CYorgf1QjuxEieekbb	-	-	8e:10:1f:69:80:a9	BTG-HAPROXY	-	-	-	-	-	-	-	DISCOVER	0.000000	-	-
1776311079.923549	CYorgf1QjuxEieekbb	-	-	8e:10:1f:69:80:e4	-	\x08hostname\x06domain\x03tld\x00	-	-	-	-	-	-	DISCOVER	0.000000	-	-
1776311084.602724	CYorgf1QjuxEieekbb	-	-	8e:10:1f:69:80:95	whmcs17857365	-	-	-	-	-	-	-	DISCOVER	0.000000	-	-
1776311083.138175	CYorgf1QjuxEieekbb	-	-	8e:10:1f:69:80:32	whmcs43867554	-	-	-	-	-	-	-	DISCOVER	0.000000	-	-
1776311085.500897	CYorgf1QjuxEieekbb	-	-	8e:10:1f:69:80:94	watersense	-	-	-	-	-	-	-	DISCOVER	0.000000	-	-
1776311094.763074	CYorgf1QjuxEieekbb	-	-	8e:10:1f:69:80:4e	appginivn	-	-	-	-	-	-	-	DISCOVER	0.000000	-	-
1776311090.523063	CYorgf1QjuxEieekbb	-	-	8e:10:1f:69:80:93	citymind	-	-	-	-	-	-	-	DISCOVER	0.000000	-	-
1776311090.158599	CYorgf1QjuxEieekbb	-	-	8e:10:1f:69:80:65	whmcs42417443	-	-	-	-	-	-	-	DISCOVER	0.000000	-	-
1776311093.028834	CYorgf1QjuxEieekbb	-	-	8e:10:1f:69:80:53	whmcs35046397	-	-	-	-	-	-	-	DISCOVER	0.000000	-	-
1776311096.154554	CYorgf1QjuxEieekbb	-	-	8e:10:1f:69:80:26	whmcs44107513	-	-	-	-	-	-	-	DISCOVER	0.000000	-	-
1776311091.595201	CYorgf1QjuxEieekbb	-	-	8e:10:1f:69:80:d2	whmcs33587038	-	-	-	-	-	-	-	DISCOVER	0.000000	-	-
1776311098.649906	CYorgf1QjuxEieekbb	-	-	8e:10:1f:69:80:0c	nocqtsc-vps	-	-	-	-	-	-	-	DISCOVER	0.000000	-	-
1776311090.678368	CYorgf1QjuxEieekbb	-	-	8e:10:1f:69:80:82	Sagrifood	-	-	-	-	-	-	-	DISCOVER	0.000000	-	-
1776311095.786786	CYorgf1QjuxEieekbb	-	-	8e:10:1f:69:80:d1	THTAX-SD	-	-	-	-	-	-	-	DISCOVER	0.000000	-	-
1776311100.060575	CYorgf1QjuxEieekbb	-	-	8e:10:1f:69:80:f1	whmcs24136958	-	-	-	-	-	-	-	DISCOVER	0.000000	-	-
1776311100.627515	CYorgf1QjuxEieekbb	-	-	8e:10:1f:69:80:b7	whmcs22994531	-	-	-	-	-	-	-	DISCOVER	0.000000	-	-
1776311103.460524	CYorgf1QjuxEieekbb	-	-	8e:10:1f:69:80:8d	whmcs43867470	-	-	-	-	-	-	-	DISCOVER	0.000000	-	-
1776311104.692935	CYorgf1QjuxEieekbb	-	-	8e:10:1f:69:80:36	whmcs167244	-	-	-	-	-	-	-	DISCOVER	0.000000	-	-
1776311105.324100	CYorgf1QjuxEieekbb	-	-	8e:10:1f:69:80:df	ubuntu	-	-	-	-	-	-	-	DISCOVER	0.000000	-	-
1776311100.120049	CYorgf1QjuxEieekbb	-	-	8e:10:1f:69:80:af	-	\x04wiki\x0ateknixcorp\x03com\x00	-	-	-	-	-	-	DISCOVER	0.000000	-	-
1776311105.003726	CYorgf1QjuxEieekbb	-	-	8e:10:1f:69:80:e7	whmcs28096886	-	-	-	-	-	-	-	DISCOVER	0.000000	-	-
1776311101.147359	CYorgf1QjuxEieekbb	-	-	8e:10:1f:69:80:6f	-	\x03git\x0ateknixcorp\x03com\x00	-	-	-	-	-	-	DISCOVER	0.000000	-	-
1776311105.709943	CYorgf1QjuxEieekbb	-	-	8e:10:1f:69:80:c6	whmcs40537445	-	-	-	-	-	-	-	DISCOVER	0.000000	-	-
1776311110.173266	CYorgf1QjuxEieekbb	-	-	8e:10:1f:69:80:aa	whmcs40257565	-	-	-	-	-	-	-	DISCOVER	0.000000	-	-
1776311113.857650	CYorgf1QjuxEieekbb	-	-	8e:10:1f:69:80:4b	whmcs39797117	-	-	-	-	-	-	-	DISCOVER	0.000000	-	-
1776311111.734253	CYorgf1QjuxEieekbb	-	-	8e:10:1f:69:80:5b	whmcs40256875	-	-	-	-	-	-	-	DISCOVER	0.000000	-	-
1776311114.320962	CYorgf1QjuxEieekbb	-	-	8e:10:1f:69:80:4c	whmcs42037223	-	-	-	-	-	-	-	DISCOVER	0.000000	-	-
1776311118.846582	CYorgf1QjuxEieekbb	-	-	8e:10:1f:69:80:66	whmcs40676947	-	-	-	-	-	-	-	DISCOVER	0.000000	-	-
1776311109.187998	CYorgf1QjuxEieekbb	-	-	8e:10:1f:69:80:44	whmcs44637589	-	-	-	-	-	-	-	DISCOVER	0.000000	-	-
1776311117.129305	CYorgf1QjuxEieekbb	-	-	8e:10:1f:69:80:0e	-	\x04mail\x0ayourdomain\x03com\x00	-	-	-	-	-	-	DISCOVER	0.000000	-	-
1776311112.499347	CYorgf1QjuxEieekbb	-	-	8e:10:1f:69:80:a8	whmcs38346797	-	-	-	-	-	-	-	DISCOVER	0.000000	-	-
1776311111.374714	CYorgf1QjuxEieekbb	-	-	8e:10:1f:69:80:06	whmcs39566799	-	-	-	-	-	-	-	DISCOVER	0.000000	-	-
1776311109.861369	CYorgf1QjuxEieekbb	-	-	8e:10:1f:69:80:d7	whmcs33587167	-	-	-	-	-	-	-	DISCOVER	0.000000	-	-
1776311117.477069	CYorgf1QjuxEieekbb	-	-	8e:10:1f:69:80:9e	-	\x06miso88\x03com\x00	-	-	-	-	-	-	DISCOVER	0.000000	-	-
1776311093.033720	CYorgf1QjuxEieekbb	-	-	8e:10:1f:69:70:da	ns6.vnso.vn	-	-	-	-	-	-	-	DISCOVER,DISCOVER,DISCOVER,DISCOVER	34.618310	-	-
1776311113.416320	CYorgf1QjuxEieekbb	-	-	8e:10:1f:69:80:01	whmcs40257536	-	-	-	-	-	-	-	DISCOVER	0.000000	-	-
1776311118.221104	CYorgf1QjuxEieekbb	-	-	8e:10:1f:69:80:ee	whmcs22995971	-	-	-	-	-	-	-	DISCOVER	0.000000	-	-
1776311112.949864	CYorgf1QjuxEieekbb	-	-	8e:10:1f:69:80:f0	whmcs38467355	-	-	-	-	-	-	-	DISCOVER	0.000000	-	-
1776311117.895080	CYorgf1QjuxEieekbb	-	-	8e:10:1f:69:80:88	whmcs42467409	-	-	-	-	-	-	-	DISCOVER	0.000000	-	-
1776311128.448905	CYorgf1QjuxEieekbb	-	-	8e:10:1f:69:80:54	whmcs42467323	-	-	-	-	-	-	-	DISCOVER	0.000000	-	-
1776311128.885603	CYorgf1QjuxEieekbb	-	-	8e:10:1f:69:80:d0	whmcs35047158	-	-	-	-	-	-	-	DISCOVER	0.000000	-	-
1776311120.775174	CYorgf1QjuxEieekbb	-	-	8e:10:1f:69:80:34	whmcs44107515	-	-	-	-	-	-	-	DISCOVER	0.000000	-	-
1776311125.667577	CYorgf1QjuxEieekbb	-	-	8e:10:1f:69:80:8e	whmcs39656794	-	-	-	-	-	-	-	DISCOVER	0.000000	-	-
1776311126.381486	CYorgf1QjuxEieekbb	-	-	8e:10:1f:69:80:70	whmcs35849	-	-	-	-	-	-	-	DISCOVER	0.000000	-	-
1776311121.285928	CYorgf1QjuxEieekbb	-	-	8e:10:1f:69:80:6b	whmcs17857421	-	-	-	-	-	-	-	DISCOVER	0.000000	-	-
1776311119.797118	CYorgf1QjuxEieekbb	-	-	8e:10:1f:69:80:3a	whmcs44007497	-	-	-	-	-	-	-	DISCOVER	0.000000	-	-
1776311124.614929	CYorgf1QjuxEieekbb	-	-	8e:10:1f:69:80:80	whmcs38347220	-	-	-	-	-	-	-	DISCOVER	0.000000	-	-
1776311126.073886	CYorgf1QjuxEieekbb	-	-	8e:10:1f:69:80:dd	whmcs30547169	-	-	-	-	-	-	-	DISCOVER	0.000000	-	-
1776311125.954469	CYorgf1QjuxEieekbb	-	-	8e:10:1f:69:80:bc	whmcs33376906	-	-	-	-	-	-	-	DISCOVER	0.000000	-	-
1776311127.487483	CYorgf1QjuxEieekbb	-	-	8e:10:1f:69:80:f4	whmcs33586910	-	-	-	-	-	-	-	DISCOVER	0.000000	-	-
1776311121.208014	CYorgf1QjuxEieekbb	-	-	8e:10:1f:69:80:b9	whmcs35432	-	-	-	-	-	-	-	DISCOVER	0.000000	-	-
1776311130.376700	CYorgf1QjuxEieekbb	-	-	8e:10:1f:69:80:52	whmcs30985006	-	-	-	-	-	-	-	DISCOVER	0.000000	-	-
1776311133.098177	CYorgf1QjuxEieekbb	-	-	8e:10:1f:69:80:18	-	\x04mail\x06miso88\x02in\x00	-	-	-	-	-	-	DISCOVER	0.000000	-	-
1776311133.837294	CYorgf1QjuxEieekbb	-	-	8e:10:1f:69:80:1c	whmcs43867538	-	-	-	-	-	-	-	DISCOVER	0.000000	-	-
1776311129.170474	CYorgf1QjuxEieekbb	-	-	8e:10:1f:69:80:31	whmcs38467357	-	-	-	-	-	-	-	DISCOVER	0.000000	-	-
1776311138.450497	CYorgf1QjuxEieekbb	-	-	8e:10:1f:69:80:81	ubuntu	-	-	-	-	-	-	-	DISCOVER	0.000000	-	-
1776311137.368033	CYorgf1QjuxEieekbb	-	-	8e:10:1f:69:80:a4	whmcs39856890	-	-	-	-	-	-	-	DISCOVER	0.000000	-	-
1776311131.376425	CYorgf1QjuxEieekbb	-	-	8e:10:1f:69:80:c2	whmcs167551	-	-	-	-	-	-	-	DISCOVER	0.000000	-	-
1776311132.779580	CYorgf1QjuxEieekbb	-	-	8e:10:1f:69:80:b4	whmcs38346614	-	-	-	-	-	-	-	DISCOVER	0.000000	-	-
1776311138.580299	CYorgf1QjuxEieekbb	-	-	8e:10:1f:69:80:e5	whmcs33466917	-	-	-	-	-	-	-	DISCOVER	0.000000	-	-
1776311136.413601	CYorgf1QjuxEieekbb	-	-	8e:10:1f:69:80:5f	whmcs43727450	-	-	-	-	-	-	-	DISCOVER	0.000000	-	-
1776311138.357569	CYorgf1QjuxEieekbb	-	-	8e:10:1f:69:80:83	whmcs45047608	-	-	-	-	-	-	-	DISCOVER	0.000000	-	-
1776311136.711770	CYorgf1QjuxEieekbb	-	-	8e:10:1f:69:80:09	whmcs15397050	-	-	-	-	-	-	-	DISCOVER	0.000000	-	-
1776311133.153810	CYorgf1QjuxEieekbb	-	-	8e:10:1f:69:80:68	whmcs17857335	-	-	-	-	-	-	-	DISCOVER	0.000000	-	-
1776311136.555293	CYorgf1QjuxEieekbb	-	-	8e:10:1f:69:80:a5	whmcs44107514	-	-	-	-	-	-	-	DISCOVER	0.000000	-	-
1776311130.112936	CYorgf1QjuxEieekbb	-	-	8e:10:1f:69:80:69	whmcs36097603	-	-	-	-	-	-	-	DISCOVER	0.000000	-	-
1776311134.572371	CYorgf1QjuxEieekbb	-	-	8e:10:1f:69:80:12	whmcs45037605	-	-	-	-	-	-	-	DISCOVER	0.000000	-	-
1776311131.880012	CYorgf1QjuxEieekbb	-	-	8e:10:1f:69:80:76	whmcs28096887	-	-	-	-	-	-	-	DISCOVER	0.000000	-	-
1776311134.749728	CYorgf1QjuxEieekbb	-	-	8e:10:1f:69:80:4f	whmcs42467292	-	-	-	-	-	-	-	DISCOVER	0.000000	-	-
1776311149.011357	CYorgf1QjuxEieekbb	-	-	8e:10:1f:69:80:8f	whmcs17857422	-	-	-	-	-	-	-	DISCOVER	0.000000	-	-
1776311139.675605	CYorgf1QjuxEieekbb	-	-	8e:10:1f:69:80:a0	-	\x07project\x0ateknixcorp\x03com\x00	-	-	-	-	-	-	DISCOVER	0.000000	-	-
1776311144.890890	CYorgf1QjuxEieekbb	-	-	8e:10:1f:69:80:63	whmcs39996845	-	-	-	-	-	-	-	DISCOVER	0.000000	-	-
1776311144.431993	CYorgf1QjuxEieekbb	-	-	8e:10:1f:69:80:c5	whmcs38466921	-	-	-	-	-	-	-	DISCOVER	0.000000	-	-
1776311143.545301	CYorgf1QjuxEieekbb	-	-	8e:10:1f:69:80:5c	whmcs44557592	-	-	-	-	-	-	-	DISCOVER	0.000000	-	-
1776311146.102148	CYorgf1QjuxEieekbb	-	-	8e:10:1f:69:80:ef	whmcs7436262	-	-	-	-	-	-	-	DISCOVER	0.000000	-	-
1776311144.906521	CYorgf1QjuxEieekbb	-	-	8e:10:1f:69:80:e4	-	\x08hostname\x06domain\x03tld\x00	-	-	-	-	-	-	DISCOVER	0.000000	-	-
1776311139.048113	CYorgf1QjuxEieekbb	-	-	8e:10:1f:69:80:38	whmcs33376861	-	-	-	-	-	-	-	DISCOVER	0.000000	-	-
1776311148.933759	CYorgf1QjuxEieekbb	-	-	8e:10:1f:69:80:95	whmcs17857365	-	-	-	-	-	-	-	DISCOVER	0.000000	-	-
1776311142.140737	CYorgf1QjuxEieekbb	-	-	8e:10:1f:69:80:51	whmcs38346804	-	-	-	-	-	-	-	DISCOVER	0.000000	-	-
1776311139.166766	CYorgf1QjuxEieekbb	-	-	8e:10:1f:69:70:da	ns6.vnso.vn	-	-	-	-	-	-	-	DISCOVER,DISCOVER	10.683243	-	-
1776311148.104422	CYorgf1QjuxEieekbb	-	-	8e:10:1f:69:80:32	whmcs43867554	-	-	-	-	-	-	-	DISCOVER	0.000000	-	-
1776311143.090281	CYorgf1QjuxEieekbb	-	-	8e:10:1f:69:80:14	whmcs38467356	-	-	-	-	-	-	-	DISCOVER	0.000000	-	-
1776311158.502890	CYorgf1QjuxEieekbb	-	-	8e:10:1f:69:80:4e	appginivn	-	-	-	-	-	-	-	DISCOVER	0.000000	-	-
1776311151.049422	CYorgf1QjuxEieekbb	-	-	8e:10:1f:69:80:0b	whmcs44727578	-	-	-	-	-	-	-	DISCOVER	0.000000	-	-
1776311153.409280	CYorgf1QjuxEieekbb	-	-	8e:10:1f:69:80:7a	whmcs35046180	-	-	-	-	-	-	-	DISCOVER	0.000000	-	-
1776311154.859207	CYorgf1QjuxEieekbb	-	-	8e:10:1f:69:80:65	whmcs42417443	-	-	-	-	-	-	-	DISCOVER	0.000000	-	-
1776311154.684873	CYorgf1QjuxEieekbb	-	-	8e:10:1f:69:80:93	citymind	-	-	-	-	-	-	-	DISCOVER	0.000000	-	-
1776311152.404522	CYorgf1QjuxEieekbb	-	-	8e:10:1f:69:80:a9	BTG-HAPROXY	-	-	-	-	-	-	-	DISCOVER	0.000000	-	-
1776311157.490716	CYorgf1QjuxEieekbb	-	-	8e:10:1f:69:80:53	whmcs35046397	-	-	-	-	-	-	-	DISCOVER	0.000000	-	-
1776311156.132421	CYorgf1QjuxEieekbb	-	-	8e:10:1f:69:80:d2	whmcs33587038	-	-	-	-	-	-	-	DISCOVER	0.000000	-	-
1776311155.012586	CYorgf1QjuxEieekbb	-	-	8e:10:1f:69:80:82	Sagrifood	-	-	-	-	-	-	-	DISCOVER	0.000000	-	-
1776311149.296528	CYorgf1QjuxEieekbb	-	-	8e:10:1f:69:80:94	watersense	-	-	-	-	-	-	-	DISCOVER	0.000000	-	-
1776311164.303824	CYorgf1QjuxEieekbb	-	-	8e:10:1f:69:80:f1	whmcs24136958	-	-	-	-	-	-	-	DISCOVER	0.000000	-	-
1776311164.149215	CYorgf1QjuxEieekbb	-	-	8e:10:1f:69:80:b7	whmcs22994531	-	-	-	-	-	-	-	DISCOVER	0.000000	-	-
1776311166.508420	CYorgf1QjuxEieekbb	-	-	8e:10:1f:69:80:8d	whmcs43867470	-	-	-	-	-	-	-	DISCOVER	0.000000	-	-
1776311168.376658	CYorgf1QjuxEieekbb	-	-	8e:10:1f:69:80:36	whmcs167244	-	-	-	-	-	-	-	DISCOVER	0.000000	-	-
1776311159.560548	CYorgf1QjuxEieekbb	-	-	8e:10:1f:69:80:26	whmcs44107513	-	-	-	-	-	-	-	DISCOVER	0.000000	-	-
1776311163.991841	CYorgf1QjuxEieekbb	-	-	8e:10:1f:69:80:af	-	\x04wiki\x0ateknixcorp\x03com\x00	-	-	-	-	-	-	DISCOVER	0.000000	-	-
1776311162.545113	CYorgf1QjuxEieekbb	-	-	8e:10:1f:69:80:0c	nocqtsc-vps	-	-	-	-	-	-	-	DISCOVER	0.000000	-	-
1776311165.775595	CYorgf1QjuxEieekbb	-	-	8e:10:1f:69:80:6f	-	\x03git\x0ateknixcorp\x03com\x00	-	-	-	-	-	-	DISCOVER	0.000000	-	-
1776311160.049300	CYorgf1QjuxEieekbb	-	-	8e:10:1f:69:80:d1	THTAX-SD	-	-	-	-	-	-	-	DISCOVER	0.000000	-	-
1776311173.971434	CYorgf1QjuxEieekbb	-	-	8e:10:1f:69:80:aa	whmcs40257565	-	-	-	-	-	-	-	DISCOVER	0.000000	-	-
1776311178.375860	CYorgf1QjuxEieekbb	-	-	8e:10:1f:69:80:4b	whmcs39797117	-	-	-	-	-	-	-	DISCOVER	0.000000	-	-
1776311175.789042	CYorgf1QjuxEieekbb	-	-	8e:10:1f:69:80:5b	whmcs40256875	-	-	-	-	-	-	-	DISCOVER	0.000000	-	-
1776311177.781763	CYorgf1QjuxEieekbb	-	-	8e:10:1f:69:80:4c	whmcs42037223	-	-	-	-	-	-	-	DISCOVER	0.000000	-	-
1776311172.432314	CYorgf1QjuxEieekbb	-	-	8e:10:1f:69:80:44	whmcs44637589	-	-	-	-	-	-	-	DISCOVER	0.000000	-	-
1776311170.134080	CYorgf1QjuxEieekbb	-	-	8e:10:1f:69:80:df	ubuntu	-	-	-	-	-	-	-	DISCOVER	0.000000	-	-
1776311177.049154	CYorgf1QjuxEieekbb	-	-	8e:10:1f:69:80:a8	whmcs38346797	-	-	-	-	-	-	-	DISCOVER	0.000000	-	-
1776311169.845154	CYorgf1QjuxEieekbb	-	-	8e:10:1f:69:80:e7	whmcs28096886	-	-	-	-	-	-	-	DISCOVER	0.000000	-	-
1776311175.539227	CYorgf1QjuxEieekbb	-	-	8e:10:1f:69:80:06	whmcs39566799	-	-	-	-	-	-	-	DISCOVER	0.000000	-	-
1776311174.212561	CYorgf1QjuxEieekbb	-	-	8e:10:1f:69:80:d7	whmcs33587167	-	-	-	-	-	-	-	DISCOVER	0.000000	-	-
1776311170.974656	CYorgf1QjuxEieekbb	-	-	8e:10:1f:69:70:da	ns6.vnso.vn	-	-	-	-	-	-	-	DISCOVER,DISCOVER	10.532198	-	-
1776311178.286033	CYorgf1QjuxEieekbb	-	-	8e:10:1f:69:80:01	whmcs40257536	-	-	-	-	-	-	-	DISCOVER	0.000000	-	-
1776311177.734822	CYorgf1QjuxEieekbb	-	-	8e:10:1f:69:80:f0	whmcs38467355	-	-	-	-	-	-	-	DISCOVER	0.000000	-	-
1776311169.088183	CYorgf1QjuxEieekbb	-	-	8e:10:1f:69:80:c6	whmcs40537445	-	-	-	-	-	-	-	DISCOVER	0.000000	-	-
1776311185.704298	CYorgf1QjuxEieekbb	-	-	8e:10:1f:69:80:34	whmcs44107515	-	-	-	-	-	-	-	DISCOVER	0.000000	-	-
1776311188.783233	CYorgf1QjuxEieekbb	-	-	8e:10:1f:69:80:8e	whmcs39656794	-	-	-	-	-	-	-	DISCOVER	0.000000	-	-
1776311182.301944	CYorgf1QjuxEieekbb	-	-	8e:10:1f:69:80:66	whmcs40676947	-	-	-	-	-	-	-	DISCOVER	0.000000	-	-
1776311181.693630	CYorgf1QjuxEieekbb	-	-	8e:10:1f:69:80:0e	-	\x04mail\x0ayourdomain\x03com\x00	-	-	-	-	-	-	DISCOVER	0.000000	-	-
1776311184.944477	CYorgf1QjuxEieekbb	-	-	8e:10:1f:69:80:6b	whmcs17857421	-	-	-	-	-	-	-	DISCOVER	0.000000	-	-
1776311183.128273	CYorgf1QjuxEieekbb	-	-	8e:10:1f:69:80:3a	whmcs44007497	-	-	-	-	-	-	-	DISCOVER	0.000000	-	-
1776311187.696433	CYorgf1QjuxEieekbb	-	-	8e:10:1f:69:80:80	whmcs38347220	-	-	-	-	-	-	-	DISCOVER	0.000000	-	-
1776311182.374898	CYorgf1QjuxEieekbb	-	-	8e:10:1f:69:80:9e	-	\x06miso88\x03com\x00	-	-	-	-	-	-	DISCOVER	0.000000	-	-
1776311181.856255	CYorgf1QjuxEieekbb	-	-	8e:10:1f:69:80:ee	whmcs22995971	-	-	-	-	-	-	-	DISCOVER	0.000000	-	-
1776311185.220536	CYorgf1QjuxEieekbb	-	-	8e:10:1f:69:80:b9	whmcs35432	-	-	-	-	-	-	-	DISCOVER	0.000000	-	-
1776311181.586484	CYorgf1QjuxEieekbb	-	-	8e:10:1f:69:80:88	whmcs42467409	-	-	-	-	-	-	-	DISCOVER	0.000000	-	-
1776311192.831028	CYorgf1QjuxEieekbb	-	-	8e:10:1f:69:80:54	whmcs42467323	-	-	-	-	-	-	-	DISCOVER	0.000000	-	-
1776311194.304126	CYorgf1QjuxEieekbb	-	-	8e:10:1f:69:80:52	whmcs30985006	-	-	-	-	-	-	-	DISCOVER	0.000000	-	-
1776311192.239812	CYorgf1QjuxEieekbb	-	-	8e:10:1f:69:80:d0	whmcs35047158	-	-	-	-	-	-	-	DISCOVER	0.000000	-	-
1776311197.325694	CYorgf1QjuxEieekbb	-	-	8e:10:1f:69:80:18	-	\x04mail\x06miso88\x02in\x00	-	-	-	-	-	-	DISCOVER	0.000000	-	-
1776311197.813464	CYorgf1QjuxEieekbb	-	-	8e:10:1f:69:80:1c	whmcs43867538	-	-	-	-	-	-	-	DISCOVER	0.000000	-	-
1776311193.435348	CYorgf1QjuxEieekbb	-	-	8e:10:1f:69:80:31	whmcs38467357	-	-	-	-	-	-	-	DISCOVER	0.000000	-	-
1776311190.863551	CYorgf1QjuxEieekbb	-	-	8e:10:1f:69:80:70	whmcs35849	-	-	-	-	-	-	-	DISCOVER	0.000000	-	-
1776311195.937212	CYorgf1QjuxEieekbb	-	-	8e:10:1f:69:80:c2	whmcs167551	-	-	-	-	-	-	-	DISCOVER	0.000000	-	-
1776311196.557158	CYorgf1QjuxEieekbb	-	-	8e:10:1f:69:80:b4	whmcs38346614	-	-	-	-	-	-	-	DISCOVER	0.000000	-	-
1776311197.983748	CYorgf1QjuxEieekbb	-	-	8e:10:1f:69:80:68	whmcs17857335	-	-	-	-	-	-	-	DISCOVER	0.000000	-	-
1776311194.357065	CYorgf1QjuxEieekbb	-	-	8e:10:1f:69:80:69	whmcs36097603	-	-	-	-	-	-	-	DISCOVER	0.000000	-	-
1776311190.695309	CYorgf1QjuxEieekbb	-	-	8e:10:1f:69:80:dd	whmcs30547169	-	-	-	-	-	-	-	DISCOVER	0.000000	-	-
1776311189.248418	CYorgf1QjuxEieekbb	-	-	8e:10:1f:69:80:bc	whmcs33376906	-	-	-	-	-	-	-	DISCOVER	0.000000	-	-
1776311191.013664	CYorgf1QjuxEieekbb	-	-	8e:10:1f:69:80:f4	whmcs33586910	-	-	-	-	-	-	-	DISCOVER	0.000000	-	-
1776311192.245407	CYorgf1QjuxEieekbb	-	-	8e:10:1f:69:70:da	ns6.vnso.vn	-	-	-	-	-	-	-	DISCOVER	0.000000	-	-
1776311195.031310	CYorgf1QjuxEieekbb	-	-	8e:10:1f:69:80:76	whmcs28096887	-	-	-	-	-	-	-	DISCOVER	0.000000	-	-
1776311198.917250	CYorgf1QjuxEieekbb	-	-	8e:10:1f:69:80:4f	whmcs42467292	-	-	-	-	-	-	-	DISCOVER	0.000000	-	-
1776311202.665983	CYorgf1QjuxEieekbb	-	-	8e:10:1f:69:80:81	ubuntu	-	-	-	-	-	-	-	DISCOVER	0.000000	-	-
1776311203.704645	CYorgf1QjuxEieekbb	-	-	8e:10:1f:69:80:a0	-	\x07project\x0ateknixcorp\x03com\x00	-	-	-	-	-	-	DISCOVER	0.000000	-	-
1776311201.925309	CYorgf1QjuxEieekbb	-	-	8e:10:1f:69:80:a4	whmcs39856890	-	-	-	-	-	-	-	DISCOVER	0.000000	-	-
1776311207.689351	CYorgf1QjuxEieekbb	-	-	8e:10:1f:69:80:c5	whmcs38466921	-	-	-	-	-	-	-	DISCOVER	0.000000	-	-
1776311208.466466	CYorgf1QjuxEieekbb	-	-	8e:10:1f:69:80:5c	whmcs44557592	-	-	-	-	-	-	-	DISCOVER	0.000000	-	-
1776311202.817516	CYorgf1QjuxEieekbb	-	-	8e:10:1f:69:80:e5	whmcs33466917	-	-	-	-	-	-	-	DISCOVER	0.000000	-	-
1776311200.367468	CYorgf1QjuxEieekbb	-	-	8e:10:1f:69:80:5f	whmcs43727450	-	-	-	-	-	-	-	DISCOVER	0.000000	-	-
1776311203.300887	CYorgf1QjuxEieekbb	-	-	8e:10:1f:69:80:83	whmcs45047608	-	-	-	-	-	-	-	DISCOVER	0.000000	-	-
1776311201.537670	CYorgf1QjuxEieekbb	-	-	8e:10:1f:69:80:09	whmcs15397050	-	-	-	-	-	-	-	DISCOVER	0.000000	-	-
1776311199.735219	CYorgf1QjuxEieekbb	-	-	8e:10:1f:69:80:a5	whmcs44107514	-	-	-	-	-	-	-	DISCOVER	0.000000	-	-
1776311208.909347	CYorgf1QjuxEieekbb	-	-	8e:10:1f:69:80:e4	-	\x08hostname\x06domain\x03tld\x00	-	-	-	-	-	-	DISCOVER	0.000000	-	-
1776311203.835589	CYorgf1QjuxEieekbb	-	-	8e:10:1f:69:80:38	whmcs33376861	-	-	-	-	-	-	-	DISCOVER	0.000000	-	-
1776311206.412033	CYorgf1QjuxEieekbb	-	-	8e:10:1f:69:80:51	whmcs38346804	-	-	-	-	-	-	-	DISCOVER	0.000000	-	-
1776311199.152925	CYorgf1QjuxEieekbb	-	-	8e:10:1f:69:80:12	whmcs45037605	-	-	-	-	-	-	-	DISCOVER	0.000000	-	-
1776311207.617605	CYorgf1QjuxEieekbb	-	-	8e:10:1f:69:80:14	whmcs38467356	-	-	-	-	-	-	-	DISCOVER	0.000000	-	-
1776311212.478284	CYorgf1QjuxEieekbb	-	-	8e:10:1f:69:80:8f	whmcs17857422	-	-	-	-	-	-	-	DISCOVER	0.000000	-	-
1776311215.458722	CYorgf1QjuxEieekbb	-	-	8e:10:1f:69:80:0b	whmcs44727578	-	-	-	-	-	-	-	DISCOVER	0.000000	-	-
1776311209.133287	CYorgf1QjuxEieekbb	-	-	8e:10:1f:69:80:63	whmcs39996845	-	-	-	-	-	-	-	DISCOVER	0.000000	-	-
1776311217.340208	CYorgf1QjuxEieekbb	-	-	8e:10:1f:69:80:7a	whmcs35046180	-	-	-	-	-	-	-	DISCOVER	0.000000	-	-
1776311218.036018	CYorgf1QjuxEieekbb	-	-	8e:10:1f:69:80:65	whmcs42417443	-	-	-	-	-	-	-	DISCOVER	0.000000	-	-
1776311217.991195	CYorgf1QjuxEieekbb	-	-	8e:10:1f:69:80:93	citymind	-	-	-	-	-	-	-	DISCOVER	0.000000	-	-
1776311209.857180	CYorgf1QjuxEieekbb	-	-	8e:10:1f:69:80:ef	whmcs7436262	-	-	-	-	-	-	-	DISCOVER	0.000000	-	-
1776311216.965626	CYorgf1QjuxEieekbb	-	-	8e:10:1f:69:80:a9	BTG-HAPROXY	-	-	-	-	-	-	-	DISCOVER	0.000000	-	-
1776311212.041028	CYorgf1QjuxEieekbb	-	-	8e:10:1f:69:80:95	whmcs17857365	-	-	-	-	-	-	-	DISCOVER	0.000000	-	-
1776311212.433674	CYorgf1QjuxEieekbb	-	-	8e:10:1f:69:70:da	ns6.vnso.vn	-	-	-	-	-	-	-	DISCOVER	0.000000	-	-
1776311211.566678	CYorgf1QjuxEieekbb	-	-	8e:10:1f:69:80:32	whmcs43867554	-	-	-	-	-	-	-	DISCOVER	0.000000	-	-
1776311213.866079	CYorgf1QjuxEieekbb	-	-	8e:10:1f:69:80:94	watersense	-	-	-	-	-	-	-	DISCOVER	0.000000	-	-
1776311228.708341	CYorgf1QjuxEieekbb	-	-	8e:10:1f:69:80:b7	whmcs22994531	-	-	-	-	-	-	-	DISCOVER	0.000000	-	-
1776311221.613403	CYorgf1QjuxEieekbb	-	-	8e:10:1f:69:80:4e	appginivn	-	-	-	-	-	-	-	DISCOVER	0.000000	-	-
1776311222.397925	CYorgf1QjuxEieekbb	-	-	8e:10:1f:69:80:53	whmcs35046397	-	-	-	-	-	-	-	DISCOVER	0.000000	-	-
1776311223.502699	CYorgf1QjuxEieekbb	-	-	8e:10:1f:69:80:26	whmcs44107513	-	-	-	-	-	-	-	DISCOVER	0.000000	-	-
1776311227.278187	CYorgf1QjuxEieekbb	-	-	8e:10:1f:69:80:af	-	\x04wiki\x0ateknixcorp\x03com\x00	-	-	-	-	-	-	DISCOVER	0.000000	-	-
1776311219.899999	CYorgf1QjuxEieekbb	-	-	8e:10:1f:69:80:d2	whmcs33587038	-	-	-	-	-	-	-	DISCOVER	0.000000	-	-
1776311226.561706	CYorgf1QjuxEieekbb	-	-	8e:10:1f:69:80:0c	nocqtsc-vps	-	-	-	-	-	-	-	DISCOVER	0.000000	-	-
1776311219.770230	CYorgf1QjuxEieekbb	-	-	8e:10:1f:69:80:82	Sagrifood	-	-	-	-	-	-	-	DISCOVER	0.000000	-	-
1776311224.297157	CYorgf1QjuxEieekbb	-	-	8e:10:1f:69:80:d1	THTAX-SD	-	-	-	-	-	-	-	DISCOVER	0.000000	-	-
1776311229.240656	CYorgf1QjuxEieekbb	-	-	8e:10:1f:69:80:f1	whmcs24136958	-	-	-	-	-	-	-	DISCOVER	0.000000	-	-
1776311238.233679	CYorgf1QjuxEieekbb	-	-	8e:10:1f:69:80:aa	whmcs40257565	-	-	-	-	-	-	-	DISCOVER	0.000000	-	-
1776311230.518358	CYorgf1QjuxEieekbb	-	-	8e:10:1f:69:80:8d	whmcs43867470	-	-	-	-	-	-	-	DISCOVER	0.000000	-	-
1776311236.014426	CYorgf1QjuxEieekbb	-	-	8e:10:1f:69:80:44	whmcs44637589	-	-	-	-	-	-	-	DISCOVER	0.000000	-	-
1776311232.676637	CYorgf1QjuxEieekbb	-	-	8e:10:1f:69:80:36	whmcs167244	-	-	-	-	-	-	-	DISCOVER	0.000000	-	-
1776311234.687753	CYorgf1QjuxEieekbb	-	-	8e:10:1f:69:80:df	ubuntu	-	-	-	-	-	-	-	DISCOVER	0.000000	-	-
1776311234.152950	CYorgf1QjuxEieekbb	-	-	8e:10:1f:69:80:e7	whmcs28096886	-	-	-	-	-	-	-	DISCOVER	0.000000	-	-
1776311238.920578	CYorgf1QjuxEieekbb	-	-	8e:10:1f:69:80:06	whmcs39566799	-	-	-	-	-	-	-	DISCOVER	0.000000	-	-
1776311238.243605	CYorgf1QjuxEieekbb	-	-	8e:10:1f:69:80:d7	whmcs33587167	-	-	-	-	-	-	-	DISCOVER	0.000000	-	-
1776311229.666561	CYorgf1QjuxEieekbb	-	-	8e:10:1f:69:80:6f	-	\x03git\x0ateknixcorp\x03com\x00	-	-	-	-	-	-	DISCOVER	0.000000	-	-
1776311232.341296	CYorgf1QjuxEieekbb	-	-	8e:10:1f:69:80:c6	whmcs40537445	-	-	-	-	-	-	-	DISCOVER	0.000000	-	-
1776311241.436756	CYorgf1QjuxEieekbb	-	-	8e:10:1f:69:80:4b	whmcs39797117	-	-	-	-	-	-	-	DISCOVER	0.000000	-	-
1776311239.408544	CYorgf1QjuxEieekbb	-	-	8e:10:1f:69:80:5b	whmcs40256875	-	-	-	-	-	-	-	DISCOVER	0.000000	-	-
1776311242.350077	CYorgf1QjuxEieekbb	-	-	8e:10:1f:69:80:4c	whmcs42037223	-	-	-	-	-	-	-	DISCOVER	0.000000	-	-
1776311246.954658	CYorgf1QjuxEieekbb	-	-	8e:10:1f:69:80:66	whmcs40676947	-	-	-	-	-	-	-	DISCOVER	0.000000	-	-
1776311246.212633	CYorgf1QjuxEieekbb	-	-	8e:10:1f:69:80:0e	-	\x04mail\x0ayourdomain\x03com\x00	-	-	-	-	-	-	DISCOVER	0.000000	-	-
1776311241.176117	CYorgf1QjuxEieekbb	-	-	8e:10:1f:69:80:a8	whmcs38346797	-	-	-	-	-	-	-	DISCOVER	0.000000	-	-
1776311247.573890	CYorgf1QjuxEieekbb	-	-	8e:10:1f:69:80:3a	whmcs44007497	-	-	-	-	-	-	-	DISCOVER	0.000000	-	-
1776311247.332969	CYorgf1QjuxEieekbb	-	-	8e:10:1f:69:80:9e	-	\x06miso88\x03com\x00	-	-	-	-	-	-	DISCOVER	0.000000	-	-
1776311241.529302	CYorgf1QjuxEieekbb	-	-	8e:10:1f:69:80:01	whmcs40257536	-	-	-	-	-	-	-	DISCOVER	0.000000	-	-
1776311246.094172	CYorgf1QjuxEieekbb	-	-	8e:10:1f:69:80:ee	whmcs22995971	-	-	-	-	-	-	-	DISCOVER	0.000000	-	-
1776311240.851302	CYorgf1QjuxEieekbb	-	-	8e:10:1f:69:80:f0	whmcs38467355	-	-	-	-	-	-	-	DISCOVER	0.000000	-	-
1776311246.355392	CYorgf1QjuxEieekbb	-	-	8e:10:1f:69:80:88	whmcs42467409	-	-	-	-	-	-	-	DISCOVER	0.000000	-	-
1776311256.957038	CYorgf1QjuxEieekbb	-	-	8e:10:1f:69:80:54	whmcs42467323	-	-	-	-	-	-	-	DISCOVER	0.000000	-	-
1776311258.008731	CYorgf1QjuxEieekbb	-	-	8e:10:1f:69:80:52	whmcs30985006	-	-	-	-	-	-	-	DISCOVER	0.000000	-	-
1776311256.452860	CYorgf1QjuxEieekbb	-	-	8e:10:1f:69:80:d0	whmcs35047158	-	-	-	-	-	-	-	DISCOVER	0.000000	-	-
1776311250.066063	CYorgf1QjuxEieekbb	-	-	8e:10:1f:69:80:34	whmcs44107515	-	-	-	-	-	-	-	DISCOVER	0.000000	-	-
1776311253.734667	CYorgf1QjuxEieekbb	-	-	8e:10:1f:69:80:8e	whmcs39656794	-	-	-	-	-	-	-	DISCOVER	0.000000	-	-
1776311257.768374	CYorgf1QjuxEieekbb	-	-	8e:10:1f:69:80:31	whmcs38467357	-	-	-	-	-	-	-	DISCOVER	0.000000	-	-
1776311254.014868	CYorgf1QjuxEieekbb	-	-	8e:10:1f:69:80:70	whmcs35849	-	-	-	-	-	-	-	DISCOVER	0.000000	-	-
1776311249.270051	CYorgf1QjuxEieekbb	-	-	8e:10:1f:69:80:6b	whmcs17857421	-	-	-	-	-	-	-	DISCOVER	0.000000	-	-
1776311257.399920	CYorgf1QjuxEieekbb	-	-	8e:10:1f:69:80:69	whmcs36097603	-	-	-	-	-	-	-	DISCOVER	0.000000	-	-
1776311251.524518	CYorgf1QjuxEieekbb	-	-	8e:10:1f:69:80:80	whmcs38347220	-	-	-	-	-	-	-	DISCOVER	0.000000	-	-
1776311254.214487	CYorgf1QjuxEieekbb	-	-	8e:10:1f:69:80:dd	whmcs30547169	-	-	-	-	-	-	-	DISCOVER	0.000000	-	-
1776311253.526860	CYorgf1QjuxEieekbb	-	-	8e:10:1f:69:80:bc	whmcs33376906	-	-	-	-	-	-	-	DISCOVER	0.000000	-	-
1776311254.848910	CYorgf1QjuxEieekbb	-	-	8e:10:1f:69:80:f4	whmcs33586910	-	-	-	-	-	-	-	DISCOVER	0.000000	-	-
1776311230.817568	CYorgf1QjuxEieekbb	-	-	8e:10:1f:69:70:da	ns6.vnso.vn	-	-	-	-	-	-	-	DISCOVER,DISCOVER,DISCOVER,DISCOVER	26.544976	-	-
1776311249.424959	CYorgf1QjuxEieekbb	-	-	8e:10:1f:69:80:b9	whmcs35432	-	-	-	-	-	-	-	DISCOVER	0.000000	-	-
1776311261.646139	CYorgf1QjuxEieekbb	-	-	8e:10:1f:69:80:1c	whmcs43867538	-	-	-	-	-	-	-	DISCOVER	0.000000	-	-
1776311261.863938	CYorgf1QjuxEieekbb	-	-	8e:10:1f:69:80:18	-	\x04mail\x06miso88\x02in\x00	-	-	-	-	-	-	DISCOVER	0.000000	-	-
1776311265.955847	CYorgf1QjuxEieekbb	-	-	8e:10:1f:69:80:81	ubuntu	-	-	-	-	-	-	-	DISCOVER	0.000000	-	-
1776311268.173934	CYorgf1QjuxEieekbb	-	-	8e:10:1f:69:80:a0	-	\x07project\x0ateknixcorp\x03com\x00	-	-	-	-	-	-	DISCOVER	0.000000	-	-
1776311266.885502	CYorgf1QjuxEieekbb	-	-	8e:10:1f:69:80:a4	whmcs39856890	-	-	-	-	-	-	-	DISCOVER	0.000000	-	-
1776311259.665788	CYorgf1QjuxEieekbb	-	-	8e:10:1f:69:80:b4	whmcs38346614	-	-	-	-	-	-	-	DISCOVER	0.000000	-	-
1776311259.668057	CYorgf1QjuxEieekbb	-	-	8e:10:1f:69:80:c2	whmcs167551	-	-	-	-	-	-	-	DISCOVER	0.000000	-	-
1776311265.886046	CYorgf1QjuxEieekbb	-	-	8e:10:1f:69:80:e5	whmcs33466917	-	-	-	-	-	-	-	DISCOVER	0.000000	-	-
1776311263.535831	CYorgf1QjuxEieekbb	-	-	8e:10:1f:69:80:5f	whmcs43727450	-	-	-	-	-	-	-	DISCOVER	0.000000	-	-
1776311266.541079	CYorgf1QjuxEieekbb	-	-	8e:10:1f:69:80:83	whmcs45047608	-	-	-	-	-	-	-	DISCOVER	0.000000	-	-
1776311266.049365	CYorgf1QjuxEieekbb	-	-	8e:10:1f:69:80:09	whmcs15397050	-	-	-	-	-	-	-	DISCOVER	0.000000	-	-
1776311262.824804	CYorgf1QjuxEieekbb	-	-	8e:10:1f:69:80:68	whmcs17857335	-	-	-	-	-	-	-	DISCOVER	0.000000	-	-
1776311263.716830	CYorgf1QjuxEieekbb	-	-	8e:10:1f:69:80:a5	whmcs44107514	-	-	-	-	-	-	-	DISCOVER	0.000000	-	-
1776311267.968322	CYorgf1QjuxEieekbb	-	-	8e:10:1f:69:80:38	whmcs33376861	-	-	-	-	-	-	-	DISCOVER	0.000000	-	-
1776311262.627556	CYorgf1QjuxEieekbb	-	-	8e:10:1f:69:80:12	whmcs45037605	-	-	-	-	-	-	-	DISCOVER	0.000000	-	-
1776311259.283479	CYorgf1QjuxEieekbb	-	-	8e:10:1f:69:80:76	whmcs28096887	-	-	-	-	-	-	-	DISCOVER	0.000000	-	-
1776311262.885732	CYorgf1QjuxEieekbb	-	-	8e:10:1f:69:80:4f	whmcs42467292	-	-	-	-	-	-	-	DISCOVER	0.000000	-	-
1776311276.480017	CYorgf1QjuxEieekbb	-	-	8e:10:1f:69:80:8f	whmcs17857422	-	-	-	-	-	-	-	DISCOVER	0.000000	-	-
1776311274.002265	CYorgf1QjuxEieekbb	-	-	8e:10:1f:69:80:63	whmcs39996845	-	-	-	-	-	-	-	DISCOVER	0.000000	-	-
1776311271.434636	CYorgf1QjuxEieekbb	-	-	8e:10:1f:69:80:c5	whmcs38466921	-	-	-	-	-	-	-	DISCOVER	0.000000	-	-
1776311271.550445	CYorgf1QjuxEieekbb	-	-	8e:10:1f:69:80:5c	whmcs44557592	-	-	-	-	-	-	-	DISCOVER	0.000000	-	-
1776311274.815054	CYorgf1QjuxEieekbb	-	-	8e:10:1f:69:80:ef	whmcs7436262	-	-	-	-	-	-	-	DISCOVER	0.000000	-	-
1776311273.097315	CYorgf1QjuxEieekbb	-	-	8e:10:1f:69:80:e4	-	\x08hostname\x06domain\x03tld\x00	-	-	-	-	-	-	DISCOVER	0.000000	-	-
1776311275.475940	CYorgf1QjuxEieekbb	-	-	8e:10:1f:69:80:95	whmcs17857365	-	-	-	-	-	-	-	DISCOVER	0.000000	-	-
1776311269.924119	CYorgf1QjuxEieekbb	-	-	8e:10:1f:69:80:51	whmcs38346804	-	-	-	-	-	-	-	DISCOVER	0.000000	-	-
1776311275.620696	CYorgf1QjuxEieekbb	-	-	8e:10:1f:69:70:da	ns6.vnso.vn	-	-	-	-	-	-	-	DISCOVER	0.000000	-	-
1776311274.926109	CYorgf1QjuxEieekbb	-	-	8e:10:1f:69:80:32	whmcs43867554	-	-	-	-	-	-	-	DISCOVER	0.000000	-	-
1776311278.042943	CYorgf1QjuxEieekbb	-	-	8e:10:1f:69:80:94	watersense	-	-	-	-	-	-	-	DISCOVER	0.000000	-	-
1776311271.520145	CYorgf1QjuxEieekbb	-	-	8e:10:1f:69:80:14	whmcs38467356	-	-	-	-	-	-	-	DISCOVER	0.000000	-	-
1776311285.461266	CYorgf1QjuxEieekbb	-	-	8e:10:1f:69:80:4e	appginivn	-	-	-	-	-	-	-	DISCOVER	0.000000	-	-
1776311280.091498	CYorgf1QjuxEieekbb	-	-	8e:10:1f:69:80:0b	whmcs44727578	-	-	-	-	-	-	-	DISCOVER	0.000000	-	-
1776311280.356566	CYorgf1QjuxEieekbb	-	-	8e:10:1f:69:80:7a	whmcs35046180	-	-	-	-	-	-	-	DISCOVER	0.000000	-	-
1776311282.889454	CYorgf1QjuxEieekbb	-	-	8e:10:1f:69:80:65	whmcs42417443	-	-	-	-	-	-	-	DISCOVER	0.000000	-	-
1776311282.046698	CYorgf1QjuxEieekbb	-	-	8e:10:1f:69:80:93	citymind	-	-	-	-	-	-	-	DISCOVER	0.000000	-	-
1776311281.369605	CYorgf1QjuxEieekbb	-	-	8e:10:1f:69:80:a9	BTG-HAPROXY	-	-	-	-	-	-	-	DISCOVER	0.000000	-	-
1776311287.338262	CYorgf1QjuxEieekbb	-	-	8e:10:1f:69:80:53	whmcs35046397	-	-	-	-	-	-	-	DISCOVER	0.000000	-	-
1776311288.394409	CYorgf1QjuxEieekbb	-	-	8e:10:1f:69:80:26	whmcs44107513	-	-	-	-	-	-	-	DISCOVER	0.000000	-	-
1776311283.770445	CYorgf1QjuxEieekbb	-	-	8e:10:1f:69:80:d2	whmcs33587038	-	-	-	-	-	-	-	DISCOVER	0.000000	-	-
1776311284.202101	CYorgf1QjuxEieekbb	-	-	8e:10:1f:69:80:82	Sagrifood	-	-	-	-	-	-	-	DISCOVER	0.000000	-	-
1776311292.802639	CYorgf1QjuxEieekbb	-	-	8e:10:1f:69:80:f1	whmcs24136958	-	-	-	-	-	-	-	DISCOVER	0.000000	-	-
1776311291.742381	CYorgf1QjuxEieekbb	-	-	8e:10:1f:69:80:b7	whmcs22994531	-	-	-	-	-	-	-	DISCOVER	0.000000	-	-
1776311294.503489	CYorgf1QjuxEieekbb	-	-	8e:10:1f:69:80:8d	whmcs43867470	-	-	-	-	-	-	-	DISCOVER	0.000000	-	-
1776311297.060121	CYorgf1QjuxEieekbb	-	-	8e:10:1f:69:80:36	whmcs167244	-	-	-	-	-	-	-	DISCOVER	0.000000	-	-
1776311298.211095	CYorgf1QjuxEieekbb	-	-	8e:10:1f:69:80:df	ubuntu	-	-	-	-	-	-	-	DISCOVER	0.000000	-	-
1776311291.745063	CYorgf1QjuxEieekbb	-	-	8e:10:1f:69:80:af	-	\x04wiki\x0ateknixcorp\x03com\x00	-	-	-	-	-	-	DISCOVER	0.000000	-	-
1776311297.172297	CYorgf1QjuxEieekbb	-	-	8e:10:1f:69:80:e7	whmcs28096886	-	-	-	-	-	-	-	DISCOVER	0.000000	-	-
1776311291.108413	CYorgf1QjuxEieekbb	-	-	8e:10:1f:69:80:0c	nocqtsc-vps	-	-	-	-	-	-	-	DISCOVER	0.000000	-	-
1776311294.413387	CYorgf1QjuxEieekbb	-	-	8e:10:1f:69:80:6f	-	\x03git\x0ateknixcorp\x03com\x00	-	-	-	-	-	-	DISCOVER	0.000000	-	-
1776311293.443075	CYorgf1QjuxEieekbb	-	-	8e:10:1f:69:70:da	ns6.vnso.vn	-	-	-	-	-	-	-	DISCOVER	0.000000	-	-
1776311289.226267	CYorgf1QjuxEieekbb	-	-	8e:10:1f:69:80:d1	THTAX-SD	-	-	-	-	-	-	-	DISCOVER	0.000000	-	-
1776311296.410833	CYorgf1QjuxEieekbb	-	-	8e:10:1f:69:80:c6	whmcs40537445	-	-	-	-	-	-	-	DISCOVER	0.000000	-	-
1776311302.896248	CYorgf1QjuxEieekbb	-	-	8e:10:1f:69:80:aa	whmcs40257565	-	-	-	-	-	-	-	DISCOVER	0.000000	-	-
1776311306.235985	CYorgf1QjuxEieekbb	-	-	8e:10:1f:69:80:4b	whmcs39797117	-	-	-	-	-	-	-	DISCOVER	0.000000	-	-
1776311303.731598	CYorgf1QjuxEieekbb	-	-	8e:10:1f:69:80:5b	whmcs40256875	-	-	-	-	-	-	-	DISCOVER	0.000000	-	-
1776311306.521193	CYorgf1QjuxEieekbb	-	-	8e:10:1f:69:80:4c	whmcs42037223	-	-	-	-	-	-	-	DISCOVER	0.000000	-	-
1776311300.711954	CYorgf1QjuxEieekbb	-	-	8e:10:1f:69:80:44	whmcs44637589	-	-	-	-	-	-	-	DISCOVER	0.000000	-	-
1776311305.508787	CYorgf1QjuxEieekbb	-	-	8e:10:1f:69:80:a8	whmcs38346797	-	-	-	-	-	-	-	DISCOVER	0.000000	-	-
1776311303.400393	CYorgf1QjuxEieekbb	-	-	8e:10:1f:69:80:06	whmcs39566799	-	-	-	-	-	-	-	DISCOVER	0.000000	-	-
1776311301.306373	CYorgf1QjuxEieekbb	-	-	8e:10:1f:69:80:d7	whmcs33587167	-	-	-	-	-	-	-	DISCOVER	0.000000	-	-
1776311306.223403	CYorgf1QjuxEieekbb	-	-	8e:10:1f:69:80:01	whmcs40257536	-	-	-	-	-	-	-	DISCOVER	0.000000	-	-
1776311305.853032	CYorgf1QjuxEieekbb	-	-	8e:10:1f:69:80:f0	whmcs38467355	-	-	-	-	-	-	-	DISCOVER	0.000000	-	-
1776311314.322053	CYorgf1QjuxEieekbb	-	-	8e:10:1f:69:80:34	whmcs44107515	-	-	-	-	-	-	-	DISCOVER	0.000000	-	-
1776311317.033140	CYorgf1QjuxEieekbb	-	-	8e:10:1f:69:80:8e	whmcs39656794	-	-	-	-	-	-	-	DISCOVER	0.000000	-	-
1776311317.378159	CYorgf1QjuxEieekbb	-	-	8e:10:1f:69:80:70	whmcs35849	-	-	-	-	-	-	-	DISCOVER	0.000000	-	-
1776311311.795293	CYorgf1QjuxEieekbb	-	-	8e:10:1f:69:80:66	whmcs40676947	-	-	-	-	-	-	-	DISCOVER	0.000000	-	-
1776311309.530281	CYorgf1QjuxEieekbb	-	-	8e:10:1f:69:80:0e	-	\x04mail\x0ayourdomain\x03com\x00	-	-	-	-	-	-	DISCOVER	0.000000	-	-
1776311312.387489	CYorgf1QjuxEieekbb	-	-	8e:10:1f:69:80:6b	whmcs17857421	-	-	-	-	-	-	-	DISCOVER	0.000000	-	-
1776311311.872088	CYorgf1QjuxEieekbb	-	-	8e:10:1f:69:80:3a	whmcs44007497	-	-	-	-	-	-	-	DISCOVER	0.000000	-	-
1776311315.815247	CYorgf1QjuxEieekbb	-	-	8e:10:1f:69:80:80	whmcs38347220	-	-	-	-	-	-	-	DISCOVER	0.000000	-	-
1776311318.719689	CYorgf1QjuxEieekbb	-	-	8e:10:1f:69:80:dd	whmcs30547169	-	-	-	-	-	-	-	DISCOVER	0.000000	-	-
1776311317.824811	CYorgf1QjuxEieekbb	-	-	8e:10:1f:69:80:bc	whmcs33376906	-	-	-	-	-	-	-	DISCOVER	0.000000	-	-
1776311318.870703	CYorgf1QjuxEieekbb	-	-	8e:10:1f:69:80:f4	whmcs33586910	-	-	-	-	-	-	-	DISCOVER	0.000000	-	-
1776311311.293230	CYorgf1QjuxEieekbb	-	-	8e:10:1f:69:80:9e	-	\x06miso88\x03com\x00	-	-	-	-	-	-	DISCOVER	0.000000	-	-
1776311309.553579	CYorgf1QjuxEieekbb	-	-	8e:10:1f:69:80:ee	whmcs22995971	-	-	-	-	-	-	-	DISCOVER	0.000000	-	-
1776311312.841247	CYorgf1QjuxEieekbb	-	-	8e:10:1f:69:80:b9	whmcs35432	-	-	-	-	-	-	-	DISCOVER	0.000000	-	-
1776311309.799710	CYorgf1QjuxEieekbb	-	-	8e:10:1f:69:80:88	whmcs42467409	-	-	-	-	-	-	-	DISCOVER	0.000000	-	-
1776311320.036671	CYorgf1QjuxEieekbb	-	-	8e:10:1f:69:80:54	whmcs42467323	-	-	-	-	-	-	-	DISCOVER	0.000000	-	-
1776311322.760103	CYorgf1QjuxEieekbb	-	-	8e:10:1f:69:80:52	whmcs30985006	-	-	-	-	-	-	-	DISCOVER	0.000000	-	-
1776311320.939825	CYorgf1QjuxEieekbb	-	-	8e:10:1f:69:80:d0	whmcs35047158	-	-	-	-	-	-	-	DISCOVER	0.000000	-	-
1776311325.294321	CYorgf1QjuxEieekbb	-	-	8e:10:1f:69:80:1c	whmcs43867538	-	-	-	-	-	-	-	DISCOVER	0.000000	-	-
1776311325.958415	CYorgf1QjuxEieekbb	-	-	8e:10:1f:69:80:18	-	\x04mail\x06miso88\x02in\x00	-	-	-	-	-	-	DISCOVER	0.000000	-	-
1776311322.033461	CYorgf1QjuxEieekbb	-	-	8e:10:1f:69:80:31	whmcs38467357	-	-	-	-	-	-	-	DISCOVER	0.000000	-	-
1776311322.706062	CYorgf1QjuxEieekbb	-	-	8e:10:1f:69:80:b4	whmcs38346614	-	-	-	-	-	-	-	DISCOVER	0.000000	-	-
1776311323.836737	CYorgf1QjuxEieekbb	-	-	8e:10:1f:69:80:c2	whmcs167551	-	-	-	-	-	-	-	DISCOVER	0.000000	-	-
1776311328.393518	CYorgf1QjuxEieekbb	-	-	8e:10:1f:69:80:5f	whmcs43727450	-	-	-	-	-	-	-	DISCOVER	0.000000	-	-
1776311327.205504	CYorgf1QjuxEieekbb	-	-	8e:10:1f:69:80:68	whmcs17857335	-	-	-	-	-	-	-	DISCOVER	0.000000	-	-
1776311327.691151	CYorgf1QjuxEieekbb	-	-	8e:10:1f:69:80:a5	whmcs44107514	-	-	-	-	-	-	-	DISCOVER	0.000000	-	-
1776311322.253767	CYorgf1QjuxEieekbb	-	-	8e:10:1f:69:80:69	whmcs36097603	-	-	-	-	-	-	-	DISCOVER	0.000000	-	-
1776311327.551278	CYorgf1QjuxEieekbb	-	-	8e:10:1f:69:80:12	whmcs45037605	-	-	-	-	-	-	-	DISCOVER	0.000000	-	-
1776311323.150567	CYorgf1QjuxEieekbb	-	-	8e:10:1f:69:80:76	whmcs28096887	-	-	-	-	-	-	-	DISCOVER	0.000000	-	-
1776311326.381146	CYorgf1QjuxEieekbb	-	-	8e:10:1f:69:80:4f	whmcs42467292	-	-	-	-	-	-	-	DISCOVER	0.000000	-	-
1776311330.446478	CYorgf1QjuxEieekbb	-	-	8e:10:1f:69:80:81	ubuntu	-	-	-	-	-	-	-	DISCOVER	0.000000	-	-
1776311332.157283	CYorgf1QjuxEieekbb	-	-	8e:10:1f:69:80:a0	-	\x07project\x0ateknixcorp\x03com\x00	-	-	-	-	-	-	DISCOVER	0.000000	-	-
1776311338.430466	CYorgf1QjuxEieekbb	-	-	8e:10:1f:69:80:63	whmcs39996845	-	-	-	-	-	-	-	DISCOVER	0.000000	-	-
1776311330.328314	CYorgf1QjuxEieekbb	-	-	8e:10:1f:69:80:a4	whmcs39856890	-	-	-	-	-	-	-	DISCOVER	0.000000	-	-
1776311335.295398	CYorgf1QjuxEieekbb	-	-	8e:10:1f:69:80:c5	whmcs38466921	-	-	-	-	-	-	-	DISCOVER	0.000000	-	-
1776311336.345214	CYorgf1QjuxEieekbb	-	-	8e:10:1f:69:80:5c	whmcs44557592	-	-	-	-	-	-	-	DISCOVER	0.000000	-	-
1776311338.348613	CYorgf1QjuxEieekbb	-	-	8e:10:1f:69:80:ef	whmcs7436262	-	-	-	-	-	-	-	DISCOVER	0.000000	-	-
1776311330.237877	CYorgf1QjuxEieekbb	-	-	8e:10:1f:69:80:e5	whmcs33466917	-	-	-	-	-	-	-	DISCOVER	0.000000	-	-
1776311329.690263	CYorgf1QjuxEieekbb	-	-	8e:10:1f:69:80:83	whmcs45047608	-	-	-	-	-	-	-	DISCOVER	0.000000	-	-
1776311329.413227	CYorgf1QjuxEieekbb	-	-	8e:10:1f:69:80:09	whmcs15397050	-	-	-	-	-	-	-	DISCOVER	0.000000	-	-
1776311336.687723	CYorgf1QjuxEieekbb	-	-	8e:10:1f:69:80:e4	-	\x08hostname\x06domain\x03tld\x00	-	-	-	-	-	-	DISCOVER	0.000000	-	-
1776311332.233294	CYorgf1QjuxEieekbb	-	-	8e:10:1f:69:80:38	whmcs33376861	-	-	-	-	-	-	-	DISCOVER	0.000000	-	-
1776311338.582520	CYorgf1QjuxEieekbb	-	-	8e:10:1f:69:80:95	whmcs17857365	-	-	-	-	-	-	-	DISCOVER	0.000000	-	-
1776311334.596609	CYorgf1QjuxEieekbb	-	-	8e:10:1f:69:80:51	whmcs38346804	-	-	-	-	-	-	-	DISCOVER	0.000000	-	-
1776311338.254298	CYorgf1QjuxEieekbb	-	-	8e:10:1f:69:80:32	whmcs43867554	-	-	-	-	-	-	-	DISCOVER	0.000000	-	-
1776311334.677361	CYorgf1QjuxEieekbb	-	-	8e:10:1f:69:80:14	whmcs38467356	-	-	-	-	-	-	-	DISCOVER	0.000000	-	-
1776311341.045710	CYorgf1QjuxEieekbb	-	-	8e:10:1f:69:80:8f	whmcs17857422	-	-	-	-	-	-	-	DISCOVER	0.000000	-	-
1776311344.656206	CYorgf1QjuxEieekbb	-	-	8e:10:1f:69:80:0b	whmcs44727578	-	-	-	-	-	-	-	DISCOVER	0.000000	-	-
1776311344.176416	CYorgf1QjuxEieekbb	-	-	8e:10:1f:69:80:7a	whmcs35046180	-	-	-	-	-	-	-	DISCOVER	0.000000	-	-
1776311347.757306	CYorgf1QjuxEieekbb	-	-	8e:10:1f:69:80:65	whmcs42417443	-	-	-	-	-	-	-	DISCOVER	0.000000	-	-
1776311346.204109	CYorgf1QjuxEieekbb	-	-	8e:10:1f:69:80:93	citymind	-	-	-	-	-	-	-	DISCOVER	0.000000	-	-
1776311344.496047	CYorgf1QjuxEieekbb	-	-	8e:10:1f:69:80:a9	BTG-HAPROXY	-	-	-	-	-	-	-	DISCOVER	0.000000	-	-
1776311347.158237	CYorgf1QjuxEieekbb	-	-	8e:10:1f:69:80:d2	whmcs33587038	-	-	-	-	-	-	-	DISCOVER	0.000000	-	-
1776311348.571432	CYorgf1QjuxEieekbb	-	-	8e:10:1f:69:80:82	Sagrifood	-	-	-	-	-	-	-	DISCOVER	0.000000	-	-
1776311341.709674	CYorgf1QjuxEieekbb	-	-	8e:10:1f:69:80:94	watersense	-	-	-	-	-	-	-	DISCOVER	0.000000	-	-
1776311357.350390	CYorgf1QjuxEieekbb	-	-	8e:10:1f:69:80:f1	whmcs24136958	-	-	-	-	-	-	-	DISCOVER	0.000000	-	-
1776311356.204021	CYorgf1QjuxEieekbb	-	-	8e:10:1f:69:80:b7	whmcs22994531	-	-	-	-	-	-	-	DISCOVER	0.000000	-	-
1776311357.896245	CYorgf1QjuxEieekbb	-	-	8e:10:1f:69:80:8d	whmcs43867470	-	-	-	-	-	-	-	DISCOVER	0.000000	-	-
1776311349.658165	CYorgf1QjuxEieekbb	-	-	8e:10:1f:69:80:4e	appginivn	-	-	-	-	-	-	-	DISCOVER	0.000000	-	-
1776311352.263761	CYorgf1QjuxEieekbb	-	-	8e:10:1f:69:80:53	whmcs35046397	-	-	-	-	-	-	-	DISCOVER	0.000000	-	-
1776311352.231377	CYorgf1QjuxEieekbb	-	-	8e:10:1f:69:80:26	whmcs44107513	-	-	-	-	-	-	-	DISCOVER	0.000000	-	-
1776311356.392474	CYorgf1QjuxEieekbb	-	-	8e:10:1f:69:80:af	-	\x04wiki\x0ateknixcorp\x03com\x00	-	-	-	-	-	-	DISCOVER	0.000000	-	-
1776311355.842542	CYorgf1QjuxEieekbb	-	-	8e:10:1f:69:80:0c	nocqtsc-vps	-	-	-	-	-	-	-	DISCOVER	0.000000	-	-
1776311357.764571	CYorgf1QjuxEieekbb	-	-	8e:10:1f:69:80:6f	-	\x03git\x0ateknixcorp\x03com\x00	-	-	-	-	-	-	DISCOVER	0.000000	-	-
1776311353.653476	CYorgf1QjuxEieekbb	-	-	8e:10:1f:69:80:d1	THTAX-SD	-	-	-	-	-	-	-	DISCOVER	0.000000	-	-
1776311366.474208	CYorgf1QjuxEieekbb	-	-	8e:10:1f:69:80:aa	whmcs40257565	-	-	-	-	-	-	-	DISCOVER	0.000000	-	-
1776311366.894335	CYorgf1QjuxEieekbb	-	-	8e:10:1f:69:80:5b	whmcs40256875	-	-	-	-	-	-	-	DISCOVER	0.000000	-	-
1776311364.825096	CYorgf1QjuxEieekbb	-	-	8e:10:1f:69:80:44	whmcs44637589	-	-	-	-	-	-	-	DISCOVER	0.000000	-	-
1776311360.759244	CYorgf1QjuxEieekbb	-	-	8e:10:1f:69:80:36	whmcs167244	-	-	-	-	-	-	-	DISCOVER	0.000000	-	-
1776311361.251243	CYorgf1QjuxEieekbb	-	-	8e:10:1f:69:80:df	ubuntu	-	-	-	-	-	-	-	DISCOVER	0.000000	-	-
1776311361.218210	CYorgf1QjuxEieekbb	-	-	8e:10:1f:69:80:e7	whmcs28096886	-	-	-	-	-	-	-	DISCOVER	0.000000	-	-
1776311367.381611	CYorgf1QjuxEieekbb	-	-	8e:10:1f:69:80:06	whmcs39566799	-	-	-	-	-	-	-	DISCOVER	0.000000	-	-
1776311365.772265	CYorgf1QjuxEieekbb	-	-	8e:10:1f:69:80:d7	whmcs33587167	-	-	-	-	-	-	-	DISCOVER	0.000000	-	-
1776311367.249237	CYorgf1QjuxEieekbb	-	-	8e:10:1f:69:80:98	Voice-Gateway-01	-	-	-	-	-	-	-	DISCOVER,DISCOVER	5.045602	-	-
1776311368.913994	CYorgf1QjuxEieekbb	-	-	8e:10:1f:69:80:f0	whmcs38467355	-	-	-	-	-	-	-	DISCOVER	0.000000	-	-
1776311360.913046	CYorgf1QjuxEieekbb	-	-	8e:10:1f:69:80:c6	whmcs40537445	-	-	-	-	-	-	-	DISCOVER	0.000000	-	-
1776311377.586558	CYorgf1QjuxEieekbb	-	-	8e:10:1f:69:80:34	whmcs44107515	-	-	-	-	-	-	-	DISCOVER	0.000000	-	-
1776311369.295911	CYorgf1QjuxEieekbb	-	-	8e:10:1f:69:80:4b	whmcs39797117	-	-	-	-	-	-	-	DISCOVER	0.000000	-	-
1776311370.600633	CYorgf1QjuxEieekbb	-	-	8e:10:1f:69:80:4c	whmcs42037223	-	-	-	-	-	-	-	DISCOVER	0.000000	-	-
1776311376.272324	CYorgf1QjuxEieekbb	-	-	8e:10:1f:69:80:66	whmcs40676947	-	-	-	-	-	-	-	DISCOVER	0.000000	-	-
1776311372.805186	CYorgf1QjuxEieekbb	-	-	8e:10:1f:69:80:0e	-	\x04mail\x0ayourdomain\x03com\x00	-	-	-	-	-	-	DISCOVER	0.000000	-	-
1776311377.351198	CYorgf1QjuxEieekbb	-	-	8e:10:1f:69:80:6b	whmcs17857421	-	-	-	-	-	-	-	DISCOVER	0.000000	-	-
1776311370.398369	CYorgf1QjuxEieekbb	-	-	8e:10:1f:69:80:a8	whmcs38346797	-	-	-	-	-	-	-	DISCOVER	0.000000	-	-
1776311376.113482	CYorgf1QjuxEieekbb	-	-	8e:10:1f:69:80:3a	whmcs44007497	-	-	-	-	-	-	-	DISCOVER	0.000000	-	-
1776311378.948214	CYorgf1QjuxEieekbb	-	-	8e:10:1f:69:80:80	whmcs38347220	-	-	-	-	-	-	-	DISCOVER	0.000000	-	-
1776311374.980882	CYorgf1QjuxEieekbb	-	-	8e:10:1f:69:80:9e	-	\x06miso88\x03com\x00	-	-	-	-	-	-	DISCOVER	0.000000	-	-
1776311369.250716	CYorgf1QjuxEieekbb	-	-	8e:10:1f:69:80:01	whmcs40257536	-	-	-	-	-	-	-	DISCOVER	0.000000	-	-
1776311373.235072	CYorgf1QjuxEieekbb	-	-	8e:10:1f:69:80:ee	whmcs22995971	-	-	-	-	-	-	-	DISCOVER	0.000000	-	-
1776311376.112882	CYorgf1QjuxEieekbb	-	-	8e:10:1f:69:80:b9	whmcs35432	-	-	-	-	-	-	-	DISCOVER	0.000000	-	-
1776311373.474677	CYorgf1QjuxEieekbb	-	-	8e:10:1f:69:80:88	whmcs42467409	-	-	-	-	-	-	-	DISCOVER	0.000000	-	-
1776311383.978085	CYorgf1QjuxEieekbb	-	-	8e:10:1f:69:80:54	whmcs42467323	-	-	-	-	-	-	-	DISCOVER	0.000000	-	-
1776311386.791810	CYorgf1QjuxEieekbb	-	-	8e:10:1f:69:80:52	whmcs30985006	-	-	-	-	-	-	-	DISCOVER	0.000000	-	-
1776311385.605286	CYorgf1QjuxEieekbb	-	-	8e:10:1f:69:80:d0	whmcs35047158	-	-	-	-	-	-	-	DISCOVER	0.000000	-	-
1776311380.538177	CYorgf1QjuxEieekbb	-	-	8e:10:1f:69:80:8e	whmcs39656794	-	-	-	-	-	-	-	DISCOVER	0.000000	-	-
1776311386.935654	CYorgf1QjuxEieekbb	-	-	8e:10:1f:69:80:31	whmcs38467357	-	-	-	-	-	-	-	DISCOVER	0.000000	-	-
1776311380.626006	CYorgf1QjuxEieekbb	-	-	8e:10:1f:69:80:70	whmcs35849	-	-	-	-	-	-	-	DISCOVER	0.000000	-	-
1776311387.336957	CYorgf1QjuxEieekbb	-	-	8e:10:1f:69:80:b4	whmcs38346614	-	-	-	-	-	-	-	DISCOVER	0.000000	-	-
1776311388.218986	CYorgf1QjuxEieekbb	-	-	8e:10:1f:69:80:c2	whmcs167551	-	-	-	-	-	-	-	DISCOVER	0.000000	-	-
1776311385.303239	CYorgf1QjuxEieekbb	-	-	8e:10:1f:69:80:69	whmcs36097603	-	-	-	-	-	-	-	DISCOVER	0.000000	-	-
1776311382.041476	CYorgf1QjuxEieekbb	-	-	8e:10:1f:69:80:dd	whmcs30547169	-	-	-	-	-	-	-	DISCOVER	0.000000	-	-
1776311381.415586	CYorgf1QjuxEieekbb	-	-	8e:10:1f:69:80:bc	whmcs33376906	-	-	-	-	-	-	-	DISCOVER	0.000000	-	-
1776311383.509186	CYorgf1QjuxEieekbb	-	-	8e:10:1f:69:80:f4	whmcs33586910	-	-	-	-	-	-	-	DISCOVER	0.000000	-	-
1776311381.779704	CYorgf1QjuxEieekbb	-	-	8e:10:1f:69:80:98	Voice-Gateway-01	-	-	-	-	-	-	-	DISCOVER,DISCOVER	8.935693	-	-
1776311386.198090	CYorgf1QjuxEieekbb	-	-	8e:10:1f:69:80:76	whmcs28096887	-	-	-	-	-	-	-	DISCOVER	0.000000	-	-
1776311389.677109	CYorgf1QjuxEieekbb	-	-	8e:10:1f:69:80:1c	whmcs43867538	-	-	-	-	-	-	-	DISCOVER	0.000000	-	-
1776311390.906951	CYorgf1QjuxEieekbb	-	-	8e:10:1f:69:80:18	-	\x04mail\x06miso88\x02in\x00	-	-	-	-	-	-	DISCOVER	0.000000	-	-
1776311393.919539	CYorgf1QjuxEieekbb	-	-	8e:10:1f:69:80:81	ubuntu	-	-	-	-	-	-	-	DISCOVER	0.000000	-	-
1776311395.673604	CYorgf1QjuxEieekbb	-	-	8e:10:1f:69:80:a0	-	\x07project\x0ateknixcorp\x03com\x00	-	-	-	-	-	-	DISCOVER	0.000000	-	-
1776311394.806270	CYorgf1QjuxEieekbb	-	-	8e:10:1f:69:80:a4	whmcs39856890	-	-	-	-	-	-	-	DISCOVER	0.000000	-	-
1776311398.815587	CYorgf1QjuxEieekbb	-	-	8e:10:1f:69:80:c5	whmcs38466921	-	-	-	-	-	-	-	DISCOVER	0.000000	-	-
1776311394.741914	CYorgf1QjuxEieekbb	-	-	8e:10:1f:69:80:e5	whmcs33466917	-	-	-	-	-	-	-	DISCOVER	0.000000	-	-
1776311393.288880	CYorgf1QjuxEieekbb	-	-	8e:10:1f:69:80:5f	whmcs43727450	-	-	-	-	-	-	-	DISCOVER	0.000000	-	-
1776311393.213442	CYorgf1QjuxEieekbb	-	-	8e:10:1f:69:80:83	whmcs45047608	-	-	-	-	-	-	-	DISCOVER	0.000000	-	-
1776311392.764777	CYorgf1QjuxEieekbb	-	-	8e:10:1f:69:80:09	whmcs15397050	-	-	-	-	-	-	-	DISCOVER	0.000000	-	-
1776311390.345603	CYorgf1QjuxEieekbb	-	-	8e:10:1f:69:80:68	whmcs17857335	-	-	-	-	-	-	-	DISCOVER	0.000000	-	-
1776311391.296305	CYorgf1QjuxEieekbb	-	-	8e:10:1f:69:80:a5	whmcs44107514	-	-	-	-	-	-	-	DISCOVER	0.000000	-	-
1776311395.442429	CYorgf1QjuxEieekbb	-	-	8e:10:1f:69:80:38	whmcs33376861	-	-	-	-	-	-	-	DISCOVER	0.000000	-	-
1776311398.279341	CYorgf1QjuxEieekbb	-	-	8e:10:1f:69:80:51	whmcs38346804	-	-	-	-	-	-	-	DISCOVER	0.000000	-	-
1776311391.948923	CYorgf1QjuxEieekbb	-	-	8e:10:1f:69:80:12	whmcs45037605	-	-	-	-	-	-	-	DISCOVER	0.000000	-	-
1776311391.333138	CYorgf1QjuxEieekbb	-	-	8e:10:1f:69:80:4f	whmcs42467292	-	-	-	-	-	-	-	DISCOVER	0.000000	-	-
1776311405.353326	CYorgf1QjuxEieekbb	-	-	8e:10:1f:69:80:8f	whmcs17857422	-	-	-	-	-	-	-	DISCOVER	0.000000	-	-
1776311408.093022	CYorgf1QjuxEieekbb	-	-	8e:10:1f:69:80:0b	whmcs44727578	-	-	-	-	-	-	-	DISCOVER	0.000000	-	-
1776311402.238954	CYorgf1QjuxEieekbb	-	-	8e:10:1f:69:80:63	whmcs39996845	-	-	-	-	-	-	-	DISCOVER	0.000000	-	-
1776311408.402261	CYorgf1QjuxEieekbb	-	-	8e:10:1f:69:80:7a	whmcs35046180	-	-	-	-	-	-	-	DISCOVER	0.000000	-	-
1776311401.107638	CYorgf1QjuxEieekbb	-	-	8e:10:1f:69:80:5c	whmcs44557592	-	-	-	-	-	-	-	DISCOVER	0.000000	-	-
1776311401.990505	CYorgf1QjuxEieekbb	-	-	8e:10:1f:69:80:ef	whmcs7436262	-	-	-	-	-	-	-	DISCOVER	0.000000	-	-
1776311408.904749	CYorgf1QjuxEieekbb	-	-	8e:10:1f:69:80:a9	BTG-HAPROXY	-	-	-	-	-	-	-	DISCOVER	0.000000	-	-
1776311400.664005	CYorgf1QjuxEieekbb	-	-	8e:10:1f:69:80:e4	-	\x08hostname\x06domain\x03tld\x00	-	-	-	-	-	-	DISCOVER	0.000000	-	-
1776311402.640083	CYorgf1QjuxEieekbb	-	-	8e:10:1f:69:80:95	whmcs17857365	-	-	-	-	-	-	-	DISCOVER	0.000000	-	-
1776311399.296278	CYorgf1QjuxEieekbb	-	-	8e:10:1f:69:80:98	Voice-Gateway-01	-	-	-	-	-	-	-	DISCOVER	0.000000	-	-
1776311403.233535	CYorgf1QjuxEieekbb	-	-	8e:10:1f:69:80:32	whmcs43867554	-	-	-	-	-	-	-	DISCOVER	0.000000	-	-
1776311405.328779	CYorgf1QjuxEieekbb	-	-	8e:10:1f:69:80:94	watersense	-	-	-	-	-	-	-	DISCOVER	0.000000	-	-
1776311399.453545	CYorgf1QjuxEieekbb	-	-	8e:10:1f:69:80:14	whmcs38467356	-	-	-	-	-	-	-	DISCOVER	0.000000	-	-
1776311413.942727	CYorgf1QjuxEieekbb	-	-	8e:10:1f:69:80:4e	appginivn	-	-	-	-	-	-	-	DISCOVER	0.000000	-	-
1776311410.626784	CYorgf1QjuxEieekbb	-	-	8e:10:1f:69:80:93	citymind	-	-	-	-	-	-	-	DISCOVER	0.000000	-	-
1776311412.046871	CYorgf1QjuxEieekbb	-	-	8e:10:1f:69:80:65	whmcs42417443	-	-	-	-	-	-	-	DISCOVER	0.000000	-	-
1776311415.357149	CYorgf1QjuxEieekbb	-	-	8e:10:1f:69:80:53	whmcs35046397	-	-	-	-	-	-	-	DISCOVER	0.000000	-	-
1776311416.343045	CYorgf1QjuxEieekbb	-	-	8e:10:1f:69:80:26	whmcs44107513	-	-	-	-	-	-	-	DISCOVER	0.000000	-	-
1776311410.715221	CYorgf1QjuxEieekbb	-	-	8e:10:1f:69:80:d2	whmcs33587038	-	-	-	-	-	-	-	DISCOVER	0.000000	-	-
1776311412.401405	CYorgf1QjuxEieekbb	-	-	8e:10:1f:69:80:82	Sagrifood	-	-	-	-	-	-	-	DISCOVER	0.000000	-	-
1776311418.018647	CYorgf1QjuxEieekbb	-	-	8e:10:1f:69:80:d1	THTAX-SD	-	-	-	-	-	-	-	DISCOVER	0.000000	-	-
1776311421.281617	CYorgf1QjuxEieekbb	-	-	8e:10:1f:69:80:f1	whmcs24136958	-	-	-	-	-	-	-	DISCOVER	0.000000	-	-
1776311420.495780	CYorgf1QjuxEieekbb	-	-	8e:10:1f:69:80:b7	whmcs22994531	-	-	-	-	-	-	-	DISCOVER	0.000000	-	-
1776311422.158821	CYorgf1QjuxEieekbb	-	-	8e:10:1f:69:80:8d	whmcs43867470	-	-	-	-	-	-	-	DISCOVER	0.000000	-	-
1776311428.785716	CYorgf1QjuxEieekbb	-	-	8e:10:1f:69:80:44	whmcs44637589	-	-	-	-	-	-	-	DISCOVER	0.000000	-	-
1776311425.457540	CYorgf1QjuxEieekbb	-	-	8e:10:1f:69:80:36	whmcs167244	-	-	-	-	-	-	-	DISCOVER	0.000000	-	-
1776311424.587259	CYorgf1QjuxEieekbb	-	-	8e:10:1f:69:80:df	ubuntu	-	-	-	-	-	-	-	DISCOVER	0.000000	-	-
1776311420.558998	CYorgf1QjuxEieekbb	-	-	8e:10:1f:69:80:af	-	\x04wiki\x0ateknixcorp\x03com\x00	-	-	-	-	-	-	DISCOVER	0.000000	-	-
1776311424.451176	CYorgf1QjuxEieekbb	-	-	8e:10:1f:69:80:e7	whmcs28096886	-	-	-	-	-	-	-	DISCOVER	0.000000	-	-
1776311420.357880	CYorgf1QjuxEieekbb	-	-	8e:10:1f:69:80:0c	nocqtsc-vps	-	-	-	-	-	-	-	DISCOVER	0.000000	-	-
1776311421.106274	CYorgf1QjuxEieekbb	-	-	8e:10:1f:69:80:6f	-	\x03git\x0ateknixcorp\x03com\x00	-	-	-	-	-	-	DISCOVER	0.000000	-	-
1776311419.398082	CYorgf1QjuxEieekbb	-	-	8e:10:1f:69:80:98	Voice-Gateway-01	-	-	-	-	-	-	-	DISCOVER	0.000000	-	-
1776311425.767317	CYorgf1QjuxEieekbb	-	-	8e:10:1f:69:80:c6	whmcs40537445	-	-	-	-	-	-	-	DISCOVER	0.000000	-	-
1776311430.773395	CYorgf1QjuxEieekbb	-	-	8e:10:1f:69:80:aa	whmcs40257565	-	-	-	-	-	-	-	DISCOVER	0.000000	-	-
1776311433.138380	CYorgf1QjuxEieekbb	-	-	8e:10:1f:69:80:4b	whmcs39797117	-	-	-	-	-	-	-	DISCOVER	0.000000	-	-
1776311431.494088	CYorgf1QjuxEieekbb	-	-	8e:10:1f:69:80:5b	whmcs40256875	-	-	-	-	-	-	-	DISCOVER	0.000000	-	-
1776311433.898235	CYorgf1QjuxEieekbb	-	-	8e:10:1f:69:80:4c	whmcs42037223	-	-	-	-	-	-	-	DISCOVER	0.000000	-	-
1776311437.486125	CYorgf1QjuxEieekbb	-	-	8e:10:1f:69:80:0e	-	\x04mail\x0ayourdomain\x03com\x00	-	-	-	-	-	-	DISCOVER	0.000000	-	-
1776311434.602775	CYorgf1QjuxEieekbb	-	-	8e:10:1f:69:80:a8	whmcs38346797	-	-	-	-	-	-	-	DISCOVER	0.000000	-	-
1776311431.989382	CYorgf1QjuxEieekbb	-	-	8e:10:1f:69:80:06	whmcs39566799	-	-	-	-	-	-	-	DISCOVER	0.000000	-	-
1776311429.542721	CYorgf1QjuxEieekbb	-	-	8e:10:1f:69:80:d7	whmcs33587167	-	-	-	-	-	-	-	DISCOVER	0.000000	-	-
1776311438.506274	CYorgf1QjuxEieekbb	-	-	8e:10:1f:69:80:9e	-	\x06miso88\x03com\x00	-	-	-	-	-	-	DISCOVER	0.000000	-	-
1776311433.608415	CYorgf1QjuxEieekbb	-	-	8e:10:1f:69:80:01	whmcs40257536	-	-	-	-	-	-	-	DISCOVER	0.000000	-	-
1776311436.593873	CYorgf1QjuxEieekbb	-	-	8e:10:1f:69:80:ee	whmcs22995971	-	-	-	-	-	-	-	DISCOVER	0.000000	-	-
1776311432.392271	CYorgf1QjuxEieekbb	-	-	8e:10:1f:69:80:f0	whmcs38467355	-	-	-	-	-	-	-	DISCOVER	0.000000	-	-
1776311437.092998	CYorgf1QjuxEieekbb	-	-	8e:10:1f:69:80:88	whmcs42467409	-	-	-	-	-	-	-	DISCOVER	0.000000	-	-
1776311447.222227	CYorgf1QjuxEieekbb	-	-	8e:10:1f:69:80:54	whmcs42467323	-	-	-	-	-	-	-	DISCOVER	0.000000	-	-
1776311442.331397	CYorgf1QjuxEieekbb	-	-	8e:10:1f:69:80:34	whmcs44107515	-	-	-	-	-	-	-	DISCOVER	0.000000	-	-
1776311445.433988	CYorgf1QjuxEieekbb	-	-	8e:10:1f:69:80:8e	whmcs39656794	-	-	-	-	-	-	-	DISCOVER	0.000000	-	-
1776311444.287834	CYorgf1QjuxEieekbb	-	-	8e:10:1f:69:80:70	whmcs35849	-	-	-	-	-	-	-	DISCOVER	0.000000	-	-
1776311440.728598	CYorgf1QjuxEieekbb	-	-	8e:10:1f:69:80:66	whmcs40676947	-	-	-	-	-	-	-	DISCOVER	0.000000	-	-
1776311437.498596	CYorgf1QjuxEieekbb	-	-	8e:10:1f:69:80:de	voice-103-98-152-225	-	-	-	-	-	-	-	DISCOVER,DISCOVER	7.115717	-	-
1776311441.453643	CYorgf1QjuxEieekbb	-	-	8e:10:1f:69:80:6b	whmcs17857421	-	-	-	-	-	-	-	DISCOVER	0.000000	-	-
1776311439.670047	CYorgf1QjuxEieekbb	-	-	8e:10:1f:69:80:3a	whmcs44007497	-	-	-	-	-	-	-	DISCOVER	0.000000	-	-
1776311443.194562	CYorgf1QjuxEieekbb	-	-	8e:10:1f:69:80:80	whmcs38347220	-	-	-	-	-	-	-	DISCOVER	0.000000	-	-
1776311446.714121	CYorgf1QjuxEieekbb	-	-	8e:10:1f:69:80:dd	whmcs30547169	-	-	-	-	-	-	-	DISCOVER	0.000000	-	-
1776311446.281114	CYorgf1QjuxEieekbb	-	-	8e:10:1f:69:80:bc	whmcs33376906	-	-	-	-	-	-	-	DISCOVER	0.000000	-	-
1776311447.870290	CYorgf1QjuxEieekbb	-	-	8e:10:1f:69:80:f4	whmcs33586910	-	-	-	-	-	-	-	DISCOVER	0.000000	-	-
1776311439.956513	CYorgf1QjuxEieekbb	-	-	8e:10:1f:69:80:b9	whmcs35432	-	-	-	-	-	-	-	DISCOVER	0.000000	-	-
1776311451.514886	CYorgf1QjuxEieekbb	-	-	8e:10:1f:69:80:52	whmcs30985006	-	-	-	-	-	-	-	DISCOVER	0.000000	-	-
1776311450.193563	CYorgf1QjuxEieekbb	-	-	8e:10:1f:69:80:d0	whmcs35047158	-	-	-	-	-	-	-	DISCOVER	0.000000	-	-
1776311452.691680	CYorgf1QjuxEieekbb	-	-	8e:10:1f:69:80:1c	whmcs43867538	-	-	-	-	-	-	-	DISCOVER	0.000000	-	-
1776311455.615670	CYorgf1QjuxEieekbb	-	-	8e:10:1f:69:80:18	-	\x04mail\x06miso88\x02in\x00	-	-	-	-	-	-	DISCOVER	0.000000	-	-
1776311451.697614	CYorgf1QjuxEieekbb	-	-	8e:10:1f:69:80:31	whmcs38467357	-	-	-	-	-	-	-	DISCOVER	0.000000	-	-
1776311457.495445	CYorgf1QjuxEieekbb	-	-	8e:10:1f:69:80:81	ubuntu	-	-	-	-	-	-	-	DISCOVER	0.000000	-	-
1776311458.606167	CYorgf1QjuxEieekbb	-	-	8e:10:1f:69:80:a4	whmcs39856890	-	-	-	-	-	-	-	DISCOVER	0.000000	-	-
1776311451.427011	CYorgf1QjuxEieekbb	-	-	8e:10:1f:69:80:c2	whmcs167551	-	-	-	-	-	-	-	DISCOVER	0.000000	-	-
1776311452.222065	CYorgf1QjuxEieekbb	-	-	8e:10:1f:69:80:b4	whmcs38346614	-	-	-	-	-	-	-	DISCOVER	0.000000	-	-
1776311458.842128	CYorgf1QjuxEieekbb	-	-	8e:10:1f:69:80:e5	whmcs33466917	-	-	-	-	-	-	-	DISCOVER	0.000000	-	-
1776311457.384842	CYorgf1QjuxEieekbb	-	-	8e:10:1f:69:80:5f	whmcs43727450	-	-	-	-	-	-	-	DISCOVER	0.000000	-	-
1776311457.732936	CYorgf1QjuxEieekbb	-	-	8e:10:1f:69:80:83	whmcs45047608	-	-	-	-	-	-	-	DISCOVER	0.000000	-	-
1776311456.967784	CYorgf1QjuxEieekbb	-	-	8e:10:1f:69:80:09	whmcs15397050	-	-	-	-	-	-	-	DISCOVER	0.000000	-	-
1776311454.488501	CYorgf1QjuxEieekbb	-	-	8e:10:1f:69:80:68	whmcs17857335	-	-	-	-	-	-	-	DISCOVER	0.000000	-	-
1776311455.332495	CYorgf1QjuxEieekbb	-	-	8e:10:1f:69:80:a5	whmcs44107514	-	-	-	-	-	-	-	DISCOVER	0.000000	-	-
1776311449.874951	CYorgf1QjuxEieekbb	-	-	8e:10:1f:69:80:69	whmcs36097603	-	-	-	-	-	-	-	DISCOVER	0.000000	-	-
1776311456.375233	CYorgf1QjuxEieekbb	-	-	8e:10:1f:69:80:12	whmcs45037605	-	-	-	-	-	-	-	DISCOVER	0.000000	-	-
1776311449.888844	CYorgf1QjuxEieekbb	-	-	8e:10:1f:69:80:76	whmcs28096887	-	-	-	-	-	-	-	DISCOVER	0.000000	-	-
1776311456.226618	CYorgf1QjuxEieekbb	-	-	8e:10:1f:69:80:4f	whmcs42467292	-	-	-	-	-	-	-	DISCOVER	0.000000	-	-
1776311460.089098	CYorgf1QjuxEieekbb	-	-	8e:10:1f:69:80:a0	-	\x07project\x0ateknixcorp\x03com\x00	-	-	-	-	-	-	DISCOVER	0.000000	-	-
1776311466.309875	CYorgf1QjuxEieekbb	-	-	8e:10:1f:69:80:63	whmcs39996845	-	-	-	-	-	-	-	DISCOVER	0.000000	-	-
1776311463.080154	CYorgf1QjuxEieekbb	-	-	8e:10:1f:69:80:c5	whmcs38466921	-	-	-	-	-	-	-	DISCOVER	0.000000	-	-
1776311464.690457	CYorgf1QjuxEieekbb	-	-	8e:10:1f:69:80:de	voice-103-98-152-225	-	-	-	-	-	-	-	DISCOVER	0.000000	-	-
1776311465.885800	CYorgf1QjuxEieekbb	-	-	8e:10:1f:69:80:5c	whmcs44557592	-	-	-	-	-	-	-	DISCOVER	0.000000	-	-
1776311466.837635	CYorgf1QjuxEieekbb	-	-	8e:10:1f:69:80:ef	whmcs7436262	-	-	-	-	-	-	-	DISCOVER	0.000000	-	-
1776311464.366127	CYorgf1QjuxEieekbb	-	-	8e:10:1f:69:80:e4	-	\x08hostname\x06domain\x03tld\x00	-	-	-	-	-	-	DISCOVER	0.000000	-	-
1776311460.182465	CYorgf1QjuxEieekbb	-	-	8e:10:1f:69:80:38	whmcs33376861	-	-	-	-	-	-	-	DISCOVER	0.000000	-	-
1776311466.903660	CYorgf1QjuxEieekbb	-	-	8e:10:1f:69:80:95	whmcs17857365	-	-	-	-	-	-	-	DISCOVER	0.000000	-	-
1776311462.876899	CYorgf1QjuxEieekbb	-	-	8e:10:1f:69:80:51	whmcs38346804	-	-	-	-	-	-	-	DISCOVER	0.000000	-	-
1776311468.239257	CYorgf1QjuxEieekbb	-	-	8e:10:1f:69:80:32	whmcs43867554	-	-	-	-	-	-	-	DISCOVER	0.000000	-	-
1776311463.195030	CYorgf1QjuxEieekbb	-	-	8e:10:1f:69:80:14	whmcs38467356	-	-	-	-	-	-	-	DISCOVER	0.000000	-	-
1776311469.457005	CYorgf1QjuxEieekbb	-	-	8e:10:1f:69:80:8f	whmcs17857422	-	-	-	-	-	-	-	DISCOVER	0.000000	-	-
1776311477.234322	CYorgf1QjuxEieekbb	-	-	8e:10:1f:69:80:4e	appginivn	-	-	-	-	-	-	-	DISCOVER	0.000000	-	-
1776311472.655441	CYorgf1QjuxEieekbb	-	-	8e:10:1f:69:80:0b	whmcs44727578	-	-	-	-	-	-	-	DISCOVER	0.000000	-	-
1776311472.639255	CYorgf1QjuxEieekbb	-	-	8e:10:1f:69:80:7a	whmcs35046180	-	-	-	-	-	-	-	DISCOVER	0.000000	-	-
1776311475.538697	CYorgf1QjuxEieekbb	-	-	8e:10:1f:69:80:65	whmcs42417443	-	-	-	-	-	-	-	DISCOVER	0.000000	-	-
1776311474.826126	CYorgf1QjuxEieekbb	-	-	8e:10:1f:69:80:93	citymind	-	-	-	-	-	-	-	DISCOVER	0.000000	-	-
1776311478.360653	CYorgf1QjuxEieekbb	-	-	8e:10:1f:69:80:de	voice-103-98-152-225	-	-	-	-	-	-	-	DISCOVER	0.000000	-	-
1776311471.958622	CYorgf1QjuxEieekbb	-	-	8e:10:1f:69:80:a9	BTG-HAPROXY	-	-	-	-	-	-	-	DISCOVER	0.000000	-	-
1776311474.910776	CYorgf1QjuxEieekbb	-	-	8e:10:1f:69:80:d2	whmcs33587038	-	-	-	-	-	-	-	DISCOVER	0.000000	-	-
1776311476.195135	CYorgf1QjuxEieekbb	-	-	8e:10:1f:69:80:82	Sagrifood	-	-	-	-	-	-	-	DISCOVER	0.000000	-	-
1776311469.894880	CYorgf1QjuxEieekbb	-	-	8e:10:1f:69:80:94	watersense	-	-	-	-	-	-	-	DISCOVER	0.000000	-	-
1776311485.826931	CYorgf1QjuxEieekbb	-	-	8e:10:1f:69:80:f1	whmcs24136958	-	-	-	-	-	-	-	DISCOVER	0.000000	-	-
1776311483.530232	CYorgf1QjuxEieekbb	-	-	8e:10:1f:69:80:b7	whmcs22994531	-	-	-	-	-	-	-	DISCOVER	0.000000	-	-
1776311487.051025	CYorgf1QjuxEieekbb	-	-	8e:10:1f:69:80:8d	whmcs43867470	-	-	-	-	-	-	-	DISCOVER	0.000000	-	-
1776311481.062693	CSzNMMGTTaRuGkNMd	103.98.152.58	-	8e:10:1f:69:80:37	desktop5843	-	-	-	-	-	-	-	INFORM	0.000000	MSFT 5.0	-
1776311479.282910	CYorgf1QjuxEieekbb	-	-	8e:10:1f:69:80:53	whmcs35046397	-	-	-	-	-	-	-	DISCOVER	0.000000	-	-
1776311488.881005	CYorgf1QjuxEieekbb	-	-	8e:10:1f:69:80:df	ubuntu	-	-	-	-	-	-	-	DISCOVER	0.000000	-	-
1776311479.911021	CYorgf1QjuxEieekbb	-	-	8e:10:1f:69:80:26	whmcs44107513	-	-	-	-	-	-	-	DISCOVER	0.000000	-	-
1776311483.687648	CYorgf1QjuxEieekbb	-	-	8e:10:1f:69:80:af	-	\x04wiki\x0ateknixcorp\x03com\x00	-	-	-	-	-	-	DISCOVER	0.000000	-	-
1776311487.469860	CYorgf1QjuxEieekbb	-	-	8e:10:1f:69:80:e7	whmcs28096886	-	-	-	-	-	-	-	DISCOVER	0.000000	-	-
1776311483.691268	CYorgf1QjuxEieekbb	-	-	8e:10:1f:69:80:0c	nocqtsc-vps	-	-	-	-	-	-	-	DISCOVER	0.000000	-	-
1776311484.626773	CYorgf1QjuxEieekbb	-	-	8e:10:1f:69:80:6f	-	\x03git\x0ateknixcorp\x03com\x00	-	-	-	-	-	-	DISCOVER	0.000000	-	-
1776311481.217018	CYorgf1QjuxEieekbb	-	-	8e:10:1f:69:80:d1	THTAX-SD	-	-	-	-	-	-	-	DISCOVER	0.000000	-	-
1776311494.345966	CYorgf1QjuxEieekbb	-	-	8e:10:1f:69:80:aa	whmcs40257565	-	-	-	-	-	-	-	DISCOVER	0.000000	-	-
1776311497.394204	CYorgf1QjuxEieekbb	-	-	8e:10:1f:69:80:4b	whmcs39797117	-	-	-	-	-	-	-	DISCOVER	0.000000	-	-
1776311494.730773	CYorgf1QjuxEieekbb	-	-	8e:10:1f:69:80:5b	whmcs40256875	-	-	-	-	-	-	-	DISCOVER	0.000000	-	-
1776311497.918198	CYorgf1QjuxEieekbb	-	-	8e:10:1f:69:80:4c	whmcs42037223	-	-	-	-	-	-	-	DISCOVER	0.000000	-	-
1776311492.635043	CYorgf1QjuxEieekbb	-	-	8e:10:1f:69:80:44	whmcs44637589	-	-	-	-	-	-	-	DISCOVER	0.000000	-	-
1776311496.077212	CYorgf1QjuxEieekbb	-	-	8e:10:1f:69:80:de	voice-103-98-152-225	-	-	-	-	-	-	-	DISCOVER	0.000000	-	-
1776311489.223713	CYorgf1QjuxEieekbb	-	-	8e:10:1f:69:80:36	whmcs167244	-	-	-	-	-	-	-	DISCOVER	0.000000	-	-
1776311495.069658	CYorgf1QjuxEieekbb	-	-	8e:10:1f:69:80:06	whmcs39566799	-	-	-	-	-	-	-	DISCOVER	0.000000	-	-
1776311493.791145	CYorgf1QjuxEieekbb	-	-	8e:10:1f:69:80:d7	whmcs33587167	-	-	-	-	-	-	-	DISCOVER	0.000000	-	-
1776311496.674883	CYorgf1QjuxEieekbb	-	-	8e:10:1f:69:80:01	whmcs40257536	-	-	-	-	-	-	-	DISCOVER	0.000000	-	-
1776311495.617094	CYorgf1QjuxEieekbb	-	-	8e:10:1f:69:80:f0	whmcs38467355	-	-	-	-	-	-	-	DISCOVER	0.000000	-	-
1776311490.672369	CYorgf1QjuxEieekbb	-	-	8e:10:1f:69:80:c6	whmcs40537445	-	-	-	-	-	-	-	DISCOVER	0.000000	-	-
1776311506.743379	CYorgf1QjuxEieekbb	-	-	8e:10:1f:69:80:34	whmcs44107515	-	-	-	-	-	-	-	DISCOVER	0.000000	-	-
1776311508.528782	CYorgf1QjuxEieekbb	-	-	8e:10:1f:69:80:8e	whmcs39656794	-	-	-	-	-	-	-	DISCOVER	0.000000	-	-
1776311508.747179	CYorgf1QjuxEieekbb	-	-	8e:10:1f:69:80:70	whmcs35849	-	-	-	-	-	-	-	DISCOVER	0.000000	-	-
1776311504.315220	CYorgf1QjuxEieekbb	-	-	8e:10:1f:69:80:66	whmcs40676947	-	-	-	-	-	-	-	DISCOVER	0.000000	-	-
1776311501.273016	CYorgf1QjuxEieekbb	-	-	8e:10:1f:69:80:0e	-	\x04mail\x0ayourdomain\x03com\x00	-	-	-	-	-	-	DISCOVER	0.000000	-	-
1776311504.527885	CYorgf1QjuxEieekbb	-	-	8e:10:1f:69:80:6b	whmcs17857421	-	-	-	-	-	-	-	DISCOVER	0.000000	-	-
1776311499.520877	CYorgf1QjuxEieekbb	-	-	8e:10:1f:69:80:a8	whmcs38346797	-	-	-	-	-	-	-	DISCOVER	0.000000	-	-
1776311503.178730	CYorgf1QjuxEieekbb	-	-	8e:10:1f:69:80:3a	whmcs44007497	-	-	-	-	-	-	-	DISCOVER	0.000000	-	-
1776311507.808061	CYorgf1QjuxEieekbb	-	-	8e:10:1f:69:80:80	whmcs38347220	-	-	-	-	-	-	-	DISCOVER	0.000000	-	-
1776311502.444092	CYorgf1QjuxEieekbb	-	-	8e:10:1f:69:80:9e	-	\x06miso88\x03com\x00	-	-	-	-	-	-	DISCOVER	0.000000	-	-
1776311500.088259	CYorgf1QjuxEieekbb	-	-	8e:10:1f:69:80:ee	whmcs22995971	-	-	-	-	-	-	-	DISCOVER	0.000000	-	-
1776311503.090457	CYorgf1QjuxEieekbb	-	-	8e:10:1f:69:80:b9	whmcs35432	-	-	-	-	-	-	-	DISCOVER	0.000000	-	-
1776311500.409818	CYorgf1QjuxEieekbb	-	-	8e:10:1f:69:80:88	whmcs42467409	-	-	-	-	-	-	-	DISCOVER	0.000000	-	-
1776311511.469135	CYorgf1QjuxEieekbb	-	-	8e:10:1f:69:80:54	whmcs42467323	-	-	-	-	-	-	-	DISCOVER	0.000000	-	-
1776311515.691001	CYorgf1QjuxEieekbb	-	-	8e:10:1f:69:80:52	whmcs30985006	-	-	-	-	-	-	-	DISCOVER	0.000000	-	-
1776311514.984001	CYorgf1QjuxEieekbb	-	-	8e:10:1f:69:80:d0	whmcs35047158	-	-	-	-	-	-	-	DISCOVER	0.000000	-	-
1776311516.905411	CYorgf1QjuxEieekbb	-	-	8e:10:1f:69:80:1c	whmcs43867538	-	-	-	-	-	-	-	DISCOVER	0.000000	-	-
1776311515.708187	CYorgf1QjuxEieekbb	-	-	8e:10:1f:69:80:31	whmcs38467357	-	-	-	-	-	-	-	DISCOVER	0.000000	-	-
1776311515.665066	CYorgf1QjuxEieekbb	-	-	8e:10:1f:69:80:c2	whmcs167551	-	-	-	-	-	-	-	DISCOVER	0.000000	-	-
1776311517.222591	CYorgf1QjuxEieekbb	-	-	8e:10:1f:69:80:b4	whmcs38346614	-	-	-	-	-	-	-	DISCOVER	0.000000	-	-
1776311517.861171	CYorgf1QjuxEieekbb	-	-	8e:10:1f:69:80:68	whmcs17857335	-	-	-	-	-	-	-	DISCOVER	0.000000	-	-
1776311513.572218	CYorgf1QjuxEieekbb	-	-	8e:10:1f:69:80:69	whmcs36097603	-	-	-	-	-	-	-	DISCOVER	0.000000	-	-
1776311511.686144	CYorgf1QjuxEieekbb	-	-	8e:10:1f:69:80:dd	whmcs30547169	-	-	-	-	-	-	-	DISCOVER	0.000000	-	-
1776311510.699462	CYorgf1QjuxEieekbb	-	-	8e:10:1f:69:80:bc	whmcs33376906	-	-	-	-	-	-	-	DISCOVER	0.000000	-	-
1776311511.793310	CYorgf1QjuxEieekbb	-	-	8e:10:1f:69:80:f4	whmcs33586910	-	-	-	-	-	-	-	DISCOVER	0.000000	-	-
1776311513.420931	CYorgf1QjuxEieekbb	-	-	8e:10:1f:69:80:76	whmcs28096887	-	-	-	-	-	-	-	DISCOVER	0.000000	-	-
1776311519.033644	CYorgf1QjuxEieekbb	-	-	8e:10:1f:69:80:18	-	\x04mail\x06miso88\x02in\x00	-	-	-	-	-	-	DISCOVER	0.000000	-	-
1776311521.819785	CYorgf1QjuxEieekbb	-	-	8e:10:1f:69:80:81	ubuntu	-	-	-	-	-	-	-	DISCOVER	0.000000	-	-
1776311524.501913	CYorgf1QjuxEieekbb	-	-	8e:10:1f:69:80:a0	-	\x07project\x0ateknixcorp\x03com\x00	-	-	-	-	-	-	DISCOVER	0.000000	-	-
1776311523.336567	CYorgf1QjuxEieekbb	-	-	8e:10:1f:69:80:a4	whmcs39856890	-	-	-	-	-	-	-	DISCOVER	0.000000	-	-
1776311526.609937	CYorgf1QjuxEieekbb	-	-	8e:10:1f:69:80:c5	whmcs38466921	-	-	-	-	-	-	-	DISCOVER	0.000000	-	-
1776311521.941917	CYorgf1QjuxEieekbb	-	-	8e:10:1f:69:80:e5	whmcs33466917	-	-	-	-	-	-	-	DISCOVER	0.000000	-	-
1776311520.769946	CYorgf1QjuxEieekbb	-	-	8e:10:1f:69:80:5f	whmcs43727450	-	-	-	-	-	-	-	DISCOVER	0.000000	-	-
1776311521.131708	CYorgf1QjuxEieekbb	-	-	8e:10:1f:69:80:83	whmcs45047608	-	-	-	-	-	-	-	DISCOVER	0.000000	-	-
1776311520.237024	CYorgf1QjuxEieekbb	-	-	8e:10:1f:69:80:09	whmcs15397050	-	-	-	-	-	-	-	DISCOVER	0.000000	-	-
1776311519.977997	CYorgf1QjuxEieekbb	-	-	8e:10:1f:69:80:a5	whmcs44107514	-	-	-	-	-	-	-	DISCOVER	0.000000	-	-
1776311528.571304	CYorgf1QjuxEieekbb	-	-	8e:10:1f:69:80:e4	-	\x08hostname\x06domain\x03tld\x00	-	-	-	-	-	-	DISCOVER	0.000000	-	-
1776311524.953483	CYorgf1QjuxEieekbb	-	-	8e:10:1f:69:80:38	whmcs33376861	-	-	-	-	-	-	-	DISCOVER	0.000000	-	-
1776311527.717019	CYorgf1QjuxEieekbb	-	-	8e:10:1f:69:80:51	whmcs38346804	-	-	-	-	-	-	-	DISCOVER	0.000000	-	-
1776311520.945829	CYorgf1QjuxEieekbb	-	-	8e:10:1f:69:80:12	whmcs45037605	-	-	-	-	-	-	-	DISCOVER	0.000000	-	-
1776311520.081265	CYorgf1QjuxEieekbb	-	-	8e:10:1f:69:80:4f	whmcs42467292	-	-	-	-	-	-	-	DISCOVER	0.000000	-	-
1776311526.408729	CYorgf1QjuxEieekbb	-	-	8e:10:1f:69:80:14	whmcs38467356	-	-	-	-	-	-	-	DISCOVER	0.000000	-	-
1776311534.401146	CYorgf1QjuxEieekbb	-	-	8e:10:1f:69:80:8f	whmcs17857422	-	-	-	-	-	-	-	DISCOVER	0.000000	-	-
1776311535.954474	CYorgf1QjuxEieekbb	-	-	8e:10:1f:69:80:0b	whmcs44727578	-	-	-	-	-	-	-	DISCOVER	0.000000	-	-
1776311529.737365	CYorgf1QjuxEieekbb	-	-	8e:10:1f:69:80:63	whmcs39996845	-	-	-	-	-	-	-	DISCOVER	0.000000	-	-
1776311537.626945	CYorgf1QjuxEieekbb	-	-	8e:10:1f:69:80:7a	whmcs35046180	-	-	-	-	-	-	-	DISCOVER	0.000000	-	-
1776311529.817583	CYorgf1QjuxEieekbb	-	-	8e:10:1f:69:80:5c	whmcs44557592	-	-	-	-	-	-	-	DISCOVER	0.000000	-	-
1776311531.186695	CYorgf1QjuxEieekbb	-	-	8e:10:1f:69:80:ef	whmcs7436262	-	-	-	-	-	-	-	DISCOVER	0.000000	-	-
1776311536.494142	CYorgf1QjuxEieekbb	-	-	8e:10:1f:69:80:a9	BTG-HAPROXY	-	-	-	-	-	-	-	DISCOVER	0.000000	-	-
1776311538.819146	CYorgf1QjuxEieekbb	-	-	8e:10:1f:69:80:d2	whmcs33587038	-	-	-	-	-	-	-	DISCOVER	0.000000	-	-
1776311530.506324	CYorgf1QjuxEieekbb	-	-	8e:10:1f:69:80:95	whmcs17857365	-	-	-	-	-	-	-	DISCOVER	0.000000	-	-
1776311531.827004	CYorgf1QjuxEieekbb	-	-	8e:10:1f:69:80:32	whmcs43867554	-	-	-	-	-	-	-	DISCOVER	0.000000	-	-
1776311534.569694	CYorgf1QjuxEieekbb	-	-	8e:10:1f:69:80:94	watersense	-	-	-	-	-	-	-	DISCOVER	0.000000	-	-
1776311546.539325	CYorgf1QjuxEieekbb	-	-	8e:10:1f:69:80:b7	whmcs22994531	-	-	-	-	-	-	-	DISCOVER	0.000000	-	-
1776311540.916324	CYorgf1QjuxEieekbb	-	-	8e:10:1f:69:80:4e	appginivn	-	-	-	-	-	-	-	DISCOVER	0.000000	-	-
1776311539.421435	CYorgf1QjuxEieekbb	-	-	8e:10:1f:69:80:93	citymind	-	-	-	-	-	-	-	DISCOVER	0.000000	-	-
1776311540.196955	CYorgf1QjuxEieekbb	-	-	8e:10:1f:69:80:65	whmcs42417443	-	-	-	-	-	-	-	DISCOVER	0.000000	-	-
1776311542.609166	CYorgf1QjuxEieekbb	-	-	8e:10:1f:69:80:53	whmcs35046397	-	-	-	-	-	-	-	DISCOVER	0.000000	-	-
1776311544.073327	CYorgf1QjuxEieekbb	-	-	8e:10:1f:69:80:26	whmcs44107513	-	-	-	-	-	-	-	DISCOVER	0.000000	-	-
1776311547.320994	CYorgf1QjuxEieekbb	-	-	8e:10:1f:69:80:af	-	\x04wiki\x0ateknixcorp\x03com\x00	-	-	-	-	-	-	DISCOVER	0.000000	-	-
1776311546.903694	CYorgf1QjuxEieekbb	-	-	8e:10:1f:69:80:0c	nocqtsc-vps	-	-	-	-	-	-	-	DISCOVER	0.000000	-	-
1776311539.555879	CYorgf1QjuxEieekbb	-	-	8e:10:1f:69:80:82	Sagrifood	-	-	-	-	-	-	-	DISCOVER	0.000000	-	-
1776311545.960543	CYorgf1QjuxEieekbb	-	-	8e:10:1f:69:80:d1	THTAX-SD	-	-	-	-	-	-	-	DISCOVER	0.000000	-	-
1776311549.116590	CYorgf1QjuxEieekbb	-	-	8e:10:1f:69:80:f1	whmcs24136958	-	-	-	-	-	-	-	DISCOVER	0.000000	-	-
1776311557.812107	CYorgf1QjuxEieekbb	-	-	8e:10:1f:69:80:aa	whmcs40257565	-	-	-	-	-	-	-	DISCOVER	0.000000	-	-
1776311550.948192	CYorgf1QjuxEieekbb	-	-	8e:10:1f:69:80:8d	whmcs43867470	-	-	-	-	-	-	-	DISCOVER	0.000000	-	-
1776311558.081926	CYorgf1QjuxEieekbb	-	-	8e:10:1f:69:80:5b	whmcs40256875	-	-	-	-	-	-	-	DISCOVER	0.000000	-	-
1776311555.748863	CYorgf1QjuxEieekbb	-	-	8e:10:1f:69:80:44	whmcs44637589	-	-	-	-	-	-	-	DISCOVER	0.000000	-	-
1776311553.698242	CYorgf1QjuxEieekbb	-	-	8e:10:1f:69:80:36	whmcs167244	-	-	-	-	-	-	-	DISCOVER	0.000000	-	-
1776311552.610728	CYorgf1QjuxEieekbb	-	-	8e:10:1f:69:80:df	ubuntu	-	-	-	-	-	-	-	DISCOVER	0.000000	-	-
1776311550.759890	CYorgf1QjuxEieekbb	-	-	8e:10:1f:69:80:e7	whmcs28096886	-	-	-	-	-	-	-	DISCOVER	0.000000	-	-
1776311558.005391	CYorgf1QjuxEieekbb	-	-	8e:10:1f:69:80:d7	whmcs33587167	-	-	-	-	-	-	-	DISCOVER	0.000000	-	-
1776311549.274381	CYorgf1QjuxEieekbb	-	-	8e:10:1f:69:80:6f	-	\x03git\x0ateknixcorp\x03com\x00	-	-	-	-	-	-	DISCOVER	0.000000	-	-
1776311558.925331	CYorgf1QjuxEieekbb	-	-	8e:10:1f:69:80:f0	whmcs38467355	-	-	-	-	-	-	-	DISCOVER	0.000000	-	-
1776311555.432214	CYorgf1QjuxEieekbb	-	-	8e:10:1f:69:80:c6	whmcs40537445	-	-	-	-	-	-	-	DISCOVER	0.000000	-	-
1776311560.729650	CYorgf1QjuxEieekbb	-	-	8e:10:1f:69:80:4b	whmcs39797117	-	-	-	-	-	-	-	DISCOVER	0.000000	-	-
1776311561.887275	CYorgf1QjuxEieekbb	-	-	8e:10:1f:69:80:4c	whmcs42037223	-	-	-	-	-	-	-	DISCOVER	0.000000	-	-
1776311568.169601	CYorgf1QjuxEieekbb	-	-	8e:10:1f:69:80:66	whmcs40676947	-	-	-	-	-	-	-	DISCOVER	0.000000	-	-
1776311565.982964	CYorgf1QjuxEieekbb	-	-	8e:10:1f:69:80:0e	-	\x04mail\x0ayourdomain\x03com\x00	-	-	-	-	-	-	DISCOVER	0.000000	-	-
1776311568.116725	CYorgf1QjuxEieekbb	-	-	8e:10:1f:69:80:6b	whmcs17857421	-	-	-	-	-	-	-	DISCOVER	0.000000	-	-
1776311563.308306	CYorgf1QjuxEieekbb	-	-	8e:10:1f:69:80:a8	whmcs38346797	-	-	-	-	-	-	-	DISCOVER	0.000000	-	-
1776311559.358895	CYorgf1QjuxEieekbb	-	-	8e:10:1f:69:80:06	whmcs39566799	-	-	-	-	-	-	-	DISCOVER	0.000000	-	-
1776311566.704300	CYorgf1QjuxEieekbb	-	-	8e:10:1f:69:80:3a	whmcs44007497	-	-	-	-	-	-	-	DISCOVER	0.000000	-	-
1776311566.891124	CYorgf1QjuxEieekbb	-	-	8e:10:1f:69:80:9e	-	\x06miso88\x03com\x00	-	-	-	-	-	-	DISCOVER	0.000000	-	-
1776311560.461670	CYorgf1QjuxEieekbb	-	-	8e:10:1f:69:80:01	whmcs40257536	-	-	-	-	-	-	-	DISCOVER	0.000000	-	-
1776311565.053985	CYorgf1QjuxEieekbb	-	-	8e:10:1f:69:80:ee	whmcs22995971	-	-	-	-	-	-	-	DISCOVER	0.000000	-	-
1776311567.344456	CYorgf1QjuxEieekbb	-	-	8e:10:1f:69:80:b9	whmcs35432	-	-	-	-	-	-	-	DISCOVER	0.000000	-	-
1776311563.917479	CYorgf1QjuxEieekbb	-	-	8e:10:1f:69:80:88	whmcs42467409	-	-	-	-	-	-	-	DISCOVER	0.000000	-	-
1776311575.925796	CYorgf1QjuxEieekbb	-	-	8e:10:1f:69:80:54	whmcs42467323	-	-	-	-	-	-	-	DISCOVER	0.000000	-	-
1776311570.024560	CYorgf1QjuxEieekbb	-	-	8e:10:1f:69:80:34	whmcs44107515	-	-	-	-	-	-	-	DISCOVER	0.000000	-	-
1776311572.548843	CYorgf1QjuxEieekbb	-	-	8e:10:1f:69:80:8e	whmcs39656794	-	-	-	-	-	-	-	DISCOVER	0.000000	-	-
1776311572.868780	CYorgf1QjuxEieekbb	-	-	8e:10:1f:69:80:70	whmcs35849	-	-	-	-	-	-	-	DISCOVER	0.000000	-	-
1776311576.842221	CYorgf1QjuxEieekbb	-	-	8e:10:1f:69:80:69	whmcs36097603	-	-	-	-	-	-	-	DISCOVER	0.000000	-	-
1776311571.798878	CYorgf1QjuxEieekbb	-	-	8e:10:1f:69:80:80	whmcs38347220	-	-	-	-	-	-	-	DISCOVER	0.000000	-	-
1776311575.027658	CYorgf1QjuxEieekbb	-	-	8e:10:1f:69:80:dd	whmcs30547169	-	-	-	-	-	-	-	DISCOVER	0.000000	-	-
1776311574.682642	CYorgf1QjuxEieekbb	-	-	8e:10:1f:69:80:bc	whmcs33376906	-	-	-	-	-	-	-	DISCOVER	0.000000	-	-
1776311576.145115	CYorgf1QjuxEieekbb	-	-	8e:10:1f:69:80:f4	whmcs33586910	-	-	-	-	-	-	-	DISCOVER	0.000000	-	-
1776311577.487379	CYorgf1QjuxEieekbb	-	-	8e:10:1f:69:80:76	whmcs28096887	-	-	-	-	-	-	-	DISCOVER	0.000000	-	-
1776311579.865655	CYorgf1QjuxEieekbb	-	-	8e:10:1f:69:80:52	whmcs30985006	-	-	-	-	-	-	-	DISCOVER	0.000000	-	-
1776311579.510668	CYorgf1QjuxEieekbb	-	-	8e:10:1f:69:80:d0	whmcs35047158	-	-	-	-	-	-	-	DISCOVER	0.000000	-	-
1776311581.023228	CYorgf1QjuxEieekbb	-	-	8e:10:1f:69:80:1c	whmcs43867538	-	-	-	-	-	-	-	DISCOVER	0.000000	-	-
1776311584.019993	CYorgf1QjuxEieekbb	-	-	8e:10:1f:69:80:18	-	\x04mail\x06miso88\x02in\x00	-	-	-	-	-	-	DISCOVER	0.000000	-	-
1776311580.060156	CYorgf1QjuxEieekbb	-	-	8e:10:1f:69:80:31	whmcs38467357	-	-	-	-	-	-	-	DISCOVER	0.000000	-	-
1776311585.089220	CYorgf1QjuxEieekbb	-	-	8e:10:1f:69:80:81	ubuntu	-	-	-	-	-	-	-	DISCOVER	0.000000	-	-
1776311588.426028	CYorgf1QjuxEieekbb	-	-	8e:10:1f:69:80:a0	-	\x07project\x0ateknixcorp\x03com\x00	-	-	-	-	-	-	DISCOVER	0.000000	-	-
1776311586.651367	CYorgf1QjuxEieekbb	-	-	8e:10:1f:69:80:a4	whmcs39856890	-	-	-	-	-	-	-	DISCOVER	0.000000	-	-
1776311580.570343	CYorgf1QjuxEieekbb	-	-	8e:10:1f:69:80:c2	whmcs167551	-	-	-	-	-	-	-	DISCOVER	0.000000	-	-
1776311580.763291	CYorgf1QjuxEieekbb	-	-	8e:10:1f:69:80:b4	whmcs38346614	-	-	-	-	-	-	-	DISCOVER	0.000000	-	-
1776311585.708078	CYorgf1QjuxEieekbb	-	-	8e:10:1f:69:80:e5	whmcs33466917	-	-	-	-	-	-	-	DISCOVER	0.000000	-	-
1776311584.582590	CYorgf1QjuxEieekbb	-	-	8e:10:1f:69:80:5f	whmcs43727450	-	-	-	-	-	-	-	DISCOVER	0.000000	-	-
1776311585.891237	CYorgf1QjuxEieekbb	-	-	8e:10:1f:69:80:83	whmcs45047608	-	-	-	-	-	-	-	DISCOVER	0.000000	-	-
1776311585.039504	CYorgf1QjuxEieekbb	-	-	8e:10:1f:69:80:09	whmcs15397050	-	-	-	-	-	-	-	DISCOVER	0.000000	-	-
1776311582.859792	CYorgf1QjuxEieekbb	-	-	8e:10:1f:69:80:68	whmcs17857335	-	-	-	-	-	-	-	DISCOVER	0.000000	-	-
1776311584.128459	CYorgf1QjuxEieekbb	-	-	8e:10:1f:69:80:a5	whmcs44107514	-	-	-	-	-	-	-	DISCOVER	0.000000	-	-
1776311585.599048	CYorgf1QjuxEieekbb	-	-	8e:10:1f:69:80:12	whmcs45037605	-	-	-	-	-	-	-	DISCOVER	0.000000	-	-
1776311583.928243	CYorgf1QjuxEieekbb	-	-	8e:10:1f:69:80:4f	whmcs42467292	-	-	-	-	-	-	-	DISCOVER	0.000000	-	-
1776311598.540583	CYorgf1QjuxEieekbb	-	-	8e:10:1f:69:80:8f	whmcs17857422	-	-	-	-	-	-	-	DISCOVER	0.000000	-	-
1776311593.526262	CYorgf1QjuxEieekbb	-	-	8e:10:1f:69:80:63	whmcs39996845	-	-	-	-	-	-	-	DISCOVER	0.000000	-	-
1776311590.056479	CYorgf1QjuxEieekbb	-	-	8e:10:1f:69:80:c5	whmcs38466921	-	-	-	-	-	-	-	DISCOVER	0.000000	-	-
1776311594.109103	CYorgf1QjuxEieekbb	-	-	8e:10:1f:69:80:5c	whmcs44557592	-	-	-	-	-	-	-	DISCOVER	0.000000	-	-
1776311594.555763	CYorgf1QjuxEieekbb	-	-	8e:10:1f:69:80:ef	whmcs7436262	-	-	-	-	-	-	-	DISCOVER	0.000000	-	-
1776311591.764744	CYorgf1QjuxEieekbb	-	-	8e:10:1f:69:80:e4	-	\x08hostname\x06domain\x03tld\x00	-	-	-	-	-	-	DISCOVER	0.000000	-	-
1776311589.234968	CYorgf1QjuxEieekbb	-	-	8e:10:1f:69:80:38	whmcs33376861	-	-	-	-	-	-	-	DISCOVER	0.000000	-	-
1776311594.471590	CYorgf1QjuxEieekbb	-	-	8e:10:1f:69:80:95	whmcs17857365	-	-	-	-	-	-	-	DISCOVER	0.000000	-	-
1776311590.803576	CYorgf1QjuxEieekbb	-	-	8e:10:1f:69:80:51	whmcs38346804	-	-	-	-	-	-	-	DISCOVER	0.000000	-	-
1776311595.778148	CYorgf1QjuxEieekbb	-	-	8e:10:1f:69:80:32	whmcs43867554	-	-	-	-	-	-	-	DISCOVER	0.000000	-	-
1776311591.110399	CYorgf1QjuxEieekbb	-	-	8e:10:1f:69:80:14	whmcs38467356	-	-	-	-	-	-	-	DISCOVER	0.000000	-	-
1776311598.601930	CYorgf1QjuxEieekbb	-	-	8e:10:1f:69:80:94	watersense	-	-	-	-	-	-	-	DISCOVER	0.000000	-	-
1776311605.868515	CYorgf1QjuxEieekbb	-	-	8e:10:1f:69:80:4e	appginivn	-	-	-	-	-	-	-	DISCOVER	0.000000	-	-
1776311599.285302	CYorgf1QjuxEieekbb	-	-	8e:10:1f:69:80:0b	whmcs44727578	-	-	-	-	-	-	-	DISCOVER	0.000000	-	-
1776311601.031694	CYorgf1QjuxEieekbb	-	-	8e:10:1f:69:80:7a	whmcs35046180	-	-	-	-	-	-	-	DISCOVER	0.000000	-	-
1776311603.249851	CYorgf1QjuxEieekbb	-	-	8e:10:1f:69:80:65	whmcs42417443	-	-	-	-	-	-	-	DISCOVER	0.000000	-	-
1776311603.171205	CYorgf1QjuxEieekbb	-	-	8e:10:1f:69:80:93	citymind	-	-	-	-	-	-	-	DISCOVER	0.000000	-	-
1776311601.055590	CYorgf1QjuxEieekbb	-	-	8e:10:1f:69:80:a9	BTG-HAPROXY	-	-	-	-	-	-	-	DISCOVER	0.000000	-	-
1776311606.140539	CYorgf1QjuxEieekbb	-	-	8e:10:1f:69:80:53	whmcs35046397	-	-	-	-	-	-	-	DISCOVER	0.000000	-	-
1776311608.892005	CYorgf1QjuxEieekbb	-	-	8e:10:1f:69:80:26	whmcs44107513	-	-	-	-	-	-	-	DISCOVER	0.000000	-	-
1776311602.221841	CYorgf1QjuxEieekbb	-	-	8e:10:1f:69:80:d2	whmcs33587038	-	-	-	-	-	-	-	DISCOVER	0.000000	-	-
1776311603.054718	CYorgf1QjuxEieekbb	-	-	8e:10:1f:69:80:82	Sagrifood	-	-	-	-	-	-	-	DISCOVER	0.000000	-	-
1776311612.238662	CYorgf1QjuxEieekbb	-	-	8e:10:1f:69:80:f1	whmcs24136958	-	-	-	-	-	-	-	DISCOVER	0.000000	-	-
1776311611.436949	CYorgf1QjuxEieekbb	-	-	8e:10:1f:69:80:b7	whmcs22994531	-	-	-	-	-	-	-	DISCOVER	0.000000	-	-
1776311615.666361	CYorgf1QjuxEieekbb	-	-	8e:10:1f:69:80:8d	whmcs43867470	-	-	-	-	-	-	-	DISCOVER	0.000000	-	-
1776311618.475310	CYorgf1QjuxEieekbb	-	-	8e:10:1f:69:80:36	whmcs167244	-	-	-	-	-	-	-	DISCOVER	0.000000	-	-
1776311616.173524	CYorgf1QjuxEieekbb	-	-	8e:10:1f:69:80:df	ubuntu	-	-	-	-	-	-	-	DISCOVER	0.000000	-	-
1776311610.648341	CYorgf1QjuxEieekbb	-	-	8e:10:1f:69:80:af	-	\x04wiki\x0ateknixcorp\x03com\x00	-	-	-	-	-	-	DISCOVER	0.000000	-	-
1776311614.035032	CYorgf1QjuxEieekbb	-	-	8e:10:1f:69:80:e7	whmcs28096886	-	-	-	-	-	-	-	DISCOVER	0.000000	-	-
1776311609.959996	CYorgf1QjuxEieekbb	-	-	8e:10:1f:69:80:0c	nocqtsc-vps	-	-	-	-	-	-	-	DISCOVER	0.000000	-	-
1776311612.641202	CYorgf1QjuxEieekbb	-	-	8e:10:1f:69:80:6f	-	\x03git\x0ateknixcorp\x03com\x00	-	-	-	-	-	-	DISCOVER	0.000000	-	-
1776311609.421248	CYorgf1QjuxEieekbb	-	-	8e:10:1f:69:80:d1	THTAX-SD	-	-	-	-	-	-	-	DISCOVER	0.000000	-	-
1776311618.579330	CYorgf1QjuxEieekbb	-	-	8e:10:1f:69:80:c6	whmcs40537445	-	-	-	-	-	-	-	DISCOVER	0.000000	-	-
1776311622.493626	CYorgf1QjuxEieekbb	-	-	8e:10:1f:69:80:aa	whmcs40257565	-	-	-	-	-	-	-	DISCOVER	0.000000	-	-
1776311625.389328	CYorgf1QjuxEieekbb	-	-	8e:10:1f:69:80:4b	whmcs39797117	-	-	-	-	-	-	-	DISCOVER	0.000000	-	-
1776311622.848679	CYorgf1QjuxEieekbb	-	-	8e:10:1f:69:80:5b	whmcs40256875	-	-	-	-	-	-	-	DISCOVER	0.000000	-	-
1776311626.218499	CYorgf1QjuxEieekbb	-	-	8e:10:1f:69:80:4c	whmcs42037223	-	-	-	-	-	-	-	DISCOVER	0.000000	-	-
1776311619.633354	CYorgf1QjuxEieekbb	-	-	8e:10:1f:69:80:44	whmcs44637589	-	-	-	-	-	-	-	DISCOVER	0.000000	-	-
1776311627.108735	CYorgf1QjuxEieekbb	-	-	8e:10:1f:69:80:a8	whmcs38346797	-	-	-	-	-	-	-	DISCOVER	0.000000	-	-
1776311623.694929	CYorgf1QjuxEieekbb	-	-	8e:10:1f:69:80:06	whmcs39566799	-	-	-	-	-	-	-	DISCOVER	0.000000	-	-
1776311622.852439	CYorgf1QjuxEieekbb	-	-	8e:10:1f:69:80:d7	whmcs33587167	-	-	-	-	-	-	-	DISCOVER	0.000000	-	-
1776311623.636999	CYorgf1QjuxEieekbb	-	-	8e:10:1f:69:80:01	whmcs40257536	-	-	-	-	-	-	-	DISCOVER	0.000000	-	-
1776311622.674717	CYorgf1QjuxEieekbb	-	-	8e:10:1f:69:80:f0	whmcs38467355	-	-	-	-	-	-	-	DISCOVER	0.000000	-	-
1776311628.620067	CYorgf1QjuxEieekbb	-	-	8e:10:1f:69:80:88	whmcs42467409	-	-	-	-	-	-	-	DISCOVER	0.000000	-	-
1776311634.227234	CYorgf1QjuxEieekbb	-	-	8e:10:1f:69:80:34	whmcs44107515	-	-	-	-	-	-	-	DISCOVER	0.000000	-	-
1776311636.135704	CYorgf1QjuxEieekbb	-	-	8e:10:1f:69:80:8e	whmcs39656794	-	-	-	-	-	-	-	DISCOVER	0.000000	-	-
1776311637.117718	CYorgf1QjuxEieekbb	-	-	8e:10:1f:69:80:70	whmcs35849	-	-	-	-	-	-	-	DISCOVER	0.000000	-	-
1776311631.833940	CYorgf1QjuxEieekbb	-	-	8e:10:1f:69:80:66	whmcs40676947	-	-	-	-	-	-	-	DISCOVER	0.000000	-	-
1776311630.378067	CYorgf1QjuxEieekbb	-	-	8e:10:1f:69:80:0e	-	\x04mail\x0ayourdomain\x03com\x00	-	-	-	-	-	-	DISCOVER	0.000000	-	-
1776311632.972335	CYorgf1QjuxEieekbb	-	-	8e:10:1f:69:80:6b	whmcs17857421	-	-	-	-	-	-	-	DISCOVER	0.000000	-	-
1776311629.745466	CYorgf1QjuxEieekbb	-	-	8e:10:1f:69:80:3a	whmcs44007497	-	-	-	-	-	-	-	DISCOVER	0.000000	-	-
1776311636.400593	CYorgf1QjuxEieekbb	-	-	8e:10:1f:69:80:80	whmcs38347220	-	-	-	-	-	-	-	DISCOVER	0.000000	-	-
1776311638.862769	CYorgf1QjuxEieekbb	-	-	8e:10:1f:69:80:bc	whmcs33376906	-	-	-	-	-	-	-	DISCOVER	0.000000	-	-
1776311630.748260	CYorgf1QjuxEieekbb	-	-	8e:10:1f:69:80:9e	-	\x06miso88\x03com\x00	-	-	-	-	-	-	DISCOVER	0.000000	-	-
1776311629.285290	CYorgf1QjuxEieekbb	-	-	8e:10:1f:69:80:ee	whmcs22995971	-	-	-	-	-	-	-	DISCOVER	0.000000	-	-
1776311630.408761	CYorgf1QjuxEieekbb	-	-	8e:10:1f:69:80:b9	whmcs35432	-	-	-	-	-	-	-	DISCOVER	0.000000	-	-
1776311640.247157	CYorgf1QjuxEieekbb	-	-	8e:10:1f:69:80:54	whmcs42467323	-	-	-	-	-	-	-	DISCOVER	0.000000	-	-
1776311643.690466	CYorgf1QjuxEieekbb	-	-	8e:10:1f:69:80:52	whmcs30985006	-	-	-	-	-	-	-	DISCOVER	0.000000	-	-
1776311644.316670	CYorgf1QjuxEieekbb	-	-	8e:10:1f:69:80:d0	whmcs35047158	-	-	-	-	-	-	-	DISCOVER	0.000000	-	-
1776311645.855632	CYorgf1QjuxEieekbb	-	-	8e:10:1f:69:80:1c	whmcs43867538	-	-	-	-	-	-	-	DISCOVER	0.000000	-	-
1776311647.645293	CYorgf1QjuxEieekbb	-	-	8e:10:1f:69:80:18	-	\x04mail\x06miso88\x02in\x00	-	-	-	-	-	-	DISCOVER	0.000000	-	-
1776311643.822869	CYorgf1QjuxEieekbb	-	-	8e:10:1f:69:80:31	whmcs38467357	-	-	-	-	-	-	-	DISCOVER	0.000000	-	-
1776311648.415473	CYorgf1QjuxEieekbb	-	-	8e:10:1f:69:80:81	ubuntu	-	-	-	-	-	-	-	DISCOVER	0.000000	-	-
1776311644.195409	CYorgf1QjuxEieekbb	-	-	8e:10:1f:69:80:c2	whmcs167551	-	-	-	-	-	-	-	DISCOVER	0.000000	-	-
1776311645.700034	CYorgf1QjuxEieekbb	-	-	8e:10:1f:69:80:b4	whmcs38346614	-	-	-	-	-	-	-	DISCOVER	0.000000	-	-
1776311648.783409	CYorgf1QjuxEieekbb	-	-	8e:10:1f:69:80:e5	whmcs33466917	-	-	-	-	-	-	-	DISCOVER	0.000000	-	-
1776311648.943979	CYorgf1QjuxEieekbb	-	-	8e:10:1f:69:80:5f	whmcs43727450	-	-	-	-	-	-	-	DISCOVER	0.000000	-	-
1776311648.890110	CYorgf1QjuxEieekbb	-	-	8e:10:1f:69:80:09	whmcs15397050	-	-	-	-	-	-	-	DISCOVER	0.000000	-	-
1776311646.297809	CYorgf1QjuxEieekbb	-	-	8e:10:1f:69:80:68	whmcs17857335	-	-	-	-	-	-	-	DISCOVER	0.000000	-	-
1776311647.688214	CYorgf1QjuxEieekbb	-	-	8e:10:1f:69:80:a5	whmcs44107514	-	-	-	-	-	-	-	DISCOVER	0.000000	-	-
1776311640.063692	CYorgf1QjuxEieekbb	-	-	8e:10:1f:69:80:69	whmcs36097603	-	-	-	-	-	-	-	DISCOVER	0.000000	-	-
1776311639.215627	CYorgf1QjuxEieekbb	-	-	8e:10:1f:69:80:dd	whmcs30547169	-	-	-	-	-	-	-	DISCOVER	0.000000	-	-
1776311639.397620	CYorgf1QjuxEieekbb	-	-	8e:10:1f:69:80:f4	whmcs33586910	-	-	-	-	-	-	-	DISCOVER	0.000000	-	-
1776311641.589281	CYorgf1QjuxEieekbb	-	-	8e:10:1f:69:80:76	whmcs28096887	-	-	-	-	-	-	-	DISCOVER	0.000000	-	-
1776311652.669152	CYorgf1QjuxEieekbb	-	-	8e:10:1f:69:80:a0	-	\x07project\x0ateknixcorp\x03com\x00	-	-	-	-	-	-	DISCOVER	0.000000	-	-
1776311658.471838	CYorgf1QjuxEieekbb	-	-	8e:10:1f:69:80:63	whmcs39996845	-	-	-	-	-	-	-	DISCOVER	0.000000	-	-
1776311650.780905	CYorgf1QjuxEieekbb	-	-	8e:10:1f:69:80:a4	whmcs39856890	-	-	-	-	-	-	-	DISCOVER	0.000000	-	-
1776311653.976242	CYorgf1QjuxEieekbb	-	-	8e:10:1f:69:80:c5	whmcs38466921	-	-	-	-	-	-	-	DISCOVER	0.000000	-	-
1776311657.967848	CYorgf1QjuxEieekbb	-	-	8e:10:1f:69:80:5c	whmcs44557592	-	-	-	-	-	-	-	DISCOVER	0.000000	-	-
1776311657.915866	CYorgf1QjuxEieekbb	-	-	8e:10:1f:69:80:ef	whmcs7436262	-	-	-	-	-	-	-	DISCOVER	0.000000	-	-
1776311649.059174	CYorgf1QjuxEieekbb	-	-	8e:10:1f:69:80:83	whmcs45047608	-	-	-	-	-	-	-	DISCOVER	0.000000	-	-
1776311655.275793	CYorgf1QjuxEieekbb	-	-	8e:10:1f:69:80:e4	-	\x08hostname\x06domain\x03tld\x00	-	-	-	-	-	-	DISCOVER	0.000000	-	-
1776311642.459859	CYorgf1QjuxEieekbb	-	-	8e:10:1f:69:80:98	Voice-Gateway-01	-	-	-	-	-	-	-	DISCOVER,DISCOVER,DISCOVER,DISCOVER	18.041972	-	-
1776311653.855813	CYorgf1QjuxEieekbb	-	-	8e:10:1f:69:80:38	whmcs33376861	-	-	-	-	-	-	-	DISCOVER	0.000000	-	-
1776311658.202967	CYorgf1QjuxEieekbb	-	-	8e:10:1f:69:80:95	whmcs17857365	-	-	-	-	-	-	-	DISCOVER	0.000000	-	-
1776311654.609824	CYorgf1QjuxEieekbb	-	-	8e:10:1f:69:80:51	whmcs38346804	-	-	-	-	-	-	-	DISCOVER	0.000000	-	-
1776311650.339393	CYorgf1QjuxEieekbb	-	-	8e:10:1f:69:80:12	whmcs45037605	-	-	-	-	-	-	-	DISCOVER	0.000000	-	-
1776311649.317878	CYorgf1QjuxEieekbb	-	-	8e:10:1f:69:80:4f	whmcs42467292	-	-	-	-	-	-	-	DISCOVER	0.000000	-	-
1776311654.749837	CYorgf1QjuxEieekbb	-	-	8e:10:1f:69:80:14	whmcs38467356	-	-	-	-	-	-	-	DISCOVER	0.000000	-	-
1776311662.910766	CYorgf1QjuxEieekbb	-	-	8e:10:1f:69:80:8f	whmcs17857422	-	-	-	-	-	-	-	DISCOVER	0.000000	-	-
1776311663.863530	CYorgf1QjuxEieekbb	-	-	8e:10:1f:69:80:0b	whmcs44727578	-	-	-	-	-	-	-	DISCOVER	0.000000	-	-
1776311664.059798	CYorgf1QjuxEieekbb	-	-	8e:10:1f:69:80:7a	whmcs35046180	-	-	-	-	-	-	-	DISCOVER	0.000000	-	-
1776311666.552327	CYorgf1QjuxEieekbb	-	-	8e:10:1f:69:80:65	whmcs42417443	-	-	-	-	-	-	-	DISCOVER	0.000000	-	-
1776311666.256239	CYorgf1QjuxEieekbb	-	-	8e:10:1f:69:80:93	citymind	-	-	-	-	-	-	-	DISCOVER	0.000000	-	-
1776311665.539084	CYorgf1QjuxEieekbb	-	-	8e:10:1f:69:80:a9	BTG-HAPROXY	-	-	-	-	-	-	-	DISCOVER	0.000000	-	-
1776311666.466377	CYorgf1QjuxEieekbb	-	-	8e:10:1f:69:80:d2	whmcs33587038	-	-	-	-	-	-	-	DISCOVER	0.000000	-	-
1776311666.272233	CYorgf1QjuxEieekbb	-	-	8e:10:1f:69:80:82	Sagrifood	-	-	-	-	-	-	-	DISCOVER	0.000000	-	-
1776311663.523224	CYorgf1QjuxEieekbb	-	-	8e:10:1f:69:70:da	ns6.vnso.vn	-	-	-	-	-	-	-	DISCOVER,DISCOVER,DISCOVER	9.707751	-	-
1776311659.253706	CYorgf1QjuxEieekbb	-	-	8e:10:1f:69:80:32	whmcs43867554	-	-	-	-	-	-	-	DISCOVER	0.000000	-	-
1776311663.466789	CYorgf1QjuxEieekbb	-	-	8e:10:1f:69:80:94	watersense	-	-	-	-	-	-	-	DISCOVER	0.000000	-	-
1776311676.329810	CYorgf1QjuxEieekbb	-	-	8e:10:1f:69:80:f1	whmcs24136958	-	-	-	-	-	-	-	DISCOVER	0.000000	-	-
1776311675.142382	CYorgf1QjuxEieekbb	-	-	8e:10:1f:69:80:b7	whmcs22994531	-	-	-	-	-	-	-	DISCOVER	0.000000	-	-
1776311669.393780	CYorgf1QjuxEieekbb	-	-	8e:10:1f:69:80:4e	appginivn	-	-	-	-	-	-	-	DISCOVER	0.000000	-	-
1776311669.971073	CYorgf1QjuxEieekbb	-	-	8e:10:1f:69:80:53	whmcs35046397	-	-	-	-	-	-	-	DISCOVER	0.000000	-	-
1776311672.864195	CYorgf1QjuxEieekbb	-	-	8e:10:1f:69:80:26	whmcs44107513	-	-	-	-	-	-	-	DISCOVER	0.000000	-	-
1776311675.387665	CYorgf1QjuxEieekbb	-	-	8e:10:1f:69:80:af	-	\x04wiki\x0ateknixcorp\x03com\x00	-	-	-	-	-	-	DISCOVER	0.000000	-	-
1776311677.914007	CYorgf1QjuxEieekbb	-	-	8e:10:1f:69:80:e7	whmcs28096886	-	-	-	-	-	-	-	DISCOVER	0.000000	-	-
1776311674.815721	CYorgf1QjuxEieekbb	-	-	8e:10:1f:69:80:0c	nocqtsc-vps	-	-	-	-	-	-	-	DISCOVER	0.000000	-	-
1776311673.496460	CYorgf1QjuxEieekbb	-	-	8e:10:1f:69:80:98	Voice-Gateway-01	-	-	-	-	-	-	-	DISCOVER	0.000000	-	-
1776311677.636812	CYorgf1QjuxEieekbb	-	-	8e:10:1f:69:80:6f	-	\x03git\x0ateknixcorp\x03com\x00	-	-	-	-	-	-	DISCOVER	0.000000	-	-
1776311674.147266	CYorgf1QjuxEieekbb	-	-	8e:10:1f:69:80:d1	THTAX-SD	-	-	-	-	-	-	-	DISCOVER	0.000000	-	-
1776311686.766103	CYorgf1QjuxEieekbb	-	-	8e:10:1f:69:80:aa	whmcs40257565	-	-	-	-	-	-	-	DISCOVER	0.000000	-	-
1776311679.897003	CYorgf1QjuxEieekbb	-	-	8e:10:1f:69:80:8d	whmcs43867470	-	-	-	-	-	-	-	DISCOVER	0.000000	-	-
1776311686.124666	CYorgf1QjuxEieekbb	-	-	8e:10:1f:69:80:5b	whmcs40256875	-	-	-	-	-	-	-	DISCOVER	0.000000	-	-
1776311683.659529	CYorgf1QjuxEieekbb	-	-	8e:10:1f:69:80:44	whmcs44637589	-	-	-	-	-	-	-	DISCOVER	0.000000	-	-
1776311683.098920	CYorgf1QjuxEieekbb	-	-	8e:10:1f:69:80:36	whmcs167244	-	-	-	-	-	-	-	DISCOVER	0.000000	-	-
1776311679.420563	CYorgf1QjuxEieekbb	-	-	8e:10:1f:69:80:df	ubuntu	-	-	-	-	-	-	-	DISCOVER	0.000000	-	-
1776311687.064205	CYorgf1QjuxEieekbb	-	-	8e:10:1f:69:80:06	whmcs39566799	-	-	-	-	-	-	-	DISCOVER	0.000000	-	-
1776311686.152642	CYorgf1QjuxEieekbb	-	-	8e:10:1f:69:80:d7	whmcs33587167	-	-	-	-	-	-	-	DISCOVER	0.000000	-	-
1776311683.560081	CYorgf1QjuxEieekbb	-	-	8e:10:1f:69:70:da	ns6.vnso.vn	-	-	-	-	-	-	-	DISCOVER,DISCOVER	9.506585	-	-
1776311688.642575	CYorgf1QjuxEieekbb	-	-	8e:10:1f:69:80:98	Voice-Gateway-01	-	-	-	-	-	-	-	DISCOVER	0.000000	-	-
1776311687.803937	CYorgf1QjuxEieekbb	-	-	8e:10:1f:69:80:01	whmcs40257536	-	-	-	-	-	-	-	DISCOVER	0.000000	-	-
1776311686.961880	CYorgf1QjuxEieekbb	-	-	8e:10:1f:69:80:f0	whmcs38467355	-	-	-	-	-	-	-	DISCOVER	0.000000	-	-
1776311682.831899	CYorgf1QjuxEieekbb	-	-	8e:10:1f:69:80:c6	whmcs40537445	-	-	-	-	-	-	-	DISCOVER	0.000000	-	-
1776311698.857485	CYorgf1QjuxEieekbb	-	-	8e:10:1f:69:80:34	whmcs44107515	-	-	-	-	-	-	-	DISCOVER	0.000000	-	-
1776311689.042365	CYorgf1QjuxEieekbb	-	-	8e:10:1f:69:80:4b	whmcs39797117	-	-	-	-	-	-	-	DISCOVER	0.000000	-	-
1776311690.522540	CYorgf1QjuxEieekbb	-	-	8e:10:1f:69:80:4c	whmcs42037223	-	-	-	-	-	-	-	DISCOVER	0.000000	-	-
1776311695.949954	CYorgf1QjuxEieekbb	-	-	8e:10:1f:69:80:66	whmcs40676947	-	-	-	-	-	-	-	DISCOVER	0.000000	-	-
1776311693.644830	CYorgf1QjuxEieekbb	-	-	8e:10:1f:69:80:0e	-	\x04mail\x0ayourdomain\x03com\x00	-	-	-	-	-	-	DISCOVER	0.000000	-	-
1776311696.899602	CYorgf1QjuxEieekbb	-	-	8e:10:1f:69:80:6b	whmcs17857421	-	-	-	-	-	-	-	DISCOVER	0.000000	-	-
1776311690.533825	CYorgf1QjuxEieekbb	-	-	8e:10:1f:69:80:a8	whmcs38346797	-	-	-	-	-	-	-	DISCOVER	0.000000	-	-
1776311693.862462	CYorgf1QjuxEieekbb	-	-	8e:10:1f:69:80:3a	whmcs44007497	-	-	-	-	-	-	-	DISCOVER	0.000000	-	-
1776311695.126591	CYorgf1QjuxEieekbb	-	-	8e:10:1f:69:80:9e	-	\x06miso88\x03com\x00	-	-	-	-	-	-	DISCOVER	0.000000	-	-
1776311692.703169	CYorgf1QjuxEieekbb	-	-	8e:10:1f:69:80:ee	whmcs22995971	-	-	-	-	-	-	-	DISCOVER	0.000000	-	-
1776311694.230600	CYorgf1QjuxEieekbb	-	-	8e:10:1f:69:80:b9	whmcs35432	-	-	-	-	-	-	-	DISCOVER	0.000000	-	-
1776311693.309295	CYorgf1QjuxEieekbb	-	-	8e:10:1f:69:80:88	whmcs42467409	-	-	-	-	-	-	-	DISCOVER	0.000000	-	-
1776311705.184810	CYorgf1QjuxEieekbb	-	-	8e:10:1f:69:80:54	whmcs42467323	-	-	-	-	-	-	-	DISCOVER	0.000000	-	-
1776311708.212162	CYorgf1QjuxEieekbb	-	-	8e:10:1f:69:80:52	whmcs30985006	-	-	-	-	-	-	-	DISCOVER	0.000000	-	-
1776311699.950243	CYorgf1QjuxEieekbb	-	-	8e:10:1f:69:80:8e	whmcs39656794	-	-	-	-	-	-	-	DISCOVER	0.000000	-	-
1776311708.673471	CYorgf1QjuxEieekbb	-	-	8e:10:1f:69:80:31	whmcs38467357	-	-	-	-	-	-	-	DISCOVER	0.000000	-	-
1776311700.913599	CYorgf1QjuxEieekbb	-	-	8e:10:1f:69:80:70	whmcs35849	-	-	-	-	-	-	-	DISCOVER	0.000000	-	-
1776311707.714385	CYorgf1QjuxEieekbb	-	-	8e:10:1f:69:80:c2	whmcs167551	-	-	-	-	-	-	-	DISCOVER	0.000000	-	-
1776311704.530668	CYorgf1QjuxEieekbb	-	-	8e:10:1f:69:80:69	whmcs36097603	-	-	-	-	-	-	-	DISCOVER	0.000000	-	-
1776311701.069654	CYorgf1QjuxEieekbb	-	-	8e:10:1f:69:80:80	whmcs38347220	-	-	-	-	-	-	-	DISCOVER	0.000000	-	-
1776311702.406329	CYorgf1QjuxEieekbb	-	-	8e:10:1f:69:80:dd	whmcs30547169	-	-	-	-	-	-	-	DISCOVER	0.000000	-	-
1776311699.437678	CYorgf1QjuxEieekbb	-	-	8e:10:1f:69:80:98	Voice-Gateway-01	-	-	-	-	-	-	-	DISCOVER	0.000000	-	-
1776311708.527503	CYorgf1QjuxEieekbb	-	-	8e:10:1f:69:70:da	ns6.vnso.vn	-	-	-	-	-	-	-	DISCOVER	0.000000	-	-
1776311703.044555	CYorgf1QjuxEieekbb	-	-	8e:10:1f:69:80:bc	whmcs33376906	-	-	-	-	-	-	-	DISCOVER	0.000000	-	-
1776311703.936688	CYorgf1QjuxEieekbb	-	-	8e:10:1f:69:80:f4	whmcs33586910	-	-	-	-	-	-	-	DISCOVER	0.000000	-	-
1776311705.625159	CYorgf1QjuxEieekbb	-	-	8e:10:1f:69:80:76	whmcs28096887	-	-	-	-	-	-	-	DISCOVER	0.000000	-	-
1776311709.207002	CYorgf1QjuxEieekbb	-	-	8e:10:1f:69:80:d0	whmcs35047158	-	-	-	-	-	-	-	DISCOVER	0.000000	-	-
1776311709.736210	CYorgf1QjuxEieekbb	-	-	8e:10:1f:69:80:1c	whmcs43867538	-	-	-	-	-	-	-	DISCOVER	0.000000	-	-
1776311711.974962	CYorgf1QjuxEieekbb	-	-	8e:10:1f:69:80:18	-	\x04mail\x06miso88\x02in\x00	-	-	-	-	-	-	DISCOVER	0.000000	-	-
1776311711.797867	CYorgf1QjuxEieekbb	-	-	8e:10:1f:69:80:81	ubuntu	-	-	-	-	-	-	-	DISCOVER	0.000000	-	-
1776311717.181443	CYorgf1QjuxEieekbb	-	-	8e:10:1f:69:80:a0	-	\x07project\x0ateknixcorp\x03com\x00	-	-	-	-	-	-	DISCOVER	0.000000	-	-
1776311715.625781	CYorgf1QjuxEieekbb	-	-	8e:10:1f:69:80:a4	whmcs39856890	-	-	-	-	-	-	-	DISCOVER	0.000000	-	-
1776311717.395854	CYorgf1QjuxEieekbb	-	-	8e:10:1f:69:80:c5	whmcs38466921	-	-	-	-	-	-	-	DISCOVER	0.000000	-	-
1776311710.485750	CYorgf1QjuxEieekbb	-	-	8e:10:1f:69:80:b4	whmcs38346614	-	-	-	-	-	-	-	DISCOVER	0.000000	-	-
1776311713.737535	CYorgf1QjuxEieekbb	-	-	8e:10:1f:69:80:e5	whmcs33466917	-	-	-	-	-	-	-	DISCOVER	0.000000	-	-
1776311712.163970	CYorgf1QjuxEieekbb	-	-	8e:10:1f:69:80:5f	whmcs43727450	-	-	-	-	-	-	-	DISCOVER	0.000000	-	-
1776311712.725746	CYorgf1QjuxEieekbb	-	-	8e:10:1f:69:80:83	whmcs45047608	-	-	-	-	-	-	-	DISCOVER	0.000000	-	-
1776311713.702422	CYorgf1QjuxEieekbb	-	-	8e:10:1f:69:80:09	whmcs15397050	-	-	-	-	-	-	-	DISCOVER	0.000000	-	-
1776311710.976184	CYorgf1QjuxEieekbb	-	-	8e:10:1f:69:80:68	whmcs17857335	-	-	-	-	-	-	-	DISCOVER	0.000000	-	-
1776311712.317633	CYorgf1QjuxEieekbb	-	-	8e:10:1f:69:80:a5	whmcs44107514	-	-	-	-	-	-	-	DISCOVER	0.000000	-	-
1776311717.377287	CYorgf1QjuxEieekbb	-	-	8e:10:1f:69:80:38	whmcs33376861	-	-	-	-	-	-	-	DISCOVER	0.000000	-	-
1776311718.761939	CYorgf1QjuxEieekbb	-	-	8e:10:1f:69:80:51	whmcs38346804	-	-	-	-	-	-	-	DISCOVER	0.000000	-	-
1776311713.453632	CYorgf1QjuxEieekbb	-	-	8e:10:1f:69:80:12	whmcs45037605	-	-	-	-	-	-	-	DISCOVER	0.000000	-	-
1776311713.951734	CYorgf1QjuxEieekbb	-	-	8e:10:1f:69:80:4f	whmcs42467292	-	-	-	-	-	-	-	DISCOVER	0.000000	-	-
1776311717.767985	CYorgf1QjuxEieekbb	-	-	8e:10:1f:69:80:14	whmcs38467356	-	-	-	-	-	-	-	DISCOVER	0.000000	-	-
